#
# A fatal error has been detected by the Java Runtime Environment:
#
#  SIGSEGV (0xb) at pc=0x0000768a5843a799, pid=68607, tid=68609
#
# JRE version: OpenJDK Runtime Environment JBR-21.0.7+9-895.130-jcef (21.0.7+9) (build 21.0.7+9-b895.130)
# Java VM: OpenJDK 64-Bit Server VM JBR-21.0.7+9-895.130-jcef (21.0.7+9-b895.130, mixed mode, sharing, tiered, compressed oops, compressed class ptrs, g1 gc, linux-amd64)
# Problematic frame:
# C  [libjniopenblas_nolapack.so+0x3a799]  Java_org_bytedeco_javacpp_BytePointer_put__JB+0x49
#
# Core dump will be written. Default location: Core dumps may be processed with "/usr/lib/systemd/systemd-coredump %P %u %g %s %t %c %h" (or dumping to /home/aleksei/Documents/spbu_study/pconv/core.68607)
#
# If you would like to submit a bug report, please visit:
#   https://youtrack.jetbrains.com/issues/JBR
# The crash happened outside the Java Virtual Machine in native code.
# See problematic frame for where to report the bug.
#

---------------  S U M M A R Y ------------

Command Line: -Dfile.encoding=UTF-8 -Duser.country=GB -Duser.language=en -Duser.variant -Dawt.toolkit.name=XToolkit core.App

Host: 12th Gen Intel(R) Core(TM) i7-12650H, 16 cores, 15G, Manjaro Linux
Time: Thu Jun 12 19:34:39 2025 MSK elapsed time: 12.422728 seconds (0d 0h 0m 12s)

---------------  T H R E A D  ---------------

Current thread (0x0000768a8002cf30):  JavaThread "main"             [_thread_in_native, id=68609, stack(0x0000768a88100000,0x0000768a88200000) (1024K)]

Stack: [0x0000768a88100000,0x0000768a88200000],  sp=0x0000768a881fe800,  free space=1018k
Native frames: (J=compiled Java code, j=interpreted, Vv=VM code, C=native code)
C  [libjniopenblas_nolapack.so+0x3a799]  Java_org_bytedeco_javacpp_BytePointer_put__JB+0x49
Java frames: (J=compiled Java code, j=interpreted, Vv=VM code)
J 1159  org.bytedeco.javacpp.BytePointer.put(JB)Lorg/bytedeco/javacpp/BytePointer; (0 bytes) @ 0x0000768a74a49670 [0x0000768a74a49620+0x0000000000000050]
J 1168% c2 core.convoulter.Convoluter.MakeConvolution(Lcore/convoulter/Filter;)V (220 bytes) @ 0x0000768a74a4b570 [0x0000768a74a4b1e0+0x0000000000000390]
j  core.convoulter.Convoluter.convolution(Lcore/console/FilterType;)V+44
j  core.App.main([Ljava/lang/String;)V+134
v  ~StubRoutines::call_stub 0x0000768a7425fcc6

siginfo: si_signo: 11 (SIGSEGV), si_code: 2 (SEGV_ACCERR), si_addr: 0x00007688c1600040

Registers:
RAX=0x0000768a881fe830, RBX=0x0000768a881fe830, RCX=0x000000000000001a, RDX=0x0000000000000062
RSP=0x0000768a881fe800, RBP=0x0000768a8002d2e8, RSI=0x0000768a881fe830, RDI=0x0000768a8002d2e8
R8 =0x0000000000000002, R9 =0x00000007149bd788, R10=0x0000000000000018, R11=0x000000000000002c
R12=0x00007688c1600040, R13=0x0000000000000000, R14=0x000000000000001a, R15=0x0000768a8002cf30
RIP=0x0000768a5843a799, EFLAGS=0x0000000000010202, CSGSFS=0x002b000000000033, ERR=0x0000000000000007
  TRAPNO=0x000000000000000e

XMM[0]=0x0000000000000000 0x403a4ec4ec4ec4ed
XMM[1]=0x0000000000000000 0x403a4ec4ec4ec4ed
XMM[2]=0x0000000000000000 0xc060000000000000
XMM[3]=0x0000000000000000 0x0000000000000000
XMM[4]=0x0000000000000000 0xc060000000000000
XMM[5]=0x0000000000000000 0x4059000000000000
XMM[6]=0x0000000000000000 0x81c7000004288f8b
XMM[7]=0x0000000000000000 0xc74914d11ae2e800
XMM[8]=0x0000000000000000 0xc4f640ff8b490000
XMM[9]=0x0000000000000000 0xffcab418f71fcc4a
XMM[10]=0x0000000000000000 0x00000000f7551832
XMM[11]=0x0000000000000000 0x25ba22dc1cd9ef26
XMM[12]=0x0000000000000000 0x00000000f71fcc4a
XMM[13]=0x0000000000000000 0xbfe69edfc686963b
XMM[14]=0x0000000000000000 0x400921fb54442d18
XMM[15]=0x0000000000000000 0x0000000000000000
  MXCSR=0x00001fa2


Register to memory mapping:

RAX=0x0000768a881fe830 is pointing into the stack for thread: 0x0000768a8002cf30
RBX=0x0000768a881fe830 is pointing into the stack for thread: 0x0000768a8002cf30
RCX=0x000000000000001a is an unknown value
RDX=0x0000000000000062 is an unknown value
RSP=0x0000768a881fe800 is pointing into the stack for thread: 0x0000768a8002cf30
RBP=0x0000768a8002d2e8 points into unknown readable memory: 0x0000768a896d3040 | 40 30 6d 89 8a 76 00 00
RSI=0x0000768a881fe830 is pointing into the stack for thread: 0x0000768a8002cf30
RDI=0x0000768a8002d2e8 points into unknown readable memory: 0x0000768a896d3040 | 40 30 6d 89 8a 76 00 00
R8 =0x0000000000000002 is an unknown value
R9 =0x00000007149bd788 is an oop: org.bytedeco.javacpp.BytePointer 
{0x00000007149bd788} - klass: 'org/bytedeco/javacpp/BytePointer'
 - ---- fields (total size 6 words):
 - private 'deallocator' 'Lorg/bytedeco/javacpp/Pointer$Deallocator;' @12  null (0x00000000)
 - protected 'address' 'J' @16  130329731924032 (0x00007688c1600040)
 - protected 'position' 'J' @24  0 (0x0000000000000000)
 - protected 'limit' 'J' @32  0 (0x0000000000000000)
 - protected 'capacity' 'J' @40  0 (0x0000000000000000)
R10=0x0000000000000018 is an unknown value
R11=0x000000000000002c is an unknown value
R12=0x00007688c1600040: <offset 0x0000000000000040> in /home/aleksei/.javacpp/cache/opencv-4.5.1-1.5.5-linux-x86_64.jar/org/bytedeco/opencv/linux-x86_64/libjniopencv_imgcodecs.so at 0x00007688c1600000
R13=0x0 is null
R14=0x000000000000001a is an unknown value
R15=0x0000768a8002cf30 is a thread

Top of Stack: (sp=0x0000768a881fe800)
0x0000768a881fe800:   000000000000059f 0000768a881fe870
0x0000768a881fe810:   0000000000000000 0000000000000005
0x0000768a881fe820:   0000768a071a6528 0000768a74a496e3
0x0000768a881fe830:   00000007149bd788 00000007149bd288
0x0000768a881fe840:   000000070c1d64d0 0000768a881fe880
0x0000768a881fe850:   00000000e240a3c9 0000768a000005a0
0x0000768a881fe860:   00000007149bd270 0000000000000003
0x0000768a881fe870:   0000000000000002 0000768a74a4b570
0x0000768a881fe880:   000000070c002040 0000000500000005
0x0000768a881fe890:   000000070c002068 0000000000000000
0x0000768a881fe8a0:   3fb3b13b13b13b14 0000059f00000780
0x0000768a881fe8b0:   00000002000005a0 0000000000000002
0x0000768a881fe8c0:   4075600000000000 0000000200000002
0x0000768a881fe8d0:   deaddeaf00000000 0000000717e017b0
0x0000768a881fe8e0:   0000768a881fe950 0000768a74267180
0x0000768a881fe8f0:   0000000000000000 0000000717e016a0
0x0000768a881fe900:   0000000717e016a0 0000768a881fe908
0x0000768a881fe910:   0000768a074033dc 0000000000000003
0x0000768a881fe920:   0000768a074034a8 0000000000000000
0x0000768a881fe930:   000000070c002080 0000768a07403418
0x0000768a881fe940:   0000768a881fe8f8 0000768a881fe960
0x0000768a881fe950:   0000768a881fe9b8 0000768a74267180
0x0000768a881fe960:   000000070c2f07b0 000000070c002068
0x0000768a881fe970:   0000768a881fe970 0000768a074007be
0x0000768a881fe980:   0000000000000006 0000768a07400980
0x0000768a881fe990:   0000000000000000 000000070c0020f0
0x0000768a881fe9a0:   0000768a07400878 0000768a881fe960
0x0000768a881fe9b0:   0000768a881fe9e8 0000768a881fea50
0x0000768a881fe9c0:   0000768a7425fcc6 000000070c2f08b0
0x0000768a881fe9d0:   000000070c2f0820 000000070c2f07e8
0x0000768a881fe9e0:   000000070c2f07c8 000000070c002168
0x0000768a881fe9f0:   0000768a00001fa2 0000768a881feb70 

Instructions: (pc=0x0000768a5843a799)
0x0000768a5843a699:   48 8b 03 48 8b 15 5d 03 21 00 4c 89 ee 48 89 df
0x0000768a5843a6a9:   ff 90 28 03 00 00 4c 01 e0 4d 85 ff 48 89 44 24
0x0000768a5843a6b9:   08 74 54 48 8b 03 31 d2 4c 89 fe 48 89 df ff 90
0x0000768a5843a6c9:   f0 06 00 00 48 8b 7c 24 08 48 8d 34 28 4c 89 f2
0x0000768a5843a6d9:   49 89 c4 e8 df 76 fd ff 48 8b 03 31 c9 4c 89 e2
0x0000768a5843a6e9:   4c 89 fe 48 89 df ff 90 f8 06 00 00 48 83 c4 18
0x0000768a5843a6f9:   4c 89 e8 5b 5d 41 5c 41 5d 41 5e 41 5f c3 66 0f
0x0000768a5843a709:   1f 84 00 00 00 00 00 48 89 c7 4c 89 f2 48 89 ee
0x0000768a5843a719:   e8 a2 76 fd ff eb d5 be 14 00 00 00 48 89 df 45
0x0000768a5843a729:   31 ed e8 00 d1 ff ff 48 8b 0b 48 8d 15 c1 25 00
0x0000768a5843a739:   00 48 89 c6 48 89 df ff 51 70 eb b0 90 66 2e 0f
0x0000768a5843a749:   1f 84 00 00 00 00 00 41 56 41 55 41 89 ce 41 54
0x0000768a5843a759:   55 49 89 d5 53 48 8b 07 48 89 fd 48 89 f3 48 8b
0x0000768a5843a769:   15 9a 02 21 00 ff 90 28 03 00 00 48 85 c0 74 2d
0x0000768a5843a779:   49 89 c4 48 8b 45 00 48 8b 15 79 02 21 00 48 89
0x0000768a5843a789:   de 48 89 ef ff 90 28 03 00 00 49 01 c4 48 89 d8
0x0000768a5843a799:   47 88 34 2c 5b 5d 41 5c 41 5d 41 5e c3 be 14 00
0x0000768a5843a7a9:   00 00 48 89 ef e8 7d d0 ff ff 48 8b 4d 00 48 8d
0x0000768a5843a7b9:   15 3d 25 00 00 48 89 c6 48 89 ef ff 51 70 31 c0
0x0000768a5843a7c9:   eb d2 0f 1f 44 00 00 41 55 41 54 49 89 d5 55 53
0x0000768a5843a7d9:   49 89 f4 48 89 fb 48 83 ec 08 48 8b 07 48 8b 15
0x0000768a5843a7e9:   1b 02 21 00 ff 90 28 03 00 00 48 85 c0 74 30 48
0x0000768a5843a7f9:   89 c5 48 8b 03 48 8b 15 fb 01 21 00 4c 89 e6 48
0x0000768a5843a809:   89 df ff 90 28 03 00 00 48 01 c5 42 0f b7 44 2d
0x0000768a5843a819:   00 48 83 c4 08 5b 5d 41 5c 41 5d c3 0f 1f 00 be
0x0000768a5843a829:   14 00 00 00 48 89 df e8 fb cf ff ff 48 8b 0b 48
0x0000768a5843a839:   8d 15 bc 24 00 00 48 89 c6 48 89 df ff 51 70 31
0x0000768a5843a849:   c0 eb ce 0f 1f 40 00 41 56 41 55 41 89 ce 41 54
0x0000768a5843a859:   55 49 89 d5 53 48 8b 07 48 89 fd 48 89 f3 48 8b
0x0000768a5843a869:   15 9a 01 21 00 ff 90 28 03 00 00 48 85 c0 74 2e
0x0000768a5843a879:   49 89 c4 48 8b 45 00 48 8b 15 79 01 21 00 48 89
0x0000768a5843a889:   de 48 89 ef ff 90 28 03 00 00 49 01 c4 48 89 d8 


Stack slot to memory mapping:

stack at sp + 0 slots: 0x000000000000059f is an unknown value
stack at sp + 1 slots: 0x0000768a881fe870 is pointing into the stack for thread: 0x0000768a8002cf30
stack at sp + 2 slots: 0x0 is null
stack at sp + 3 slots: 0x0000000000000005 is an unknown value
stack at sp + 4 slots: 0x0000768a071a6528 is pointing into metadata
stack at sp + 5 slots: 0x0000768a74a496e3 is at entry_point+195 in (nmethod*)0x0000768a74a49490
Compiled method (n/a) 12425 1159     n 0       org.bytedeco.javacpp.BytePointer::put (native)
 total in heap  [0x0000768a74a49490,0x0000768a74a499f0] = 1376
 relocation     [0x0000768a74a495e8,0x0000768a74a49620] = 56
 main code      [0x0000768a74a49620,0x0000768a74a499e5] = 965
 stub code      [0x0000768a74a499e5,0x0000768a74a499e8] = 3
 oops           [0x0000768a74a499e8,0x0000768a74a499f0] = 8
stack at sp + 6 slots: 0x00000007149bd788 is an oop: org.bytedeco.javacpp.BytePointer 
{0x00000007149bd788} - klass: 'org/bytedeco/javacpp/BytePointer'
 - ---- fields (total size 6 words):
 - private 'deallocator' 'Lorg/bytedeco/javacpp/Pointer$Deallocator;' @12  null (0x00000000)
 - protected 'address' 'J' @16  130329731924032 (0x00007688c1600040)
 - protected 'position' 'J' @24  0 (0x0000000000000000)
 - protected 'limit' 'J' @32  0 (0x0000000000000000)
 - protected 'capacity' 'J' @40  0 (0x0000000000000000)
stack at sp + 7 slots: 0x00000007149bd288 is an oop: java.lang.String 
{0x00000007149bd288} - klass: 'java/lang/String'
 - string: "1440"
 - ---- fields (total size 3 words):
 - private 'hash' 'I' @12  0 (0x00000000)
 - private final 'coder' 'B' @16  0 (0x00)
 - private 'hashIsZero' 'Z' @17  false (0x00)
 - injected 'flags' 'B' @18  0 (0x00)
 - private final 'value' '[B' @20  [B{0x00000007149bd270} (0xe2937a4e)


Compiled method (n/a) 12426 1159     n 0       org.bytedeco.javacpp.BytePointer::put (native)
 total in heap  [0x0000768a74a49490,0x0000768a74a499f0] = 1376
 relocation     [0x0000768a74a495e8,0x0000768a74a49620] = 56
 main code      [0x0000768a74a49620,0x0000768a74a499e5] = 965
 stub code      [0x0000768a74a499e5,0x0000768a74a499e8] = 3
 oops           [0x0000768a74a499e8,0x0000768a74a499f0] = 8

[Constant Pool (empty)]

[MachCode]
[Entry Point]
  # {method} {0x0000768a07440fe8} 'put' '(JB)Lorg/bytedeco/javacpp/BytePointer;' in 'org/bytedeco/javacpp/BytePointer'
  # this:     rsi:rsi   = 'org/bytedeco/javacpp/BytePointer'
  # parm0:    rdx:rdx   = long
  # parm1:    rcx       = byte
  #           [sp+0x50]  (sp of caller)
  0x0000768a74a49620: 448b 5608 | 49bb 0000 | 000b 8a76 | 0000 4d03 | d349 3bc2 | 0f84 0600 

  0x0000768a74a49638: ;   {runtime_call ic_miss_stub}
  0x0000768a74a49638: 0000 e941 | 3a86 ff90 
[Verified Entry Point]
  0x0000768a74a49640: 8984 2400 | c0fe ff55 | 488b ec48 | 83ec 4090 | 4181 7f20 | 0100 0000 

  0x0000768a74a49658: ;   {runtime_call StubRoutines (final stubs)}
  0x0000768a74a49658: 7405 e841 | 9e84 ff48 | 8934 2448 | 83fe 0048 | 8d34 2448 | 0f44 3424 

  0x0000768a74a49670: ;   {internal_word}
  0x0000768a74a49670: c5f8 7749 | ba70 96a4 | 748a 7600 | 004d 8997 | a003 0000 | 4989 a798 

  0x0000768a74a49688: ;   {external_word}
  0x0000768a74a49688: 0300 0080 | 3da3 89cc | 1400 0f84 | 3400 0000 

  0x0000768a74a49698: ;   {metadata({method} {0x0000768a07440fe8} 'put' '(JB)Lorg/bytedeco/javacpp/BytePointer;' in 'org/bytedeco/javacpp/BytePointer')}
  0x0000768a74a49698: 5652 5148 | bee8 0f44 | 078a 7600 | 0049 8bff | 40f6 c40f | 0f84 1200 | 0000 4883 

  0x0000768a74a496b4: ;   {runtime_call SharedRuntime::dtrace_method_entry(JavaThread*, Method*)}
  0x0000768a74a496b4: ec08 e815 | 6257 1448 | 83c4 08e9 | 0500 0000 

  0x0000768a74a496c4: ;   {runtime_call SharedRuntime::dtrace_method_entry(JavaThread*, Method*)}
  0x0000768a74a496c4: e807 6257 | 1459 5a5e | 498d bfb8 | 0300 0041 | c787 4404 | 0000 0400 

  0x0000768a74a496dc: ;   {runtime_call Java_org_bytedeco_javacpp_BytePointer_put__JB}
  0x0000768a74a496dc: 0000 e86d | 109f e3c5 | f877 41c7 | 8744 0400 | 0005 0000 | 00f0 8344 | 24c0 0049 | 3baf 4804 
  0x0000768a74a496fc: 0000 0f87 | 0e00 0000 | 4183 bf40 | 0400 0000 | 0f84 2400 | 0000 c5f8 | 7748 8945 | f849 8bff 
  0x0000768a74a4971c: 4c8b e448 | 83ec 0048 

  0x0000768a74a49724: ;   {runtime_call JavaThread::check_special_condition_for_native_trans(JavaThread*)}
  0x0000768a74a49724: 83e4 f0e8 | 0460 0e14 | 498b e44d | 33e4 488b | 45f8 41c7 | 8744 0400 | 0008 0000 | 0041 83bf 
  0x0000768a74a49744: c004 0000 | 020f 8470 

  0x0000768a74a4974c: ;   {external_word}
  0x0000768a74a4974c: 0200 0080 | 3ddf 88cc | 1400 0f84 | 3600 0000 | 4889 45f8 

  0x0000768a74a49760: ;   {metadata({method} {0x0000768a07440fe8} 'put' '(JB)Lorg/bytedeco/javacpp/BytePointer;' in 'org/bytedeco/javacpp/BytePointer')}
  0x0000768a74a49760: 48be e80f | 4407 8a76 | 0000 498b | ff40 f6c4 | 0f0f 8412 | 0000 0048 

  0x0000768a74a49778: ;   {runtime_call SharedRuntime::dtrace_method_exit(JavaThread*, Method*)}
  0x0000768a74a49778: 83ec 08e8 | 6061 5714 | 4883 c408 | e905 0000 

  0x0000768a74a49788: ;   {runtime_call SharedRuntime::dtrace_method_exit(JavaThread*, Method*)}
  0x0000768a74a49788: 00e8 5261 | 5714 488b | 45f8 49c7 | 8798 0300 | 0000 0000 | 0049 c787 | a003 0000 | 0000 0000 
  0x0000768a74a497a8: c5f8 7748 | 85c0 0f84 | e801 0000 | a803 0f85 | 0800 0000 | 488b 00e9 | d801 0000 | a801 0f85 
  0x0000768a74a497c8: 0900 0000 | 488b 40fe | e9c7 0100 | 0048 8b40 | ff41 807f | 4000 0f84 | b801 0000 | 4883 f800 
  0x0000768a74a497e8: 0f84 ae01 | 0000 498b | 4f28 4883 | f900 0f84 | 1400 0000 | 4883 e908 | 4989 4f28 | 4903 4f38 
  0x0000768a74a49808: 4889 01e9 | 8c01 0000 | 4881 ecd0 | 0000 0048 | 8904 2448 | 894c 2408 | 4889 5424 | 1048 8974 
  0x0000768a74a49828: 2418 4889 | 7c24 204c | 8944 2428 | 4c89 4c24 | 304c 8954 | 2438 4c89 | 5c24 40c5 | fb11 4424 
  0x0000768a74a49848: 50c5 fb11 | 4c24 58c5 | fb11 5424 | 60c5 fb11 | 5c24 68c5 | fb11 6424 | 70c5 fb11 | 6c24 78c5 
  0x0000768a74a49868: fb11 b424 | 8000 0000 | c5fb 11bc | 2488 0000 | 00c5 7b11 | 8424 9000 | 0000 c57b | 118c 2498 
  0x0000768a74a49888: ;   {no_reloc}
  0x0000768a74a49888: 0000 00c5 | 7b11 9424 | a000 0000 | c57b 119c | 24a8 0000 | 00c5 7b11 | a424 b000 | 0000 c57b 
  0x0000768a74a498a8: 11ac 24b8 | 0000 00c5 | 7b11 b424 | c000 0000 | c57b 11bc | 24c8 0000 | 0049 8bf7 | 488b f840 
  0x0000768a74a498c8: f6c4 0f0f | 8412 0000 | 0048 83ec 

  0x0000768a74a498d4: ;   {runtime_call G1BarrierSetRuntime::write_ref_field_pre_entry(oopDesc*, JavaThread*)}
  0x0000768a74a498d4: 08e8 6688 | f713 4883 | c408 e905 

  0x0000768a74a498e0: ;   {runtime_call G1BarrierSetRuntime::write_ref_field_pre_entry(oopDesc*, JavaThread*)}
  0x0000768a74a498e0: 0000 00e8 | 5888 f713 | c57b 10bc | 24c8 0000 | 00c5 7b10 | b424 c000 | 0000 c57b | 10ac 24b8 
  0x0000768a74a49900: 0000 00c5 | 7b10 a424 | b000 0000 | c57b 109c | 24a8 0000 | 00c5 7b10 | 9424 a000 | 0000 c57b 
  0x0000768a74a49920: 108c 2498 | 0000 00c5 | 7b10 8424 | 9000 0000 | c5fb 10bc | 2488 0000 | 00c5 fb10 | b424 8000 
  0x0000768a74a49940: 0000 c5fb | 106c 2478 | c5fb 1064 | 2470 c5fb | 105c 2468 | c5fb 1054 | 2460 c5fb | 104c 2458 
  0x0000768a74a49960: c5fb 1044 | 2450 4c8b | 5c24 404c | 8b54 2438 | 4c8b 4c24 | 304c 8b44 | 2428 488b | 7c24 2048 
  0x0000768a74a49980: 8b74 2418 | 488b 5424 | 1048 8b4c | 2408 488b | 0424 4881 | c4d0 0000 | 00c5 f877 | 498b 8f28 
  0x0000768a74a499a0: 0400 00c7 | 8100 0100 | 0000 0000 | 00c9 4983 | 7f08 000f | 8501 0000 

  0x0000768a74a499b8: ;   {runtime_call StubRoutines (initial stubs)}
  0x0000768a74a499b8: 00c3 e941 | 6281 ffc5 | f877 4889 | 45f8 4c8b | e448 83ec | 0048 83e4 

  0x0000768a74a499d0: ;   {runtime_call SharedRuntime::reguard_yellow_pages()}
  0x0000768a74a499d0: f0e8 da6d | 5714 498b | e44d 33e4 | 488b 45f8 | e96a fdff | fff4 f4f4 
[/MachCode]


Compiled method (c2) 12435 1168 %     4       core.convoulter.Convoluter::MakeConvolution @ 89 (220 bytes)
 total in heap  [0x0000768a74a4af90,0x0000768a74a4bf00] = 3952
 relocation     [0x0000768a74a4b0e8,0x0000768a74a4b1a8] = 192
 constants      [0x0000768a74a4b1c0,0x0000768a74a4b1e0] = 32
 main code      [0x0000768a74a4b1e0,0x0000768a74a4b878] = 1688
 stub code      [0x0000768a74a4b878,0x0000768a74a4b8e8] = 112
 oops           [0x0000768a74a4b8e8,0x0000768a74a4b8f0] = 8
 metadata       [0x0000768a74a4b8f0,0x0000768a74a4b958] = 104
 scopes data    [0x0000768a74a4b958,0x0000768a74a4bc98] = 832
 scopes pcs     [0x0000768a74a4bc98,0x0000768a74a4be28] = 400
 dependencies   [0x0000768a74a4be28,0x0000768a74a4be50] = 40
 handler table  [0x0000768a74a4be50,0x0000768a74a4bee0] = 144
 nul chk table  [0x0000768a74a4bee0,0x0000768a74a4bf00] = 32


[Constant Pool]
             Address          hex4                    hex8      
  0x0000768a74a4b1c0:   0x00000000      0x405fc00000000000      
  0x0000768a74a4b1c4:   0x405fc000                              
  0x0000768a74a4b1c8:   0x00000000      0xc060000000000000      
  0x0000768a74a4b1cc:   0xc0600000                              
  0x0000768a74a4b1d0:   0xf4f4f4f4      0xf4f4f4f4f4f4f4f4      
  0x0000768a74a4b1d4:   0xf4f4f4f4                              
  0x0000768a74a4b1d8:   0xf4f4f4f4      0xf4f4f4f4f4f4f4f4      
  0x0000768a74a4b1dc:   0xf4f4f4f4                              

[MachCode]
[Verified Entry Point]
  # {method} {0x0000768a07401f10} 'MakeConvolution' '(Lcore/convoulter/Filter;)V' in 'core/convoulter/Convoluter'
  0x0000768a74a4b1e0: ;   {no_reloc}
  0x0000768a74a4b1e0: e87b 4b4c | 1466 6666 | 0f1f 8400 | 0000 0000 | 8984 2400 | c0fe ff55 | 4883 ec60 | 4181 7f20 
  0x0000768a74a4b200: 0100 0000 | 0f85 6306 | 0000 488b | 9e90 0000 | 0048 8b6e | 7044 8b6e | 1044 8b96 | 8000 0000 
  0x0000768a74a4b220: 4489 5424 | 0844 8b5e | 7844 895c | 240c c5fb | 1046 60c5 | fb11 4424 | 18c5 fb10 | 4650 c5fb 
  0x0000768a74a4b240: 1144 2420 | 448b 5648 | 4489 5424 | 2844 8b5e | 4044 895c | 242c 448b | 5638 4489 | 5424 3044 
  0x0000768a74a4b260: 8b5e 3044 | 895c 2434 | c5fb 1046 | 20c5 fb11 | 0424 448b | 5618 4489 | 5424 3848 | 8bfe 49ba 
  0x0000768a74a4b280: e022 fc88 | 8a76 0000 

  0x0000768a74a4b288: ;   {other}
  0x0000768a74a4b288: 41ff d20f | 1f84 0000 | 0000 0048 | 85db 0f84 | 7804 0000 | 448b 5308 

  0x0000768a74a4b2a0: ;   {metadata('core/convoulter/Convoluter')}
  0x0000768a74a4b2a0: 4181 fa70 | 0c00 010f | 8581 0400 | 004c 8bcb | 4c8b dd48 | 85ed 0f84 | 6004 0000 | 448b 4508 
  0x0000768a74a4b2c0: ;   {metadata({type array int}[])}
  0x0000768a74a4b2c0: 4181 f8c8 | 2a00 000f | 8564 0400 | 008b 6c24 | 0cc1 ed1f | 036c 240c | 448b 4424 | 0841 c1e8 
  0x0000768a74a4b2e0: 1f44 0344 | 2408 d1fd | 41d1 f8eb | 5b4d 8b9f | 5004 0000 | 458d 6901 | 49c1 e203 | 430f af44 
  0x0000768a74a4b300: 8a10 c5fb | 2ac0 c5fb 

  0x0000768a74a4b308: ; ImmutableOopMap {[16]=Oop [64]=Oop }
                      ;*goto {reexecute=1 rethrow=0 return_oop=0}
                      ; - (reexecute) core.convoulter.Convoluter::MakeConvolution@161 (line 46)
                      ;   {poll}
  0x0000768a74a4b308: 5804 2441 | 8503 4c8b | 5c24 108b | 4c24 088b | 5c24 2c8b | 5424 3444 | 8b54 2438 | 4c8b 4c24 
  0x0000768a74a4b328: 408b 6c24 | 4844 8b44 | 244c c5fb | 1104 2489 | 4c24 0889 | 5c24 2c89 | 5424 3444 | 8954 2438 
  0x0000768a74a4b348: 443b 6c24 | 0c0f 8d11 | 0100 0044 | 8944 244c | 896c 2448 | 4c89 4c24 | 4044 896c | 243c 4c89 
  0x0000768a74a4b368: 5c24 108b | 4424 302b | c541 03c5 | 0344 2428 | 448b 5424 | 2845 85d2 | 0f84 d002 | 0000 448b 
  0x0000768a74a4b388: 5c24 3445 | 2bd8 4403 | 5c24 3844 | 035c 242c | 448b 4424 | 2c45 85c0 | 0f84 c602 | 0000 458b 
  0x0000768a74a4b3a8: 510c 448b | 4c24 283d | 0000 0080 | 7508 33d2 | 4183 f9ff | 7404 9941 | f7f9 8bca | 418b c33d 
  0x0000768a74a4b3c8: 0000 0080 | 7508 33d2 | 4183 f8ff | 7404 9941 | f7f8 4585 | d20f 84a1 | 0200 004b 

  0x0000768a74a4b3e4: ;   {optimized virtual_call}
  0x0000768a74a4b3e4: 8d34 d4e8 

  0x0000768a74a4b3e8: ; ImmutableOopMap {[16]=Oop [64]=Oop }
                      ;*invokevirtual ptr {reexecute=0 rethrow=0 return_oop=1}
                      ; - core.convoulter.Convoluter::MakeConvolution@139 (line 49)
  0x0000768a74a4b3e8: 54d9 ffff 

  0x0000768a74a4b3ec: ;   {other}
  0x0000768a74a4b3ec: 0f1f 8400 | 5c04 0001 | 4885 c00f | 849f 0200 | 0048 8bf0 

  0x0000768a74a4b400: ;   {optimized virtual_call}
  0x0000768a74a4b400: 33d2 90e8 

  0x0000768a74a4b404: ; ImmutableOopMap {[16]=Oop [64]=Oop }
                      ;*invokevirtual get {reexecute=0 rethrow=0 return_oop=0}
                      ; - org.bytedeco.javacpp.BytePointer::get@2 (line 252)
                      ; - core.convoulter.Convoluter::MakeConvolution@142 (line 49)
  0x0000768a74a4b404: b8de ffff 

  0x0000768a74a4b408: ;   {other}
  0x0000768a74a4b408: 0f1f 8400 | 7804 0002 | 4c8b 5424 | 1045 8b52 | 0c44 8b5c | 2438 453b | da0f 8389 | 0200 004c 
  0x0000768a74a4b428: 8b54 2410 | 478b 549a | 1047 8b5c | d40c 448b | 4c24 3c45 | 3bcb 0f82 | a9fe ffff | bee4 ffff 
  0x0000768a74a4b448: ff48 8b6c | 2440 8944 | 2440 4489 

  0x0000768a74a4b454: ;   {runtime_call UncommonTrapBlob}
  0x0000768a74a4b454: 5424 44e8 

  0x0000768a74a4b458: ; ImmutableOopMap {rbp=Oop [16]=Oop [68]=NarrowOop }
                      ;*iaload {reexecute=0 rethrow=0 return_oop=0}
                      ; - core.convoulter.Convoluter::MakeConvolution@152 (line 49)
  0x0000768a74a4b458: a47a 86ff 

  0x0000768a74a4b45c: ;   {other}
  0x0000768a74a4b45c: 0f1f 8400 | cc04 0003 | 498b 8f50 | 0400 0044 | 8b54 2438 

  0x0000768a74a4b470: ; ImmutableOopMap {r11=Oop r9=Oop }
                      ;*goto {reexecute=1 rethrow=0 return_oop=0}
                      ; - (reexecute) core.convoulter.Convoluter::MakeConvolution@167 (line 45)
                      ;   {poll}
  0x0000768a74a4b470: 41ff c285 | 0144 3b54 | 2408 7d19 | c5fb 1004 | 248b 4c24 | 088b 5c24 | 2c8b 5424 | 3445 33ed 
  0x0000768a74a4b490: e99d feff | ff4d 85c9 | 0f84 5602 | 0000 48ff | 3424 488f | 4424 4048 | 8944 24f8 | 8b44 2434 
  0x0000768a74a4b4b0: 8944 243c | 488b 4424 | f841 8b49 | 0c85 c90f | 8407 0200 | 0044 8944 | 2438 896c | 2434 4c89 
  0x0000768a74a4b4d0: 4c24 104c | 891c 2449 | 8d34 cc8b | 5424 308b 

  0x0000768a74a4b4e0: ;   {optimized virtual_call}
  0x0000768a74a4b4e0: 4c24 3ce8 

  0x0000768a74a4b4e4: ; ImmutableOopMap {[0]=Oop [16]=Oop }
                      ;*invokevirtual ptr {reexecute=0 rethrow=0 return_oop=1}
                      ; - core.convoulter.Convoluter::MakeConvolution@178 (line 56)
  0x0000768a74a4b4e4: 58d8 ffff 

  0x0000768a74a4b4e8: ;   {other}
  0x0000768a74a4b4e8: 0f1f 8400 | 5805 0005 | c5fb 1044 | 2440 c5fb | 5944 2420 | c5fb 5844 

  0x0000768a74a4b500: ;   {section_word}
  0x0000768a74a4b500: 2418 c5fb | 1025 b6fc | ffff c4e3 | 794b d400 | c4e3 594b | d800 c5eb | 5dcb c5e9 | c2da 03c4 
  0x0000768a74a4b520: e371 4bc2 

  0x0000768a74a4b524: ;   {section_word}
  0x0000768a74a4b524: 30c5 fb10 | 259b fcff | ffc4 e359 | 4bd8 40c4 | e379 4bd4 | 40c5 eb5f | cbc5 e9c2 | da03 c4e3 
  0x0000768a74a4b544: 714b c230 | c57b 2cd0 | 4181 fa00 | 0000 800f | 84ff 0200 | 0041 0fbe | ca48 85c0 | 0f84 7a01 
  0x0000768a74a4b564: 0000 488b 

  0x0000768a74a4b568: ;   {optimized virtual_call}
  0x0000768a74a4b568: f033 d2e8 

  0x0000768a74a4b56c: ; ImmutableOopMap {[0]=Oop [16]=Oop }
                      ;*invokevirtual put {reexecute=0 rethrow=0 return_oop=1}
                      ; - org.bytedeco.javacpp.BytePointer::put@3 (line 256)
                      ; - core.convoulter.Convoluter::MakeConvolution@203 (line 56)
  0x0000768a74a4b56c: d0e0 ffff 

  0x0000768a74a4b570: ;   {other}
  0x0000768a74a4b570: 0f1f 8400 | e005 0006 | 4d8b 9750 | 0400 008b | 5424 3cff 

  0x0000768a74a4b584: ; ImmutableOopMap {[0]=Oop [16]=Oop }
                      ;*goto {reexecute=1 rethrow=0 return_oop=0}
                      ; - (reexecute) core.convoulter.Convoluter::MakeConvolution@210 (line 43)
                      ;   {poll}
  0x0000768a74a4b584: c241 8502 | 3b54 242c | 7d53 8b5c | 242c 8b4c | 2408 85c9 | 7e1e c5f9 | 57c0 4533 | d24c 8b1c 
  0x0000768a74a4b5a4: 244c 8b4c | 2410 8b6c | 2434 448b | 4424 38e9 | d5fe ffff | 8954 243c | c5f9 57c0 | 4c8b 1c24 
  0x0000768a74a4b5c4: 895c 242c | 4c8b 4c24 | 108b 6c24 | 3444 8b44 | 2438 c5fb | 1144 2440 | e9d8 feff | ff44 8b54 
  0x0000768a74a4b5e4: 2430 41ff | c244 3b54 | 2428 7d53 

  0x0000768a74a4b5f0: ;   {oop(a 'java/lang/Class'{0x00000007ffe81448} = 'java/lang/System')}
  0x0000768a74a4b5f0: 49bb 4814 | e8ff 0700 | 0000 418b | 6b74 85ed | 0f84 be01 | 0000 4489 | 5424 3041 

  0x0000768a74a4b60c: ;   {static_call}
  0x0000768a74a4b60c: 8bf2 90e8 

  0x0000768a74a4b610: ; ImmutableOopMap {rbp=NarrowOop [0]=Oop [16]=Oop }
                      ;*invokestatic toString {reexecute=0 rethrow=0 return_oop=1}
                      ; - java.lang.String::valueOf@1 (line 4572)
                      ; - java.io.PrintStream::println@11 (line 1078)
                      ; - core.convoulter.Convoluter::MakeConvolution@61 (line 42)
  0x0000768a74a4b610: 4c1d 5cf8 

  0x0000768a74a4b614: ;   {other}
  0x0000768a74a4b614: 0f1f 8400 | 8406 0008 | 498d 34ec 

  0x0000768a74a4b620: ;   {optimized virtual_call}
  0x0000768a74a4b620: 488b d0e8 

  0x0000768a74a4b624: ; ImmutableOopMap {[0]=Oop [16]=Oop }
                      ;*invokevirtual writeln {reexecute=0 rethrow=0 return_oop=0}
                      ; - java.io.PrintStream::println@14 (line 1078)
                      ; - core.convoulter.Convoluter::MakeConvolution@61 (line 42)
  0x0000768a74a4b624: 7805 5cf8 

  0x0000768a74a4b628: ;   {other}
  0x0000768a74a4b628: 0f1f 8400 | 9806 0009 | 8b5c 242c | 85db 0f8e | e800 0000 | 33d2 e94f | ffff ff48 | 83c4 605d 
  0x0000768a74a4b648: ;   {poll_return}
  0x0000768a74a4b648: 493b a748 | 0400 000f | 87ed 0100 | 00c3 be86 | ffff ff8b 

  0x0000768a74a4b65c: ;   {runtime_call UncommonTrapBlob}
  0x0000768a74a4b65c: e866 90e8 

  0x0000768a74a4b660: ; ImmutableOopMap {}
                      ;*irem {reexecute=0 rethrow=0 return_oop=0}
                      ; - core.convoulter.Convoluter::MakeConvolution@109 (line 47)
  0x0000768a74a4b660: 9c78 86ff 

  0x0000768a74a4b664: ;   {other}
  0x0000768a74a4b664: 0f1f 8400 | d406 000a | be86 ffff | ff41 8beb 

  0x0000768a74a4b674: ;   {runtime_call UncommonTrapBlob}
  0x0000768a74a4b674: 6666 90e8 

  0x0000768a74a4b678: ; ImmutableOopMap {}
                      ;*irem {reexecute=0 rethrow=0 return_oop=0}
                      ; - core.convoulter.Convoluter::MakeConvolution@126 (line 48)
  0x0000768a74a4b678: 8478 86ff 

  0x0000768a74a4b67c: ;   {other}
  0x0000768a74a4b67c: 0f1f 8400 | ec06 000b | bef6 ffff | ff8b ea89 

  0x0000768a74a4b68c: ;   {runtime_call UncommonTrapBlob}
  0x0000768a74a4b68c: 0c24 90e8 

  0x0000768a74a4b690: ; ImmutableOopMap {}
                      ;*invokevirtual ptr {reexecute=0 rethrow=0 return_oop=0}
                      ; - core.convoulter.Convoluter::MakeConvolution@139 (line 49)
  0x0000768a74a4b690: 6c78 86ff 

  0x0000768a74a4b694: ;   {other}
  0x0000768a74a4b694: 0f1f 8400 | 0407 000c | bef6 ffff 

  0x0000768a74a4b6a0: ;   {runtime_call UncommonTrapBlob}
  0x0000768a74a4b6a0: ff66 90e8 

  0x0000768a74a4b6a4: ; ImmutableOopMap {}
                      ;*invokevirtual get {reexecute=0 rethrow=0 return_oop=0}
                      ; - core.convoulter.Convoluter::MakeConvolution@142 (line 49)
  0x0000768a74a4b6a4: 5878 86ff 

  0x0000768a74a4b6a8: ;   {other}
  0x0000768a74a4b6a8: 0f1f 8400 | 1807 000d | bee4 ffff | ff48 8b6c | 2440 8944 

  0x0000768a74a4b6bc: ;   {runtime_call UncommonTrapBlob}
  0x0000768a74a4b6bc: 2440 90e8 

  0x0000768a74a4b6c0: ; ImmutableOopMap {rbp=Oop [16]=Oop }
                      ;*aaload {reexecute=0 rethrow=0 return_oop=0}
                      ; - core.convoulter.Convoluter::MakeConvolution@149 (line 49)
  0x0000768a74a4b6c0: 3c78 86ff 

  0x0000768a74a4b6c4: ;   {other}
  0x0000768a74a4b6c4: 0f1f 8400 | 3407 000e | bef6 ffff 

  0x0000768a74a4b6d0: ;   {runtime_call UncommonTrapBlob}
  0x0000768a74a4b6d0: ff66 90e8 

  0x0000768a74a4b6d4: ; ImmutableOopMap {}
                      ;*invokevirtual ptr {reexecute=0 rethrow=0 return_oop=0}
                      ; - core.convoulter.Convoluter::MakeConvolution@178 (line 56)
  0x0000768a74a4b6d4: 2878 86ff 

  0x0000768a74a4b6d8: ;   {other}
  0x0000768a74a4b6d8: 0f1f 8400 | 4807 000f | bef6 ffff 

  0x0000768a74a4b6e4: ;   {runtime_call UncommonTrapBlob}
  0x0000768a74a4b6e4: ff8b e9e8 

  0x0000768a74a4b6e8: ; ImmutableOopMap {}
                      ;*invokevirtual put {reexecute=0 rethrow=0 return_oop=0}
                      ; - core.convoulter.Convoluter::MakeConvolution@203 (line 56)
  0x0000768a74a4b6e8: 1478 86ff 

  0x0000768a74a4b6ec: ;   {other}
  0x0000768a74a4b6ec: 0f1f 8400 | 5c07 0010 | be76 ffff | ff49 8be9 | 4c89 5c24 | 1044 8954 

  0x0000768a74a4b704: ;   {runtime_call UncommonTrapBlob}
  0x0000768a74a4b704: 243c 90e8 

  0x0000768a74a4b708: ; ImmutableOopMap {rbp=Oop [16]=Oop }
                      ;*if_icmpge {reexecute=1 rethrow=0 return_oop=0}
                      ; - (reexecute) core.convoulter.Convoluter::MakeConvolution@83 (line 45)
  0x0000768a74a4b708: f477 86ff 

  0x0000768a74a4b70c: ;   {other}
  0x0000768a74a4b70c: 0f1f 8400 | 7c07 0011 | 4533 c9e9 | 94fb ffff | 4533 dbe9 | a9fb ffff | 448b 5424 | 30e9 b8fe 
  0x0000768a74a4b72c: ffff 4c8b | ddbe 8dff | ffff 8b6c | 2408 4889 | 4424 f88b | 4424 0c89 | 4424 0848 | 8b44 24f8 
  0x0000768a74a4b74c: 4c89 5c24 | 1048 8944 | 24f8 8b44 | 2428 8944 | 240c 488b | 4424 f848 | 8944 24f8 | 8b44 242c 
  0x0000768a74a4b76c: 8944 2428 | 488b 4424 | f848 8944 | 24f8 8b44 | 2430 8944 | 242c 488b | 4424 f848 | 8944 24f8 
  0x0000768a74a4b78c: 8b44 2434 | 8944 2430 | 488b 4424 | f848 8944 | 24f8 8b44 | 2438 8944 | 2434 488b | 4424 f844 
  0x0000768a74a4b7ac: 896c 2438 | 4889 5c24 

  0x0000768a74a4b7b4: ;   {runtime_call UncommonTrapBlob}
  0x0000768a74a4b7b4: 4066 90e8 

  0x0000768a74a4b7b8: ; ImmutableOopMap {[16]=Oop [64]=Oop }
                      ;*iload {reexecute=0 rethrow=0 return_oop=0}
                      ; - core.convoulter.Convoluter::MakeConvolution@89 (line 46)
  0x0000768a74a4b7b8: 4477 86ff 

  0x0000768a74a4b7bc: ;   {other}
  0x0000768a74a4b7bc: 0f1f 8400 | 2c08 0012 | bef6 ffff | ff41 8bea 

  0x0000768a74a4b7cc: ;   {runtime_call UncommonTrapBlob}
  0x0000768a74a4b7cc: 6666 90e8 

  0x0000768a74a4b7d0: ; ImmutableOopMap {}
                      ;*invokevirtual println {reexecute=0 rethrow=0 return_oop=0}
                      ; - core.convoulter.Convoluter::MakeConvolution@61 (line 42)
  0x0000768a74a4b7d0: 2c77 86ff 

  0x0000768a74a4b7d4: ;   {other}
  0x0000768a74a4b7d4: 0f1f 8400 | 4408 0013 | bef6 ffff 

  0x0000768a74a4b7e0: ;   {runtime_call UncommonTrapBlob}
  0x0000768a74a4b7e0: ff66 90e8 

  0x0000768a74a4b7e4: ; ImmutableOopMap {}
                      ;*getfield Image {reexecute=1 rethrow=0 return_oop=0}
                      ; - (reexecute) core.convoulter.Convoluter::MakeConvolution@132 (line 49)
  0x0000768a74a4b7e4: 1877 86ff 

  0x0000768a74a4b7e8: ;   {other}
  0x0000768a74a4b7e8: 0f1f 8400 | 5808 0014 | bef6 ffff 

  0x0000768a74a4b7f4: ;   {runtime_call UncommonTrapBlob}
  0x0000768a74a4b7f4: ff66 90e8 

  0x0000768a74a4b7f8: ; ImmutableOopMap {}
                      ;*aaload {reexecute=0 rethrow=0 return_oop=0}
                      ; - core.convoulter.Convoluter::MakeConvolution@149 (line 49)
  0x0000768a74a4b7f8: 0477 86ff 

  0x0000768a74a4b7fc: ;   {other}
  0x0000768a74a4b7fc: 0f1f 8400 | 6c08 0015 | bef6 ffff | ff8b 6c24 

  0x0000768a74a4b80c: ;   {runtime_call UncommonTrapBlob}
  0x0000768a74a4b80c: 3c66 90e8 

  0x0000768a74a4b810: ; ImmutableOopMap {}
                      ;*iaload {reexecute=0 rethrow=0 return_oop=0}
                      ; - core.convoulter.Convoluter::MakeConvolution@152 (line 49)
  0x0000768a74a4b810: ec76 86ff 

  0x0000768a74a4b814: ;   {other}
  0x0000768a74a4b814: 0f1f 8400 | 8408 0016 | 488b f0eb | 1748 8bf0 | eb12 488b | f0eb 0d48 | 8bf0 eb08 | 488b f0eb 
  0x0000768a74a4b834: 0348 8bf0 | 4883 c460 

  0x0000768a74a4b83c: ;   {runtime_call _rethrow_Java}
  0x0000768a74a4b83c: 5de9 3ec8 

  0x0000768a74a4b840: ;   {internal_word}
  0x0000768a74a4b840: 92ff 49ba | 48b6 a474 | 8a76 0000 | 4d89 9760 

  0x0000768a74a4b850: ;   {runtime_call SafepointBlob}
  0x0000768a74a4b850: 0400 00e9 | a887 86ff | 4883 ec08 | c5fb 1104 

  0x0000768a74a4b860: ;   {runtime_call StubRoutines (initial stubs)}
  0x0000768a74a4b860: 24e8 8245 | 81ff 415a | e9ec fcff 

  0x0000768a74a4b86c: ;   {runtime_call StubRoutines (final stubs)}
  0x0000768a74a4b86c: ffe8 2e7c | 84ff e993 | f9ff fff4 
[Stub Code]
  0x0000768a74a4b878: ;   {no_reloc}
  0x0000768a74a4b878: 48bb 0000 | 0000 0000 

  0x0000768a74a4b880: ;   {runtime_call nmethod}
  0x0000768a74a4b880: 0000 e9fb 

  0x0000768a74a4b884: ;   {static_stub}
  0x0000768a74a4b884: ffff ff48 | bb00 0000 | 0000 0000 

  0x0000768a74a4b890: ;   {runtime_call nmethod}
  0x0000768a74a4b890: 00e9 fbff 

  0x0000768a74a4b894: ;   {static_stub}
  0x0000768a74a4b894: ffff 48bb | 0000 0000 | 0000 0000 

  0x0000768a74a4b8a0: ;   {runtime_call nmethod}
  0x0000768a74a4b8a0: e9fb ffff 

  0x0000768a74a4b8a4: ;   {static_stub}
  0x0000768a74a4b8a4: ff48 bb00 | 0000 0000 

  0x0000768a74a4b8ac: ;   {runtime_call nmethod}
  0x0000768a74a4b8ac: 0000 00e9 | fbff ffff 

  0x0000768a74a4b8b4: ;   {static_stub}
  0x0000768a74a4b8b4: 48bb b070 | 4e0b 8a76 

  0x0000768a74a4b8bc: ;   {runtime_call I2C/C2I adapters}
  0x0000768a74a4b8bc: 0000 e924 

  0x0000768a74a4b8c0: ;   {static_stub}
  0x0000768a74a4b8c0: 7286 ff48 | bba8 3c49 | 0b8a 7600 

  0x0000768a74a4b8cc: ;   {runtime_call I2C/C2I adapters}
  0x0000768a74a4b8cc: 00e9 1069 

  0x0000768a74a4b8d0: ;   {runtime_call ExceptionBlob}
  0x0000768a74a4b8d0: 86ff e929 | bc92 ffe8 | 0000 0000 | 4883 2c24 

  0x0000768a74a4b8e0: ;   {runtime_call DeoptimizationBlob}
  0x0000768a74a4b8e0: 05e9 ba79 | 86ff f4f4 
[/MachCode]


---------------  P R O C E S S  ---------------

Threads class SMR info:
_java_thread_list=0x00007689d001bf20, length=12, elements={
0x0000768a8002cf30, 0x0000768a80184720, 0x0000768a80185c80, 0x0000768a80187410,
0x0000768a80188a40, 0x0000768a80189fd0, 0x0000768a8018bb80, 0x0000768a8018d230,
0x0000768a8019ac20, 0x0000768a8019dc80, 0x00007689e003c950, 0x0000768a803ddee0
}

Java Threads: ( => current thread )
=>0x0000768a8002cf30 JavaThread "main"                              [_thread_in_native, id=68609, stack(0x0000768a88100000,0x0000768a88200000) (1024K)]
  0x0000768a80184720 JavaThread "Reference Handler"          daemon [_thread_blocked, id=68618, stack(0x0000768a84700000,0x0000768a84800000) (1024K)]
  0x0000768a80185c80 JavaThread "Finalizer"                  daemon [_thread_blocked, id=68619, stack(0x0000768a845ff000,0x0000768a846ff000) (1024K)]
  0x0000768a80187410 JavaThread "Signal Dispatcher"          daemon [_thread_blocked, id=68620, stack(0x0000768a844fe000,0x0000768a845fe000) (1024K)]
  0x0000768a80188a40 JavaThread "Service Thread"             daemon [_thread_blocked, id=68621, stack(0x0000768a843fd000,0x0000768a844fd000) (1024K)]
  0x0000768a80189fd0 JavaThread "Monitor Deflation Thread"   daemon [_thread_blocked, id=68622, stack(0x0000768a842fc000,0x0000768a843fc000) (1024K)]
  0x0000768a8018bb80 JavaThread "C2 CompilerThread0"         daemon [_thread_blocked, id=68623, stack(0x0000768a841fb000,0x0000768a842fb000) (1024K)]
  0x0000768a8018d230 JavaThread "C1 CompilerThread0"         daemon [_thread_blocked, id=68624, stack(0x0000768a840fa000,0x0000768a841fa000) (1024K)]
  0x0000768a8019ac20 JavaThread "Notification Thread"        daemon [_thread_blocked, id=68625, stack(0x0000768a7ff00000,0x0000768a80000000) (1024K)]
  0x0000768a8019dc80 JavaThread "Common-Cleaner"             daemon [_thread_blocked, id=68626, stack(0x0000768a69000000,0x0000768a69100000) (1024K)]
  0x00007689e003c950 JavaThread "C1 CompilerThread1"         daemon [_thread_blocked, id=68627, stack(0x0000768a68eff000,0x0000768a68fff000) (1024K)]
  0x0000768a803ddee0 JavaThread "JavaCPP Deallocator"        daemon [_thread_blocked, id=68631, stack(0x0000768a68afb000,0x0000768a68bfb000) (1024K)]
Total: 12

Other Threads:
  0x0000768a80179d80 VMThread "VM Thread"                           [id=68617, stack(0x0000768a84ba9000,0x0000768a84ca9000) (1024K)]
  0x0000768a80167a70 WatcherThread "VM Periodic Task Thread"        [id=68616, stack(0x0000768a84caa000,0x0000768a84daa000) (1024K)]
  0x0000768a80094d20 WorkerThread "GC Thread#0"                     [id=68611, stack(0x0000768a860f3000,0x0000768a861f3000) (1024K)]
  0x0000768a00008970 WorkerThread "GC Thread#1"                     [id=68662, stack(0x0000768a68700000,0x0000768a68800000) (1024K)]
  0x0000768a000094a0 WorkerThread "GC Thread#2"                     [id=68663, stack(0x0000768a68300000,0x0000768a68400000) (1024K)]
  0x0000768a00009fd0 WorkerThread "GC Thread#3"                     [id=68664, stack(0x0000768a681ff000,0x0000768a682ff000) (1024K)]
  0x0000768a0000ab00 WorkerThread "GC Thread#4"                     [id=68665, stack(0x0000768a680fe000,0x0000768a681fe000) (1024K)]
  0x0000768a800a5750 ConcurrentGCThread "G1 Main Marker"            [id=68612, stack(0x0000768a85ff2000,0x0000768a860f2000) (1024K)]
  0x0000768a800a66f0 WorkerThread "G1 Conc#0"                       [id=68613, stack(0x0000768a85ef1000,0x0000768a85ff1000) (1024K)]
  0x0000768a8014d480 ConcurrentGCThread "G1 Refine#0"               [id=68614, stack(0x0000768a850e3000,0x0000768a851e3000) (1024K)]
  0x0000768a8014e430 ConcurrentGCThread "G1 Service"                [id=68615, stack(0x0000768a84fe2000,0x0000768a850e2000) (1024K)]
Total: 11

Threads with active compile tasks:
Total: 0

VM state: not at safepoint (normal execution)

VM Mutex/Monitor currently owned by a thread: None

Heap address: 0x000000070c000000, size: 3904 MB, Compressed Oops mode: Zero based, Oop shift amount: 3

CDS archive(s) mapped at: [0x0000768a0b000000-0x0000768a0bd2e000-0x0000768a0bd2e000), size 13819904, SharedBaseAddress: 0x0000768a0b000000, ArchiveRelocationMode: 1.
Compressed class space mapped at: 0x0000768a0c000000-0x0000768a4c000000, reserved size: 1073741824
Narrow klass base: 0x0000768a0b000000, Narrow klass shift: 0, Narrow klass range: 0x100000000

GC Precious Log:
 CardTable entry size: 512
 Card Set container configuration: InlinePtr #cards 4 size 8 Array Of Cards #cards 16 size 48 Howl #buckets 8 coarsen threshold 3686 Howl Bitmap #cards 512 size 80 coarsen threshold 460 Card regions per heap region 1 cards per card region 4096
 CPUs: 16 total, 16 available
 Memory: 15609M
 Large Page Support: Disabled
 NUMA Support: Disabled
 Compressed Oops: Enabled (Zero based)
 Heap Region Size: 2M
 Heap Min Capacity: 8M
 Heap Initial Capacity: 244M
 Heap Max Capacity: 3904M
 Pre-touch: Disabled
 Parallel Workers: 13
 Concurrent Workers: 3
 Concurrent Refinement Workers: 13
 Periodic GC: Disabled

Heap:
 garbage-first heap   total 251904K, used 113287K [0x000000070c000000, 0x0000000800000000)
  region size 2048K, 54 young (110592K), 0 survivors (0K)
 Metaspace       used 9025K, committed 9152K, reserved 1114112K
  class space    used 437K, committed 512K, reserved 1048576K

Heap Regions: E=young(eden), S=young(survivor), O=old, HS=humongous(starts), HC=humongous(continues), CS=collection set, F=free, TAMS=top-at-mark-start, PB=parsable bottom
|   0|0x000000070c000000, 0x000000070c200000, 0x000000070c200000|100%| O|  |TAMS 0x000000070c000000| PB 0x000000070c000000| Untracked 
|   1|0x000000070c200000, 0x000000070c396468, 0x000000070c400000| 79%| O|  |TAMS 0x000000070c200000| PB 0x000000070c200000| Untracked 
|   2|0x000000070c400000, 0x000000070c400000, 0x000000070c600000|  0%| F|  |TAMS 0x000000070c400000| PB 0x000000070c400000| Untracked 
|   3|0x000000070c600000, 0x000000070c600000, 0x000000070c800000|  0%| F|  |TAMS 0x000000070c600000| PB 0x000000070c600000| Untracked 
|   4|0x000000070c800000, 0x000000070c800000, 0x000000070ca00000|  0%| F|  |TAMS 0x000000070c800000| PB 0x000000070c800000| Untracked 
|   5|0x000000070ca00000, 0x000000070ca00000, 0x000000070cc00000|  0%| F|  |TAMS 0x000000070ca00000| PB 0x000000070ca00000| Untracked 
|   6|0x000000070cc00000, 0x000000070cc00000, 0x000000070ce00000|  0%| F|  |TAMS 0x000000070cc00000| PB 0x000000070cc00000| Untracked 
|   7|0x000000070ce00000, 0x000000070ce00000, 0x000000070d000000|  0%| F|  |TAMS 0x000000070ce00000| PB 0x000000070ce00000| Untracked 
|   8|0x000000070d000000, 0x000000070d000000, 0x000000070d200000|  0%| F|  |TAMS 0x000000070d000000| PB 0x000000070d000000| Untracked 
|   9|0x000000070d200000, 0x000000070d200000, 0x000000070d400000|  0%| F|  |TAMS 0x000000070d200000| PB 0x000000070d200000| Untracked 
|  10|0x000000070d400000, 0x000000070d400000, 0x000000070d600000|  0%| F|  |TAMS 0x000000070d400000| PB 0x000000070d400000| Untracked 
|  11|0x000000070d600000, 0x000000070d600000, 0x000000070d800000|  0%| F|  |TAMS 0x000000070d600000| PB 0x000000070d600000| Untracked 
|  12|0x000000070d800000, 0x000000070d800000, 0x000000070da00000|  0%| F|  |TAMS 0x000000070d800000| PB 0x000000070d800000| Untracked 
|  13|0x000000070da00000, 0x000000070da00000, 0x000000070dc00000|  0%| F|  |TAMS 0x000000070da00000| PB 0x000000070da00000| Untracked 
|  14|0x000000070dc00000, 0x000000070dc00000, 0x000000070de00000|  0%| F|  |TAMS 0x000000070dc00000| PB 0x000000070dc00000| Untracked 
|  15|0x000000070de00000, 0x000000070de00000, 0x000000070e000000|  0%| F|  |TAMS 0x000000070de00000| PB 0x000000070de00000| Untracked 
|  16|0x000000070e000000, 0x000000070e000000, 0x000000070e200000|  0%| F|  |TAMS 0x000000070e000000| PB 0x000000070e000000| Untracked 
|  17|0x000000070e200000, 0x000000070e200000, 0x000000070e400000|  0%| F|  |TAMS 0x000000070e200000| PB 0x000000070e200000| Untracked 
|  18|0x000000070e400000, 0x000000070e400000, 0x000000070e600000|  0%| F|  |TAMS 0x000000070e400000| PB 0x000000070e400000| Untracked 
|  19|0x000000070e600000, 0x000000070e600000, 0x000000070e800000|  0%| F|  |TAMS 0x000000070e600000| PB 0x000000070e600000| Untracked 
|  20|0x000000070e800000, 0x000000070e800000, 0x000000070ea00000|  0%| F|  |TAMS 0x000000070e800000| PB 0x000000070e800000| Untracked 
|  21|0x000000070ea00000, 0x000000070ea00000, 0x000000070ec00000|  0%| F|  |TAMS 0x000000070ea00000| PB 0x000000070ea00000| Untracked 
|  22|0x000000070ec00000, 0x000000070ec00000, 0x000000070ee00000|  0%| F|  |TAMS 0x000000070ec00000| PB 0x000000070ec00000| Untracked 
|  23|0x000000070ee00000, 0x000000070ee00000, 0x000000070f000000|  0%| F|  |TAMS 0x000000070ee00000| PB 0x000000070ee00000| Untracked 
|  24|0x000000070f000000, 0x000000070f000000, 0x000000070f200000|  0%| F|  |TAMS 0x000000070f000000| PB 0x000000070f000000| Untracked 
|  25|0x000000070f200000, 0x000000070f200000, 0x000000070f400000|  0%| F|  |TAMS 0x000000070f200000| PB 0x000000070f200000| Untracked 
|  26|0x000000070f400000, 0x000000070f400000, 0x000000070f600000|  0%| F|  |TAMS 0x000000070f400000| PB 0x000000070f400000| Untracked 
|  27|0x000000070f600000, 0x000000070f600000, 0x000000070f800000|  0%| F|  |TAMS 0x000000070f600000| PB 0x000000070f600000| Untracked 
|  28|0x000000070f800000, 0x000000070f800000, 0x000000070fa00000|  0%| F|  |TAMS 0x000000070f800000| PB 0x000000070f800000| Untracked 
|  29|0x000000070fa00000, 0x000000070fa00000, 0x000000070fc00000|  0%| F|  |TAMS 0x000000070fa00000| PB 0x000000070fa00000| Untracked 
|  30|0x000000070fc00000, 0x000000070fc00000, 0x000000070fe00000|  0%| F|  |TAMS 0x000000070fc00000| PB 0x000000070fc00000| Untracked 
|  31|0x000000070fe00000, 0x000000070fe00000, 0x0000000710000000|  0%| F|  |TAMS 0x000000070fe00000| PB 0x000000070fe00000| Untracked 
|  32|0x0000000710000000, 0x0000000710000000, 0x0000000710200000|  0%| F|  |TAMS 0x0000000710000000| PB 0x0000000710000000| Untracked 
|  33|0x0000000710200000, 0x0000000710200000, 0x0000000710400000|  0%| F|  |TAMS 0x0000000710200000| PB 0x0000000710200000| Untracked 
|  34|0x0000000710400000, 0x0000000710400000, 0x0000000710600000|  0%| F|  |TAMS 0x0000000710400000| PB 0x0000000710400000| Untracked 
|  35|0x0000000710600000, 0x0000000710600000, 0x0000000710800000|  0%| F|  |TAMS 0x0000000710600000| PB 0x0000000710600000| Untracked 
|  36|0x0000000710800000, 0x0000000710800000, 0x0000000710a00000|  0%| F|  |TAMS 0x0000000710800000| PB 0x0000000710800000| Untracked 
|  37|0x0000000710a00000, 0x0000000710a00000, 0x0000000710c00000|  0%| F|  |TAMS 0x0000000710a00000| PB 0x0000000710a00000| Untracked 
|  38|0x0000000710c00000, 0x0000000710c00000, 0x0000000710e00000|  0%| F|  |TAMS 0x0000000710c00000| PB 0x0000000710c00000| Untracked 
|  39|0x0000000710e00000, 0x0000000710e00000, 0x0000000711000000|  0%| F|  |TAMS 0x0000000710e00000| PB 0x0000000710e00000| Untracked 
|  40|0x0000000711000000, 0x0000000711000000, 0x0000000711200000|  0%| F|  |TAMS 0x0000000711000000| PB 0x0000000711000000| Untracked 
|  41|0x0000000711200000, 0x0000000711200000, 0x0000000711400000|  0%| F|  |TAMS 0x0000000711200000| PB 0x0000000711200000| Untracked 
|  42|0x0000000711400000, 0x0000000711400000, 0x0000000711600000|  0%| F|  |TAMS 0x0000000711400000| PB 0x0000000711400000| Untracked 
|  43|0x0000000711600000, 0x0000000711600000, 0x0000000711800000|  0%| F|  |TAMS 0x0000000711600000| PB 0x0000000711600000| Untracked 
|  44|0x0000000711800000, 0x0000000711800000, 0x0000000711a00000|  0%| F|  |TAMS 0x0000000711800000| PB 0x0000000711800000| Untracked 
|  45|0x0000000711a00000, 0x0000000711a00000, 0x0000000711c00000|  0%| F|  |TAMS 0x0000000711a00000| PB 0x0000000711a00000| Untracked 
|  46|0x0000000711c00000, 0x0000000711c00000, 0x0000000711e00000|  0%| F|  |TAMS 0x0000000711c00000| PB 0x0000000711c00000| Untracked 
|  47|0x0000000711e00000, 0x0000000711e00000, 0x0000000712000000|  0%| F|  |TAMS 0x0000000711e00000| PB 0x0000000711e00000| Untracked 
|  48|0x0000000712000000, 0x0000000712000000, 0x0000000712200000|  0%| F|  |TAMS 0x0000000712000000| PB 0x0000000712000000| Untracked 
|  49|0x0000000712200000, 0x0000000712200000, 0x0000000712400000|  0%| F|  |TAMS 0x0000000712200000| PB 0x0000000712200000| Untracked 
|  50|0x0000000712400000, 0x0000000712400000, 0x0000000712600000|  0%| F|  |TAMS 0x0000000712400000| PB 0x0000000712400000| Untracked 
|  51|0x0000000712600000, 0x0000000712600000, 0x0000000712800000|  0%| F|  |TAMS 0x0000000712600000| PB 0x0000000712600000| Untracked 
|  52|0x0000000712800000, 0x0000000712800000, 0x0000000712a00000|  0%| F|  |TAMS 0x0000000712800000| PB 0x0000000712800000| Untracked 
|  53|0x0000000712a00000, 0x0000000712a00000, 0x0000000712c00000|  0%| F|  |TAMS 0x0000000712a00000| PB 0x0000000712a00000| Untracked 
|  54|0x0000000712c00000, 0x0000000712c00000, 0x0000000712e00000|  0%| F|  |TAMS 0x0000000712c00000| PB 0x0000000712c00000| Untracked 
|  55|0x0000000712e00000, 0x0000000712e00000, 0x0000000713000000|  0%| F|  |TAMS 0x0000000712e00000| PB 0x0000000712e00000| Untracked 
|  56|0x0000000713000000, 0x0000000713000000, 0x0000000713200000|  0%| F|  |TAMS 0x0000000713000000| PB 0x0000000713000000| Untracked 
|  57|0x0000000713200000, 0x0000000713200000, 0x0000000713400000|  0%| F|  |TAMS 0x0000000713200000| PB 0x0000000713200000| Untracked 
|  58|0x0000000713400000, 0x0000000713400000, 0x0000000713600000|  0%| F|  |TAMS 0x0000000713400000| PB 0x0000000713400000| Untracked 
|  59|0x0000000713600000, 0x0000000713600000, 0x0000000713800000|  0%| F|  |TAMS 0x0000000713600000| PB 0x0000000713600000| Untracked 
|  60|0x0000000713800000, 0x0000000713800000, 0x0000000713a00000|  0%| F|  |TAMS 0x0000000713800000| PB 0x0000000713800000| Untracked 
|  61|0x0000000713a00000, 0x0000000713a00000, 0x0000000713c00000|  0%| F|  |TAMS 0x0000000713a00000| PB 0x0000000713a00000| Untracked 
|  62|0x0000000713c00000, 0x0000000713c00000, 0x0000000713e00000|  0%| F|  |TAMS 0x0000000713c00000| PB 0x0000000713c00000| Untracked 
|  63|0x0000000713e00000, 0x0000000713e00000, 0x0000000714000000|  0%| F|  |TAMS 0x0000000713e00000| PB 0x0000000713e00000| Untracked 
|  64|0x0000000714000000, 0x0000000714000000, 0x0000000714200000|  0%| F|  |TAMS 0x0000000714000000| PB 0x0000000714000000| Untracked 
|  65|0x0000000714200000, 0x0000000714200000, 0x0000000714400000|  0%| F|  |TAMS 0x0000000714200000| PB 0x0000000714200000| Untracked 
|  66|0x0000000714400000, 0x0000000714400000, 0x0000000714600000|  0%| F|  |TAMS 0x0000000714400000| PB 0x0000000714400000| Untracked 
|  67|0x0000000714600000, 0x0000000714600000, 0x0000000714800000|  0%| F|  |TAMS 0x0000000714600000| PB 0x0000000714600000| Untracked 
|  68|0x0000000714800000, 0x0000000714a00000, 0x0000000714a00000|100%| E|  |TAMS 0x0000000714800000| PB 0x0000000714800000| Complete 
|  69|0x0000000714a00000, 0x0000000714c00000, 0x0000000714c00000|100%| E|CS|TAMS 0x0000000714a00000| PB 0x0000000714a00000| Complete 
|  70|0x0000000714c00000, 0x0000000714e00000, 0x0000000714e00000|100%| E|CS|TAMS 0x0000000714c00000| PB 0x0000000714c00000| Complete 
|  71|0x0000000714e00000, 0x0000000715000000, 0x0000000715000000|100%| E|CS|TAMS 0x0000000714e00000| PB 0x0000000714e00000| Complete 
|  72|0x0000000715000000, 0x0000000715200000, 0x0000000715200000|100%| E|CS|TAMS 0x0000000715000000| PB 0x0000000715000000| Complete 
|  73|0x0000000715200000, 0x0000000715400000, 0x0000000715400000|100%| E|CS|TAMS 0x0000000715200000| PB 0x0000000715200000| Complete 
|  74|0x0000000715400000, 0x0000000715600000, 0x0000000715600000|100%| E|CS|TAMS 0x0000000715400000| PB 0x0000000715400000| Complete 
|  75|0x0000000715600000, 0x0000000715800000, 0x0000000715800000|100%| E|CS|TAMS 0x0000000715600000| PB 0x0000000715600000| Complete 
|  76|0x0000000715800000, 0x0000000715a00000, 0x0000000715a00000|100%| E|CS|TAMS 0x0000000715800000| PB 0x0000000715800000| Complete 
|  77|0x0000000715a00000, 0x0000000715c00000, 0x0000000715c00000|100%| E|CS|TAMS 0x0000000715a00000| PB 0x0000000715a00000| Complete 
|  78|0x0000000715c00000, 0x0000000715e00000, 0x0000000715e00000|100%| E|CS|TAMS 0x0000000715c00000| PB 0x0000000715c00000| Complete 
|  79|0x0000000715e00000, 0x0000000716000000, 0x0000000716000000|100%| E|CS|TAMS 0x0000000715e00000| PB 0x0000000715e00000| Complete 
|  80|0x0000000716000000, 0x0000000716200000, 0x0000000716200000|100%| E|CS|TAMS 0x0000000716000000| PB 0x0000000716000000| Complete 
|  81|0x0000000716200000, 0x0000000716400000, 0x0000000716400000|100%| E|CS|TAMS 0x0000000716200000| PB 0x0000000716200000| Complete 
|  82|0x0000000716400000, 0x0000000716600000, 0x0000000716600000|100%| E|CS|TAMS 0x0000000716400000| PB 0x0000000716400000| Complete 
|  83|0x0000000716600000, 0x0000000716800000, 0x0000000716800000|100%| E|CS|TAMS 0x0000000716600000| PB 0x0000000716600000| Complete 
|  84|0x0000000716800000, 0x0000000716a00000, 0x0000000716a00000|100%| E|CS|TAMS 0x0000000716800000| PB 0x0000000716800000| Complete 
|  85|0x0000000716a00000, 0x0000000716c00000, 0x0000000716c00000|100%| E|CS|TAMS 0x0000000716a00000| PB 0x0000000716a00000| Complete 
|  86|0x0000000716c00000, 0x0000000716e00000, 0x0000000716e00000|100%| E|CS|TAMS 0x0000000716c00000| PB 0x0000000716c00000| Complete 
|  87|0x0000000716e00000, 0x0000000717000000, 0x0000000717000000|100%| E|CS|TAMS 0x0000000716e00000| PB 0x0000000716e00000| Complete 
|  88|0x0000000717000000, 0x0000000717200000, 0x0000000717200000|100%| E|CS|TAMS 0x0000000717000000| PB 0x0000000717000000| Complete 
|  89|0x0000000717200000, 0x0000000717400000, 0x0000000717400000|100%| E|CS|TAMS 0x0000000717200000| PB 0x0000000717200000| Complete 
|  90|0x0000000717400000, 0x0000000717600000, 0x0000000717600000|100%| E|CS|TAMS 0x0000000717400000| PB 0x0000000717400000| Complete 
|  91|0x0000000717600000, 0x0000000717800000, 0x0000000717800000|100%| E|CS|TAMS 0x0000000717600000| PB 0x0000000717600000| Complete 
|  92|0x0000000717800000, 0x0000000717a00000, 0x0000000717a00000|100%| E|CS|TAMS 0x0000000717800000| PB 0x0000000717800000| Complete 
|  93|0x0000000717a00000, 0x0000000717c00000, 0x0000000717c00000|100%| E|CS|TAMS 0x0000000717a00000| PB 0x0000000717a00000| Complete 
|  94|0x0000000717c00000, 0x0000000717e00000, 0x0000000717e00000|100%| E|CS|TAMS 0x0000000717c00000| PB 0x0000000717c00000| Complete 
|  95|0x0000000717e00000, 0x0000000718000000, 0x0000000718000000|100%| E|CS|TAMS 0x0000000717e00000| PB 0x0000000717e00000| Complete 
|  96|0x0000000718000000, 0x0000000718200000, 0x0000000718200000|100%| E|CS|TAMS 0x0000000718000000| PB 0x0000000718000000| Complete 
|  97|0x0000000718200000, 0x0000000718400000, 0x0000000718400000|100%| E|CS|TAMS 0x0000000718200000| PB 0x0000000718200000| Complete 
|  98|0x0000000718400000, 0x0000000718600000, 0x0000000718600000|100%| E|CS|TAMS 0x0000000718400000| PB 0x0000000718400000| Complete 
|  99|0x0000000718600000, 0x0000000718800000, 0x0000000718800000|100%| E|CS|TAMS 0x0000000718600000| PB 0x0000000718600000| Complete 
| 100|0x0000000718800000, 0x0000000718a00000, 0x0000000718a00000|100%| E|CS|TAMS 0x0000000718800000| PB 0x0000000718800000| Complete 
| 101|0x0000000718a00000, 0x0000000718c00000, 0x0000000718c00000|100%| E|CS|TAMS 0x0000000718a00000| PB 0x0000000718a00000| Complete 
| 102|0x0000000718c00000, 0x0000000718e00000, 0x0000000718e00000|100%| E|CS|TAMS 0x0000000718c00000| PB 0x0000000718c00000| Complete 
| 103|0x0000000718e00000, 0x0000000719000000, 0x0000000719000000|100%| E|CS|TAMS 0x0000000718e00000| PB 0x0000000718e00000| Complete 
| 104|0x0000000719000000, 0x0000000719200000, 0x0000000719200000|100%| E|CS|TAMS 0x0000000719000000| PB 0x0000000719000000| Complete 
| 105|0x0000000719200000, 0x0000000719400000, 0x0000000719400000|100%| E|CS|TAMS 0x0000000719200000| PB 0x0000000719200000| Complete 
| 106|0x0000000719400000, 0x0000000719600000, 0x0000000719600000|100%| E|CS|TAMS 0x0000000719400000| PB 0x0000000719400000| Complete 
| 107|0x0000000719600000, 0x0000000719800000, 0x0000000719800000|100%| E|CS|TAMS 0x0000000719600000| PB 0x0000000719600000| Complete 
| 108|0x0000000719800000, 0x0000000719a00000, 0x0000000719a00000|100%| E|CS|TAMS 0x0000000719800000| PB 0x0000000719800000| Complete 
| 109|0x0000000719a00000, 0x0000000719c00000, 0x0000000719c00000|100%| E|CS|TAMS 0x0000000719a00000| PB 0x0000000719a00000| Complete 
| 110|0x0000000719c00000, 0x0000000719e00000, 0x0000000719e00000|100%| E|CS|TAMS 0x0000000719c00000| PB 0x0000000719c00000| Complete 
| 111|0x0000000719e00000, 0x000000071a000000, 0x000000071a000000|100%| E|CS|TAMS 0x0000000719e00000| PB 0x0000000719e00000| Complete 
| 112|0x000000071a000000, 0x000000071a200000, 0x000000071a200000|100%| E|CS|TAMS 0x000000071a000000| PB 0x000000071a000000| Complete 
| 113|0x000000071a200000, 0x000000071a400000, 0x000000071a400000|100%| E|CS|TAMS 0x000000071a200000| PB 0x000000071a200000| Complete 
| 114|0x000000071a400000, 0x000000071a600000, 0x000000071a600000|100%| E|CS|TAMS 0x000000071a400000| PB 0x000000071a400000| Complete 
| 115|0x000000071a600000, 0x000000071a800000, 0x000000071a800000|100%| E|CS|TAMS 0x000000071a600000| PB 0x000000071a600000| Complete 
| 116|0x000000071a800000, 0x000000071aa00000, 0x000000071aa00000|100%| E|CS|TAMS 0x000000071a800000| PB 0x000000071a800000| Complete 
| 117|0x000000071aa00000, 0x000000071ac00000, 0x000000071ac00000|100%| E|CS|TAMS 0x000000071aa00000| PB 0x000000071aa00000| Complete 
| 118|0x000000071ac00000, 0x000000071ae00000, 0x000000071ae00000|100%| E|CS|TAMS 0x000000071ac00000| PB 0x000000071ac00000| Complete 
| 119|0x000000071ae00000, 0x000000071b000000, 0x000000071b000000|100%| E|CS|TAMS 0x000000071ae00000| PB 0x000000071ae00000| Complete 
| 120|0x000000071b000000, 0x000000071b200000, 0x000000071b200000|100%| E|CS|TAMS 0x000000071b000000| PB 0x000000071b000000| Complete 
| 121|0x000000071b200000, 0x000000071b400000, 0x000000071b400000|100%| E|CS|TAMS 0x000000071b200000| PB 0x000000071b200000| Complete 
|1951|0x00000007ffe00000, 0x00000007fff0bb78, 0x0000000800000000| 52%| O|  |TAMS 0x00000007ffe00000| PB 0x00000007ffe00000| Untracked 

Card table byte_map: [0x0000768a862ae000,0x0000768a86a4e000] _byte_map_base: 0x0000768a82a4e000

Marking Bits: (CMBitMap*) 0x0000768a80095840
 Bits: [0x0000768a69100000, 0x0000768a6ce00000)

Polling page: 0x0000768a89aa6000

Metaspace:

Usage:
  Non-class:      8,39 MB used.
      Class:    437,34 KB used.
       Both:      8,81 MB used.

Virtual space:
  Non-class space:       64,00 MB reserved,       8,44 MB ( 13%) committed,  1 nodes.
      Class space:        1,00 GB reserved,     512,00 KB ( <1%) committed,  1 nodes.
             Both:        1,06 GB reserved,       8,94 MB ( <1%) committed. 

Chunk freelists:
   Non-Class:  5,25 MB
       Class:  15,43 MB
        Both:  20,68 MB

MaxMetaspaceSize: unlimited
CompressedClassSpaceSize: 1,00 GB
Initial GC threshold: 21,00 MB
Current GC threshold: 21,00 MB
CDS: on
 - commit_granule_bytes: 65536.
 - commit_granule_words: 8192.
 - virtual_space_node_default_size: 8388608.
 - enlarge_chunks_in_place: 1.
 - use_allocation_guard: 0.


Internal statistics:

num_allocs_failed_limit: 0.
num_arena_births: 42.
num_arena_deaths: 0.
num_vsnodes_births: 2.
num_vsnodes_deaths: 0.
num_space_committed: 141.
num_space_uncommitted: 0.
num_chunks_returned_to_freelist: 0.
num_chunks_taken_from_freelist: 272.
num_chunk_merges: 0.
num_chunk_splits: 250.
num_chunks_enlarged: 238.
num_inconsistent_stats: 0.

CodeHeap 'non-profiled nmethods': size=119168Kb used=695Kb max_used=695Kb free=118472Kb
 bounds [0x0000768a749a0000, 0x0000768a74c10000, 0x0000768a7be00000]
CodeHeap 'profiled nmethods': size=119164Kb used=2165Kb max_used=2165Kb free=116998Kb
 bounds [0x0000768a6ce00000, 0x0000768a6d070000, 0x0000768a7425f000]
CodeHeap 'non-nmethods': size=7428Kb used=2605Kb max_used=3200Kb free=4823Kb
 bounds [0x0000768a7425f000, 0x0000768a7458f000, 0x0000768a749a0000]
 total_blobs=2255 nmethods=1258 adapters=902
 compilation: enabled
              stopped_count=0, restarted_count=0
 full_count=0

Compilation events (20 events):
Event: 9,913 Thread 0x00007689e003c950 1250   !   3       java.io.BufferedOutputStream::write (73 bytes)
Event: 9,913 Thread 0x0000768a8018d230 nmethod 1249 0x0000768a6d016090 code [0x0000768a6d016280, 0x0000768a6d0166c8]
Event: 9,913 Thread 0x0000768a8018d230 1251       3       java.io.BufferedOutputStream::implWrite (71 bytes)
Event: 9,913 Thread 0x00007689e003c950 nmethod 1250 0x0000768a6d016890 code [0x0000768a6d016b40, 0x0000768a6d017878]
Event: 9,913 Thread 0x00007689e003c950 1252       3       java.io.BufferedOutputStream::growIfNeeded (59 bytes)
Event: 9,913 Thread 0x0000768a8018d230 nmethod 1251 0x0000768a6d017d10 code [0x0000768a6d017f20, 0x0000768a6d0185c8]
Event: 9,913 Thread 0x0000768a8018d230 1253       3       java.nio.ByteBuffer::clear (7 bytes)
Event: 9,913 Thread 0x0000768a8018d230 nmethod 1253 0x0000768a6d018810 code [0x0000768a6d0189a0, 0x0000768a6d018b18]
Event: 9,913 Thread 0x00007689e003dc10 nmethod 1248 0x0000768a6d018c10 code [0x0000768a6d018fa0, 0x0000768a6d01a568]
Event: 9,913 Thread 0x00007689e003c950 nmethod 1252 0x0000768a6d01b090 code [0x0000768a6d01b240, 0x0000768a6d01b530]
Event: 9,916 Thread 0x00007689e003dc10 1254   !   3       sun.nio.cs.StreamEncoder::flushBuffer (63 bytes)
Event: 9,916 Thread 0x00007689e003dc10 nmethod 1254 0x0000768a6d01b690 code [0x0000768a6d01b9e0, 0x0000768a6d01ce28]
Event: 10,189 Thread 0x0000768a8018bb80 1255       4       java.util.concurrent.locks.ReentrantLock$Sync::tryRelease (51 bytes)
Event: 10,189 Thread 0x0000768a8018bb80 nmethod 1255 0x0000768a74a4cf90 code [0x0000768a74a4d120, 0x0000768a74a4d2a8]
Event: 10,249 Thread 0x0000768a8018bb80 1256       4       java.util.concurrent.locks.ReentrantLock$NonfairSync::initialTryLock (58 bytes)
Event: 10,250 Thread 0x0000768a8018bb80 nmethod 1256 0x0000768a74a4d390 code [0x0000768a74a4d520, 0x0000768a74a4d700]
Event: 10,322 Thread 0x0000768a8018bb80 1257       4       java.util.concurrent.locks.AbstractQueuedSynchronizer::signalNext (34 bytes)
Event: 10,323 Thread 0x0000768a8018bb80 nmethod 1257 0x0000768a74a4d810 code [0x0000768a74a4d9a0, 0x0000768a74a4da88]
Event: 10,675 Thread 0x0000768a8018bb80 1258       4       java.io.OutputStream::flush (1 bytes)
Event: 10,675 Thread 0x0000768a8018bb80 nmethod 1258 0x0000768a74a4db90 code [0x0000768a74a4dd00, 0x0000768a74a4dd88]

GC Heap History (20 events):
Event: 10,514 GC heap before
{Heap before GC invocations=9 (full 0):
 garbage-first heap   total 251904K, used 150209K [0x000000070c000000, 0x0000000800000000)
  region size 2048K, 73 young (149504K), 2 survivors (4096K)
 Metaspace       used 9025K, committed 9152K, reserved 1114112K
  class space    used 437K, committed 512K, reserved 1048576K
}
Event: 10,514 GC heap after
{Heap after GC invocations=10 (full 0):
 garbage-first heap   total 251904K, used 4770K [0x000000070c000000, 0x0000000800000000)
  region size 2048K, 2 young (4096K), 2 survivors (4096K)
 Metaspace       used 9025K, committed 9152K, reserved 1114112K
  class space    used 437K, committed 512K, reserved 1048576K
}
Event: 10,713 GC heap before
{Heap before GC invocations=10 (full 0):
 garbage-first heap   total 251904K, used 150178K [0x000000070c000000, 0x0000000800000000)
  region size 2048K, 73 young (149504K), 2 survivors (4096K)
 Metaspace       used 9025K, committed 9152K, reserved 1114112K
  class space    used 437K, committed 512K, reserved 1048576K
}
Event: 10,714 GC heap after
{Heap after GC invocations=11 (full 0):
 garbage-first heap   total 251904K, used 4884K [0x000000070c000000, 0x0000000800000000)
  region size 2048K, 2 young (4096K), 2 survivors (4096K)
 Metaspace       used 9025K, committed 9152K, reserved 1114112K
  class space    used 437K, committed 512K, reserved 1048576K
}
Event: 10,910 GC heap before
{Heap before GC invocations=11 (full 0):
 garbage-first heap   total 251904K, used 150292K [0x000000070c000000, 0x0000000800000000)
  region size 2048K, 73 young (149504K), 2 survivors (4096K)
 Metaspace       used 9025K, committed 9152K, reserved 1114112K
  class space    used 437K, committed 512K, reserved 1048576K
}
Event: 10,911 GC heap after
{Heap after GC invocations=12 (full 0):
 garbage-first heap   total 251904K, used 4683K [0x000000070c000000, 0x0000000800000000)
  region size 2048K, 2 young (4096K), 2 survivors (4096K)
 Metaspace       used 9025K, committed 9152K, reserved 1114112K
  class space    used 437K, committed 512K, reserved 1048576K
}
Event: 11,112 GC heap before
{Heap before GC invocations=12 (full 0):
 garbage-first heap   total 251904K, used 150091K [0x000000070c000000, 0x0000000800000000)
  region size 2048K, 73 young (149504K), 2 survivors (4096K)
 Metaspace       used 9025K, committed 9152K, reserved 1114112K
  class space    used 437K, committed 512K, reserved 1048576K
}
Event: 11,113 GC heap after
{Heap after GC invocations=13 (full 0):
 garbage-first heap   total 251904K, used 4739K [0x000000070c000000, 0x0000000800000000)
  region size 2048K, 2 young (4096K), 2 survivors (4096K)
 Metaspace       used 9025K, committed 9152K, reserved 1114112K
  class space    used 437K, committed 512K, reserved 1048576K
}
Event: 11,305 GC heap before
{Heap before GC invocations=13 (full 0):
 garbage-first heap   total 251904K, used 150147K [0x000000070c000000, 0x0000000800000000)
  region size 2048K, 73 young (149504K), 2 survivors (4096K)
 Metaspace       used 9025K, committed 9152K, reserved 1114112K
  class space    used 437K, committed 512K, reserved 1048576K
}
Event: 11,305 GC heap after
{Heap after GC invocations=14 (full 0):
 garbage-first heap   total 251904K, used 4820K [0x000000070c000000, 0x0000000800000000)
  region size 2048K, 2 young (4096K), 2 survivors (4096K)
 Metaspace       used 9025K, committed 9152K, reserved 1114112K
  class space    used 437K, committed 512K, reserved 1048576K
}
Event: 11,501 GC heap before
{Heap before GC invocations=14 (full 0):
 garbage-first heap   total 251904K, used 150228K [0x000000070c000000, 0x0000000800000000)
  region size 2048K, 73 young (149504K), 2 survivors (4096K)
 Metaspace       used 9025K, committed 9152K, reserved 1114112K
  class space    used 437K, committed 512K, reserved 1048576K
}
Event: 11,502 GC heap after
{Heap after GC invocations=15 (full 0):
 garbage-first heap   total 251904K, used 4758K [0x000000070c000000, 0x0000000800000000)
  region size 2048K, 2 young (4096K), 2 survivors (4096K)
 Metaspace       used 9025K, committed 9152K, reserved 1114112K
  class space    used 437K, committed 512K, reserved 1048576K
}
Event: 11,701 GC heap before
{Heap before GC invocations=15 (full 0):
 garbage-first heap   total 251904K, used 150166K [0x000000070c000000, 0x0000000800000000)
  region size 2048K, 73 young (149504K), 2 survivors (4096K)
 Metaspace       used 9025K, committed 9152K, reserved 1114112K
  class space    used 437K, committed 512K, reserved 1048576K
}
Event: 11,702 GC heap after
{Heap after GC invocations=16 (full 0):
 garbage-first heap   total 251904K, used 4847K [0x000000070c000000, 0x0000000800000000)
  region size 2048K, 1 young (2048K), 1 survivors (2048K)
 Metaspace       used 9025K, committed 9152K, reserved 1114112K
  class space    used 437K, committed 512K, reserved 1048576K
}
Event: 11,898 GC heap before
{Heap before GC invocations=16 (full 0):
 garbage-first heap   total 251904K, used 152303K [0x000000070c000000, 0x0000000800000000)
  region size 2048K, 73 young (149504K), 1 survivors (2048K)
 Metaspace       used 9025K, committed 9152K, reserved 1114112K
  class space    used 437K, committed 512K, reserved 1048576K
}
Event: 11,899 GC heap after
{Heap after GC invocations=17 (full 0):
 garbage-first heap   total 251904K, used 4764K [0x000000070c000000, 0x0000000800000000)
  region size 2048K, 1 young (2048K), 1 survivors (2048K)
 Metaspace       used 9025K, committed 9152K, reserved 1114112K
  class space    used 437K, committed 512K, reserved 1048576K
}
Event: 12,089 GC heap before
{Heap before GC invocations=17 (full 0):
 garbage-first heap   total 251904K, used 152220K [0x000000070c000000, 0x0000000800000000)
  region size 2048K, 73 young (149504K), 1 survivors (2048K)
 Metaspace       used 9025K, committed 9152K, reserved 1114112K
  class space    used 437K, committed 512K, reserved 1048576K
}
Event: 12,090 GC heap after
{Heap after GC invocations=18 (full 0):
 garbage-first heap   total 251904K, used 4752K [0x000000070c000000, 0x0000000800000000)
  region size 2048K, 1 young (2048K), 1 survivors (2048K)
 Metaspace       used 9025K, committed 9152K, reserved 1114112K
  class space    used 437K, committed 512K, reserved 1048576K
}
Event: 12,280 GC heap before
{Heap before GC invocations=18 (full 0):
 garbage-first heap   total 251904K, used 152208K [0x000000070c000000, 0x0000000800000000)
  region size 2048K, 73 young (149504K), 1 survivors (2048K)
 Metaspace       used 9025K, committed 9152K, reserved 1114112K
  class space    used 437K, committed 512K, reserved 1048576K
}
Event: 12,280 GC heap after
{Heap after GC invocations=19 (full 0):
 garbage-first heap   total 251904K, used 4743K [0x000000070c000000, 0x0000000800000000)
  region size 2048K, 0 young (0K), 0 survivors (0K)
 Metaspace       used 9025K, committed 9152K, reserved 1114112K
  class space    used 437K, committed 512K, reserved 1048576K
}

Dll operation events (20 events):
Event: 0,001 Loaded shared library /home/aleksei/App/ideaIC-2025.1.2/idea-IC-251.26094.121/jbr/lib/libjava.so
Event: 0,013 Loaded shared library /home/aleksei/App/ideaIC-2025.1.2/idea-IC-251.26094.121/jbr/lib/libzip.so
Event: 0,020 Loaded shared library /home/aleksei/App/ideaIC-2025.1.2/idea-IC-251.26094.121/jbr/lib/libnio.so
Event: 0,021 Loaded shared library /home/aleksei/App/ideaIC-2025.1.2/idea-IC-251.26094.121/jbr/lib/libzip.so
Event: 0,051 Loaded shared library /home/aleksei/App/ideaIC-2025.1.2/idea-IC-251.26094.121/jbr/lib/libjimage.so
Event: 0,077 Loaded shared library /home/aleksei/.javacpp/cache/javacpp-1.5.5-linux-x86_64.jar/org/bytedeco/javacpp/linux-x86_64/libjnijavacpp.so
Event: 0,093 Loaded shared library /home/aleksei/.javacpp/cache/openblas-0.3.13-1.5.5-linux-x86_64.jar/org/bytedeco/openblas/linux-x86_64/libgcc_s.so.1
Event: 0,095 Loaded shared library /home/aleksei/.javacpp/cache/openblas-0.3.13-1.5.5-linux-x86_64.jar/org/bytedeco/openblas/linux-x86_64/libquadmath.so.0
Event: 0,098 Loaded shared library /usr/lib/libgfortran.so.5.0.0
Event: 0,100 Loaded shared library /home/aleksei/.javacpp/cache/openblas-0.3.13-1.5.5-linux-x86_64.jar/org/bytedeco/openblas/linux-x86_64/libgfortran.so.4
Event: 0,107 Loaded shared library /home/aleksei/.javacpp/cache/openblas-0.3.13-1.5.5-linux-x86_64.jar/org/bytedeco/openblas/linux-x86_64/libopenblas_nolapack.so.0
Event: 0,114 Loaded shared library /home/aleksei/.javacpp/cache/openblas-0.3.13-1.5.5-linux-x86_64.jar/org/bytedeco/openblas/linux-x86_64/libjniopenblas_nolapack.so
Event: 0,153 Loaded shared library /home/aleksei/.javacpp/cache/openblas-0.3.13-1.5.5-linux-x86_64.jar/org/bytedeco/openblas/linux-x86_64/libopenblas.so.0
Event: 0,157 Loaded shared library /home/aleksei/.javacpp/cache/openblas-0.3.13-1.5.5-linux-x86_64.jar/org/bytedeco/openblas/linux-x86_64/libjniopenblas.so
Event: 0,364 Loaded shared library /home/aleksei/.javacpp/cache/opencv-4.5.1-1.5.5-linux-x86_64.jar/org/bytedeco/opencv/linux-x86_64/libopencv_core.so.4.5
Event: 0,374 Loaded shared library /home/aleksei/.javacpp/cache/opencv-4.5.1-1.5.5-linux-x86_64.jar/org/bytedeco/opencv/linux-x86_64/libopencv_imgproc.so.4.5
Event: 0,382 Loaded shared library /home/aleksei/.javacpp/cache/opencv-4.5.1-1.5.5-linux-x86_64.jar/org/bytedeco/opencv/linux-x86_64/libjniopencv_core.so
Event: 0,413 Loaded shared library /home/aleksei/.javacpp/cache/opencv-4.5.1-1.5.5-linux-x86_64.jar/org/bytedeco/opencv/linux-x86_64/libjniopencv_imgproc.so
Event: 0,417 Loaded shared library /home/aleksei/.javacpp/cache/opencv-4.5.1-1.5.5-linux-x86_64.jar/org/bytedeco/opencv/linux-x86_64/libopencv_imgcodecs.so.4.5
Event: 0,418 Loaded shared library /home/aleksei/.javacpp/cache/opencv-4.5.1-1.5.5-linux-x86_64.jar/org/bytedeco/opencv/linux-x86_64/libjniopencv_imgcodecs.so

Deoptimization events (20 events):
Event: 0,440 Thread 0x0000768a8002cf30 DEOPT PACKING pc=0x0000768a749c29a0 sp=0x0000768a881fe6a0
Event: 0,440 Thread 0x0000768a8002cf30 DEOPT UNPACKING pc=0x0000768a742b2f99 sp=0x0000768a881fe5a8 mode 2
Event: 0,440 Thread 0x0000768a8002cf30 Uncommon trap: trap_request=0xffffff45 fr.pc=0x0000768a749c1610 relative=0x00000000000000f0
Event: 0,440 Thread 0x0000768a8002cf30 Uncommon trap: reason=unstable_if action=reinterpret pc=0x0000768a749c1610 method=java.lang.String.getBytes([BIB)V @ 5 c2
Event: 0,440 Thread 0x0000768a8002cf30 DEOPT PACKING pc=0x0000768a749c1610 sp=0x0000768a881fe5d0
Event: 0,440 Thread 0x0000768a8002cf30 DEOPT UNPACKING pc=0x0000768a742b2f99 sp=0x0000768a881fe598 mode 2
Event: 0,440 Thread 0x0000768a8002cf30 Uncommon trap: trap_request=0xffffff45 fr.pc=0x0000768a749cc4c4 relative=0x0000000000000504
Event: 0,440 Thread 0x0000768a8002cf30 Uncommon trap: reason=unstable_if action=reinterpret pc=0x0000768a749cc4c4 method=java.lang.AbstractStringBuilder.isLatin1()Z @ 10 c2
Event: 0,440 Thread 0x0000768a8002cf30 DEOPT PACKING pc=0x0000768a749cc4c4 sp=0x0000768a881fe710
Event: 0,440 Thread 0x0000768a8002cf30 DEOPT UNPACKING pc=0x0000768a742b2f99 sp=0x0000768a881fe5a8 mode 2
Event: 2,095 Thread 0x0000768a8002cf30 Uncommon trap: trap_request=0xffffff45 fr.pc=0x0000768a74a40a04 relative=0x0000000000000584
Event: 2,095 Thread 0x0000768a8002cf30 Uncommon trap: reason=unstable_if action=reinterpret pc=0x0000768a74a40a04 method=java.util.regex.Matcher.search(I)Z @ 30 c2
Event: 2,095 Thread 0x0000768a8002cf30 DEOPT PACKING pc=0x0000768a74a40a04 sp=0x0000768a881fe730
Event: 2,095 Thread 0x0000768a8002cf30 DEOPT UNPACKING pc=0x0000768a742b2f99 sp=0x0000768a881fe720 mode 2
Event: 4,781 Thread 0x0000768a8002cf30 Uncommon trap: trap_request=0xffffff45 fr.pc=0x0000768a74a35cb0 relative=0x0000000000001a10
Event: 4,781 Thread 0x0000768a8002cf30 Uncommon trap: reason=unstable_if action=reinterpret pc=0x0000768a74a35cb0 method=jdk.internal.loader.URLClassPath$FileLoader.getResource(Ljava/lang/String;Z)Ljdk/internal/loader/Resource; @ 128 c2
Event: 4,781 Thread 0x0000768a8002cf30 DEOPT PACKING pc=0x0000768a74a35cb0 sp=0x0000768a881fde20
Event: 4,781 Thread 0x0000768a8002cf30 DEOPT UNPACKING pc=0x0000768a742b2f99 sp=0x0000768a881fddf0 mode 2
Event: 9,088 Thread 0x0000768a8002cf30 DEOPT PACKING pc=0x0000768a6cfeeb63 sp=0x0000768a881fe750
Event: 9,088 Thread 0x0000768a8002cf30 DEOPT UNPACKING pc=0x0000768a742b372f sp=0x0000768a881fdcf0 mode 0

Classes loaded (20 events):
Event: 0,432 Loading class jdk/internal/jimage/decompressor/ResourceDecompressor done
Event: 0,432 Loading class jdk/internal/jimage/decompressor/ZipDecompressor done
Event: 0,433 Loading class sun/net/www/protocol/jrt/Handler
Event: 0,433 Loading class sun/net/www/protocol/jrt/Handler done
Event: 0,436 Loading class sun/util/resources/LocaleData$CommonResourceBundleProvider
Event: 0,436 Loading class sun/util/resources/LocaleData$LocaleDataResourceBundleProvider
Event: 0,436 Loading class java/util/spi/ResourceBundleProvider
Event: 0,436 Loading class java/util/spi/ResourceBundleProvider done
Event: 0,436 Loading class sun/util/resources/LocaleData$LocaleDataResourceBundleProvider done
Event: 0,436 Loading class sun/util/resources/LocaleData$CommonResourceBundleProvider done
Event: 0,437 Loading class java/util/ArrayList$SubList$1
Event: 0,437 Loading class java/util/ArrayList$SubList$1 done
Event: 0,437 Loading class sun/text/resources/cldr/FormatData_en
Event: 0,437 Loading class sun/text/resources/cldr/FormatData_en done
Event: 0,437 Loading class sun/util/resources/Bundles$2
Event: 0,437 Loading class sun/util/resources/Bundles$2 done
Event: 4,774 Loading class java/util/regex/Matcher$ImmutableMatchResult
Event: 4,774 Loading class java/util/regex/Matcher$ImmutableMatchResult done
Event: 4,782 Loading class java/lang/NoSuchFieldError
Event: 4,782 Loading class java/lang/NoSuchFieldError done

Classes unloaded (0 events):
No events

Classes redefined (0 events):
No events

Internal exceptions (6 events):
Event: 0,045 Thread 0x0000768a8002cf30 Exception <a 'java/lang/NoSuchMethodError'{0x000000071aefac40}: 'int java.lang.invoke.DirectMethodHandle$Holder.invokeStaticInit(java.lang.Object, java.lang.Object, java.lang.Object, java.lang.Object)'> (0x000000071aefac40) 
thrown [src/hotspot/share/interpreter/linkResolver.cpp, line 783]
Event: 0,046 Thread 0x0000768a8002cf30 Exception <a 'java/lang/NoSuchMethodError'{0x000000071af04900}: 'java.lang.Object java.lang.invoke.DirectMethodHandle$Holder.invokeInterface(java.lang.Object, java.lang.Object)'> (0x000000071af04900) 
thrown [src/hotspot/share/interpreter/linkResolver.cpp, line 783]
Event: 0,046 Thread 0x0000768a8002cf30 Exception <a 'java/lang/IncompatibleClassChangeError'{0x000000071af07b98}: Found class java.lang.Object, but interface was expected> (0x000000071af07b98) 
thrown [src/hotspot/share/interpreter/linkResolver.cpp, line 851]
Event: 0,046 Thread 0x0000768a8002cf30 Exception <a 'java/lang/NoSuchMethodError'{0x000000071af0a828}: 'void java.lang.invoke.DirectMethodHandle$Holder.invokeStatic(java.lang.Object, java.lang.Object)'> (0x000000071af0a828) 
thrown [src/hotspot/share/interpreter/linkResolver.cpp, line 783]
Event: 0,047 Thread 0x0000768a8002cf30 Exception <a 'java/lang/NoSuchMethodError'{0x000000071af0dc38}: 'void java.lang.invoke.DirectMethodHandle$Holder.invokeStaticInit(java.lang.Object, java.lang.Object)'> (0x000000071af0dc38) 
thrown [src/hotspot/share/interpreter/linkResolver.cpp, line 783]
Event: 0,047 Thread 0x0000768a8002cf30 Exception <a 'java/lang/NoSuchMethodError'{0x000000071af13840}: 'int java.lang.invoke.DirectMethodHandle$Holder.invokeStaticInit(java.lang.Object, java.lang.Object)'> (0x000000071af13840) 
thrown [src/hotspot/share/interpreter/linkResolver.cpp, line 783]

ZGC Phase Switch (0 events):
No events

VM Operations (20 events):
Event: 10,514 Executing VM operation: G1CollectForAllocation (G1 Evacuation Pause)
Event: 10,514 Executing VM operation: G1CollectForAllocation (G1 Evacuation Pause) done
Event: 10,713 Executing VM operation: G1CollectForAllocation (G1 Evacuation Pause)
Event: 10,714 Executing VM operation: G1CollectForAllocation (G1 Evacuation Pause) done
Event: 10,910 Executing VM operation: G1CollectForAllocation (G1 Evacuation Pause)
Event: 10,911 Executing VM operation: G1CollectForAllocation (G1 Evacuation Pause) done
Event: 11,112 Executing VM operation: G1CollectForAllocation (G1 Evacuation Pause)
Event: 11,113 Executing VM operation: G1CollectForAllocation (G1 Evacuation Pause) done
Event: 11,305 Executing VM operation: G1CollectForAllocation (G1 Evacuation Pause)
Event: 11,305 Executing VM operation: G1CollectForAllocation (G1 Evacuation Pause) done
Event: 11,501 Executing VM operation: G1CollectForAllocation (G1 Evacuation Pause)
Event: 11,502 Executing VM operation: G1CollectForAllocation (G1 Evacuation Pause) done
Event: 11,701 Executing VM operation: G1CollectForAllocation (G1 Evacuation Pause)
Event: 11,702 Executing VM operation: G1CollectForAllocation (G1 Evacuation Pause) done
Event: 11,898 Executing VM operation: G1CollectForAllocation (G1 Evacuation Pause)
Event: 11,899 Executing VM operation: G1CollectForAllocation (G1 Evacuation Pause) done
Event: 12,089 Executing VM operation: G1CollectForAllocation (G1 Evacuation Pause)
Event: 12,090 Executing VM operation: G1CollectForAllocation (G1 Evacuation Pause) done
Event: 12,280 Executing VM operation: G1CollectForAllocation (G1 Evacuation Pause)
Event: 12,280 Executing VM operation: G1CollectForAllocation (G1 Evacuation Pause) done

Memory protections (15 events):
Event: 0,001 Protecting memory [0x0000768a88100000,0x0000768a88104000] with protection modes 0
Event: 0,014 Protecting memory [0x0000768a84700000,0x0000768a84704000] with protection modes 0
Event: 0,014 Protecting memory [0x0000768a845ff000,0x0000768a84603000] with protection modes 0
Event: 0,014 Protecting memory [0x0000768a844fe000,0x0000768a84502000] with protection modes 0
Event: 0,014 Protecting memory [0x0000768a843fd000,0x0000768a84401000] with protection modes 0
Event: 0,014 Protecting memory [0x0000768a842fc000,0x0000768a84300000] with protection modes 0
Event: 0,014 Protecting memory [0x0000768a841fb000,0x0000768a841ff000] with protection modes 0
Event: 0,014 Protecting memory [0x0000768a840fa000,0x0000768a840fe000] with protection modes 0
Event: 0,018 Protecting memory [0x0000768a7ff00000,0x0000768a7ff04000] with protection modes 0
Event: 0,018 Protecting memory [0x0000768a69000000,0x0000768a69004000] with protection modes 0
Event: 0,024 Protecting memory [0x0000768a68eff000,0x0000768a68f03000] with protection modes 0
Event: 0,024 Protecting memory [0x0000768a68dfe000,0x0000768a68e02000] with protection modes 0
Event: 0,029 Protecting memory [0x0000768a68cfd000,0x0000768a68d01000] with protection modes 0
Event: 0,029 Protecting memory [0x0000768a68bfc000,0x0000768a68c00000] with protection modes 0
Event: 0,081 Protecting memory [0x0000768a68afb000,0x0000768a68aff000] with protection modes 0

Nmethod flushes (0 events):
No events

Events (18 events):
Event: 0,010 Thread 0x0000768a8002cf30 Thread added: 0x0000768a8002cf30
Event: 0,014 Thread 0x0000768a8002cf30 Thread added: 0x0000768a80184720
Event: 0,014 Thread 0x0000768a8002cf30 Thread added: 0x0000768a80185c80
Event: 0,014 Thread 0x0000768a8002cf30 Thread added: 0x0000768a80187410
Event: 0,014 Thread 0x0000768a8002cf30 Thread added: 0x0000768a80188a40
Event: 0,014 Thread 0x0000768a8002cf30 Thread added: 0x0000768a80189fd0
Event: 0,014 Thread 0x0000768a8002cf30 Thread added: 0x0000768a8018bb80
Event: 0,014 Thread 0x0000768a8002cf30 Thread added: 0x0000768a8018d230
Event: 0,018 Thread 0x0000768a8002cf30 Thread added: 0x0000768a8019ac20
Event: 0,018 Thread 0x0000768a8002cf30 Thread added: 0x0000768a8019dc80
Event: 0,024 Thread 0x0000768a8018d230 Thread added: 0x00007689e003c950
Event: 0,024 Thread 0x0000768a8018d230 Thread added: 0x00007689e003dc10
Event: 0,029 Thread 0x00007689e003c950 Thread added: 0x00007689dc041a10
Event: 0,029 Thread 0x00007689e003c950 Thread added: 0x00007689dc042ca0
Event: 0,081 Thread 0x0000768a8002cf30 Thread added: 0x0000768a803ddee0
Event: 4,775 Thread 0x00007689dc042ca0 Thread exited: 0x00007689dc042ca0
Event: 9,071 Thread 0x00007689dc041a10 Thread exited: 0x00007689dc041a10
Event: 10,675 Thread 0x00007689e003dc10 Thread exited: 0x00007689e003dc10


Dynamic libraries:
70c000000-71b400000 rw-p 00000000 00:00 0 
71b400000-7ffe00000 ---p 00000000 00:00 0 
7ffe00000-7fff0c000 rw-p 00d70000 103:06 10757205                        /home/aleksei/App/ideaIC-2025.1.2/idea-IC-251.26094.121/jbr/lib/server/classes.jsa
7fff0c000-800000000 rw-p 00000000 00:00 0 
5ff257efa000-5ff257efb000 r--p 00000000 103:06 10757496                  /home/aleksei/App/ideaIC-2025.1.2/idea-IC-251.26094.121/jbr/bin/java
5ff257efb000-5ff257efc000 r-xp 00001000 103:06 10757496                  /home/aleksei/App/ideaIC-2025.1.2/idea-IC-251.26094.121/jbr/bin/java
5ff257efc000-5ff257efd000 r--p 00002000 103:06 10757496                  /home/aleksei/App/ideaIC-2025.1.2/idea-IC-251.26094.121/jbr/bin/java
5ff257efd000-5ff257efe000 r--p 00002000 103:06 10757496                  /home/aleksei/App/ideaIC-2025.1.2/idea-IC-251.26094.121/jbr/bin/java
5ff257efe000-5ff257eff000 rw-p 00003000 103:06 10757496                  /home/aleksei/App/ideaIC-2025.1.2/idea-IC-251.26094.121/jbr/bin/java
5ff2592e5000-5ff25932d000 rw-p 00000000 00:00 0                          [heap]
7688ac000000-7688ac021000 rw-p 00000000 00:00 0 
7688ac021000-7688b0000000 ---p 00000000 00:00 0 
7688b4000000-7688b4021000 rw-p 00000000 00:00 0 
7688b4021000-7688b8000000 ---p 00000000 00:00 0 
7688b8000000-7688b8021000 rw-p 00000000 00:00 0 
7688b8021000-7688bc000000 ---p 00000000 00:00 0 
7688bc000000-7688bc021000 rw-p 00000000 00:00 0 
7688bc021000-7688c0000000 ---p 00000000 00:00 0 
7688c1070000-7688c1600000 rw-p 00000000 00:00 0 
7688c1600000-7688c1630000 r-xp 00000000 103:06 10881099                  /home/aleksei/.javacpp/cache/opencv-4.5.1-1.5.5-linux-x86_64.jar/org/bytedeco/opencv/linux-x86_64/libjniopencv_imgcodecs.so
7688c1630000-7688c182f000 ---p 00030000 103:06 10881099                  /home/aleksei/.javacpp/cache/opencv-4.5.1-1.5.5-linux-x86_64.jar/org/bytedeco/opencv/linux-x86_64/libjniopencv_imgcodecs.so
7688c182f000-7688c1830000 r--p 0002f000 103:06 10881099                  /home/aleksei/.javacpp/cache/opencv-4.5.1-1.5.5-linux-x86_64.jar/org/bytedeco/opencv/linux-x86_64/libjniopencv_imgcodecs.so
7688c1830000-7688c1831000 rw-p 00030000 103:06 10881099                  /home/aleksei/.javacpp/cache/opencv-4.5.1-1.5.5-linux-x86_64.jar/org/bytedeco/opencv/linux-x86_64/libjniopencv_imgcodecs.so
7688c1a00000-7688c1d4e000 r-xp 00000000 103:06 10881097                  /home/aleksei/.javacpp/cache/opencv-4.5.1-1.5.5-linux-x86_64.jar/org/bytedeco/opencv/linux-x86_64/libopencv_imgcodecs.so.4.5
7688c1d4e000-7688c1f4d000 ---p 0034e000 103:06 10881097                  /home/aleksei/.javacpp/cache/opencv-4.5.1-1.5.5-linux-x86_64.jar/org/bytedeco/opencv/linux-x86_64/libopencv_imgcodecs.so.4.5
7688c1f4d000-7688c1f57000 r--p 0034d000 103:06 10881097                  /home/aleksei/.javacpp/cache/opencv-4.5.1-1.5.5-linux-x86_64.jar/org/bytedeco/opencv/linux-x86_64/libopencv_imgcodecs.so.4.5
7688c1f57000-7688c1f5b000 rw-p 00357000 103:06 10881097                  /home/aleksei/.javacpp/cache/opencv-4.5.1-1.5.5-linux-x86_64.jar/org/bytedeco/opencv/linux-x86_64/libopencv_imgcodecs.so.4.5
7688c1f5b000-7688c1fc5000 rw-p 00000000 00:00 0 
7688c2000000-7688c2153000 r-xp 00000000 103:06 10881096                  /home/aleksei/.javacpp/cache/opencv-4.5.1-1.5.5-linux-x86_64.jar/org/bytedeco/opencv/linux-x86_64/libjniopencv_imgproc.so
7688c2153000-7688c2353000 ---p 00153000 103:06 10881096                  /home/aleksei/.javacpp/cache/opencv-4.5.1-1.5.5-linux-x86_64.jar/org/bytedeco/opencv/linux-x86_64/libjniopencv_imgproc.so
7688c2353000-7688c2356000 r--p 00153000 103:06 10881096                  /home/aleksei/.javacpp/cache/opencv-4.5.1-1.5.5-linux-x86_64.jar/org/bytedeco/opencv/linux-x86_64/libjniopencv_imgproc.so
7688c2356000-7688c2357000 rw-p 00156000 103:06 10881096                  /home/aleksei/.javacpp/cache/opencv-4.5.1-1.5.5-linux-x86_64.jar/org/bytedeco/opencv/linux-x86_64/libjniopencv_imgproc.so
7688c2400000-7688c29ab000 r-xp 00000000 103:06 10881093                  /home/aleksei/.javacpp/cache/opencv-4.5.1-1.5.5-linux-x86_64.jar/org/bytedeco/opencv/linux-x86_64/libopencv_imgproc.so.4.5
7688c29ab000-7688c2baa000 ---p 005ab000 103:06 10881093                  /home/aleksei/.javacpp/cache/opencv-4.5.1-1.5.5-linux-x86_64.jar/org/bytedeco/opencv/linux-x86_64/libopencv_imgproc.so.4.5
7688c2baa000-7688c2bc5000 r--p 005aa000 103:06 10881093                  /home/aleksei/.javacpp/cache/opencv-4.5.1-1.5.5-linux-x86_64.jar/org/bytedeco/opencv/linux-x86_64/libopencv_imgproc.so.4.5
7688c2bc5000-7688c2bce000 rw-p 005c5000 103:06 10881093                  /home/aleksei/.javacpp/cache/opencv-4.5.1-1.5.5-linux-x86_64.jar/org/bytedeco/opencv/linux-x86_64/libopencv_imgproc.so.4.5
7688c2bce000-7688c2c6e000 rw-p 00000000 00:00 0 
7688c2e00000-7688c31fb000 r-xp 00000000 103:06 10881085                  /home/aleksei/.javacpp/cache/opencv-4.5.1-1.5.5-linux-x86_64.jar/org/bytedeco/opencv/linux-x86_64/libopencv_core.so.4.5
7688c31fb000-7688c33fa000 ---p 003fb000 103:06 10881085                  /home/aleksei/.javacpp/cache/opencv-4.5.1-1.5.5-linux-x86_64.jar/org/bytedeco/opencv/linux-x86_64/libopencv_core.so.4.5
7688c33fa000-7688c3408000 r--p 003fa000 103:06 10881085                  /home/aleksei/.javacpp/cache/opencv-4.5.1-1.5.5-linux-x86_64.jar/org/bytedeco/opencv/linux-x86_64/libopencv_core.so.4.5
7688c3408000-7688c340e000 rw-p 00408000 103:06 10881085                  /home/aleksei/.javacpp/cache/opencv-4.5.1-1.5.5-linux-x86_64.jar/org/bytedeco/opencv/linux-x86_64/libopencv_core.so.4.5
7688c340e000-7688c3414000 rw-p 00000000 00:00 0 
7688c3600000-7688c4e3f000 r-xp 00000000 103:06 10252867                  /home/aleksei/.javacpp/cache/openblas-0.3.13-1.5.5-linux-x86_64.jar/org/bytedeco/openblas/linux-x86_64/libjniopenblas.so
7688c4e3f000-7688c503f000 ---p 0183f000 103:06 10252867                  /home/aleksei/.javacpp/cache/openblas-0.3.13-1.5.5-linux-x86_64.jar/org/bytedeco/openblas/linux-x86_64/libjniopenblas.so
7688c503f000-7688c5040000 r--p 0183f000 103:06 10252867                  /home/aleksei/.javacpp/cache/openblas-0.3.13-1.5.5-linux-x86_64.jar/org/bytedeco/openblas/linux-x86_64/libjniopenblas.so
7688c5040000-7688c5048000 rw-p 01840000 103:06 10252867                  /home/aleksei/.javacpp/cache/openblas-0.3.13-1.5.5-linux-x86_64.jar/org/bytedeco/openblas/linux-x86_64/libjniopenblas.so
7688c5048000-7688c5049000 rw-p 00000000 00:00 0 
7688c5200000-7688dd200000 rw-p 00000000 00:00 0 
7688dd3ff000-7688dd400000 ---p 00000000 00:00 0 
7688dd400000-7688ddc00000 rw-p 00000000 00:00 0 
7688ddc00000-7688e5c00000 rw-p 00000000 00:00 0 
7688e5dff000-7688e5e00000 ---p 00000000 00:00 0 
7688e5e00000-7688e6600000 rw-p 00000000 00:00 0 
7688e6600000-7688ee600000 rw-p 00000000 00:00 0 
7688ee7ff000-7688ee800000 ---p 00000000 00:00 0 
7688ee800000-7688ef000000 rw-p 00000000 00:00 0 
7688ef000000-7688f7000000 rw-p 00000000 00:00 0 
7688f71ff000-7688f7200000 ---p 00000000 00:00 0 
7688f7200000-7688f7a00000 rw-p 00000000 00:00 0 
7688f7a00000-7688ffa00000 rw-p 00000000 00:00 0 
7688ffbff000-7688ffc00000 ---p 00000000 00:00 0 
7688ffc00000-768900400000 rw-p 00000000 00:00 0 
768900400000-768908400000 rw-p 00000000 00:00 0 
7689085ff000-768908600000 ---p 00000000 00:00 0 
768908600000-768908e00000 rw-p 00000000 00:00 0 
768908e00000-768910e00000 rw-p 00000000 00:00 0 
768910fff000-768911000000 ---p 00000000 00:00 0 
768911000000-768911800000 rw-p 00000000 00:00 0 
768911800000-768919800000 rw-p 00000000 00:00 0 
7689199ff000-768919a00000 ---p 00000000 00:00 0 
768919a00000-76891a200000 rw-p 00000000 00:00 0 
76891a200000-768922200000 rw-p 00000000 00:00 0 
7689223ff000-768922400000 ---p 00000000 00:00 0 
768922400000-768922c00000 rw-p 00000000 00:00 0 
768922c00000-76892ac00000 rw-p 00000000 00:00 0 
76892adff000-76892ae00000 ---p 00000000 00:00 0 
76892ae00000-76892b600000 rw-p 00000000 00:00 0 
76892b600000-768933600000 rw-p 00000000 00:00 0 
7689337ff000-768933800000 ---p 00000000 00:00 0 
768933800000-768934000000 rw-p 00000000 00:00 0 
768934000000-76893c000000 rw-p 00000000 00:00 0 
76893c1ff000-76893c200000 ---p 00000000 00:00 0 
76893c200000-76893ca00000 rw-p 00000000 00:00 0 
76893ca00000-768944a00000 rw-p 00000000 00:00 0 
768944bfd000-768944bfe000 ---p 00000000 00:00 0 
768944bfe000-7689453fe000 rw-p 00000000 00:00 0 
7689453fe000-7689453ff000 ---p 00000000 00:00 0 
7689453ff000-768945bff000 rw-p 00000000 00:00 0 
768945bff000-768945c00000 ---p 00000000 00:00 0 
768945c00000-768946400000 rw-p 00000000 00:00 0 
768946400000-7689480fc000 r-xp 00000000 103:06 10252697                  /home/aleksei/.javacpp/cache/openblas-0.3.13-1.5.5-linux-x86_64.jar/org/bytedeco/openblas/linux-x86_64/libopenblas.so.0
7689480fc000-7689482fc000 ---p 01cfc000 103:06 10252697                  /home/aleksei/.javacpp/cache/openblas-0.3.13-1.5.5-linux-x86_64.jar/org/bytedeco/openblas/linux-x86_64/libopenblas.so.0
7689482fc000-768948302000 r--p 01cfc000 103:06 10252697                  /home/aleksei/.javacpp/cache/openblas-0.3.13-1.5.5-linux-x86_64.jar/org/bytedeco/openblas/linux-x86_64/libopenblas.so.0
768948302000-768948318000 rw-p 01d02000 103:06 10252697                  /home/aleksei/.javacpp/cache/openblas-0.3.13-1.5.5-linux-x86_64.jar/org/bytedeco/openblas/linux-x86_64/libopenblas.so.0
768948318000-768948324000 rw-p 00000000 00:00 0 
768948400000-768960400000 rw-p 00000000 00:00 0 
7689605fe000-7689605ff000 ---p 00000000 00:00 0 
7689605ff000-768960dff000 rw-p 00000000 00:00 0 
768960dff000-768960e00000 ---p 00000000 00:00 0 
768960e00000-768961600000 rw-p 00000000 00:00 0 
768961600000-768969600000 rw-p 00000000 00:00 0 
7689697ff000-768969800000 ---p 00000000 00:00 0 
768969800000-76896a000000 rw-p 00000000 00:00 0 
76896a000000-768972000000 rw-p 00000000 00:00 0 
7689721ff000-768972200000 ---p 00000000 00:00 0 
768972200000-768972a00000 rw-p 00000000 00:00 0 
768972a00000-768982a00000 rw-p 00000000 00:00 0 
768982bfe000-768982bff000 ---p 00000000 00:00 0 
768982bff000-7689833ff000 rw-p 00000000 00:00 0 
7689833ff000-768983400000 ---p 00000000 00:00 0 
768983400000-768983c00000 rw-p 00000000 00:00 0 
768983c00000-76898bc00000 rw-p 00000000 00:00 0 
76898bdff000-76898be00000 ---p 00000000 00:00 0 
76898be00000-76898c600000 rw-p 00000000 00:00 0 
76898c600000-768994600000 rw-p 00000000 00:00 0 
7689947ff000-768994800000 ---p 00000000 00:00 0 
768994800000-768995000000 rw-p 00000000 00:00 0 
768995000000-76899d000000 rw-p 00000000 00:00 0 
76899d1ff000-76899d200000 ---p 00000000 00:00 0 
76899d200000-76899da00000 rw-p 00000000 00:00 0 
76899da00000-7689a5a00000 rw-p 00000000 00:00 0 
7689a5bff000-7689a5c00000 ---p 00000000 00:00 0 
7689a5c00000-7689a6400000 rw-p 00000000 00:00 0 
7689a6400000-7689b6400000 rw-p 00000000 00:00 0 
7689b65fe000-7689b65ff000 ---p 00000000 00:00 0 
7689b65ff000-7689b6dff000 rw-p 00000000 00:00 0 
7689b6dff000-7689b6e00000 ---p 00000000 00:00 0 
7689b6e00000-7689b7600000 rw-p 00000000 00:00 0 
7689b7600000-7689c7600000 rw-p 00000000 00:00 0 
7689c77ff000-7689c7800000 ---p 00000000 00:00 0 
7689c7800000-7689c8000000 rw-p 00000000 00:00 0 
7689c8000000-7689c8836000 rw-p 00000000 00:00 0 
7689c8836000-7689cc000000 ---p 00000000 00:00 0 
7689cc000000-7689cc021000 rw-p 00000000 00:00 0 
7689cc021000-7689d0000000 ---p 00000000 00:00 0 
7689d0000000-7689d01b9000 rw-p 00000000 00:00 0 
7689d01b9000-7689d4000000 ---p 00000000 00:00 0 
7689d4000000-7689d4d77000 rw-p 00000000 00:00 0 
7689d4d77000-7689d8000000 ---p 00000000 00:00 0 
7689d8000000-7689d8021000 rw-p 00000000 00:00 0 
7689d8021000-7689dc000000 ---p 00000000 00:00 0 
7689dc000000-7689dc13f000 rw-p 00000000 00:00 0 
7689dc13f000-7689e0000000 ---p 00000000 00:00 0 
7689e0000000-7689e0195000 rw-p 00000000 00:00 0 
7689e0195000-7689e4000000 ---p 00000000 00:00 0 
7689e4000000-7689e4021000 rw-p 00000000 00:00 0 
7689e4021000-7689e8000000 ---p 00000000 00:00 0 
7689e8000000-7689e8021000 rw-p 00000000 00:00 0 
7689e8021000-7689ec000000 ---p 00000000 00:00 0 
7689ec000000-7689ec781000 rw-p 00000000 00:00 0 
7689ec781000-7689f0000000 ---p 00000000 00:00 0 
7689f0000000-7689f0021000 rw-p 00000000 00:00 0 
7689f0021000-7689f4000000 ---p 00000000 00:00 0 
7689f4000000-7689f4021000 rw-p 00000000 00:00 0 
7689f4021000-7689f8000000 ---p 00000000 00:00 0 
7689f8000000-7689f8021000 rw-p 00000000 00:00 0 
7689f8021000-7689fc000000 ---p 00000000 00:00 0 
7689fc000000-7689fc021000 rw-p 00000000 00:00 0 
7689fc021000-768a00000000 ---p 00000000 00:00 0 
768a00000000-768a00021000 rw-p 00000000 00:00 0 
768a00021000-768a04000000 ---p 00000000 00:00 0 
768a04200000-768a0452f000 r-xp 00000000 103:06 10881095                  /home/aleksei/.javacpp/cache/opencv-4.5.1-1.5.5-linux-x86_64.jar/org/bytedeco/opencv/linux-x86_64/libjniopencv_core.so
768a0452f000-768a0472f000 ---p 0032f000 103:06 10881095                  /home/aleksei/.javacpp/cache/opencv-4.5.1-1.5.5-linux-x86_64.jar/org/bytedeco/opencv/linux-x86_64/libjniopencv_core.so
768a0472f000-768a0473b000 r--p 0032f000 103:06 10881095                  /home/aleksei/.javacpp/cache/opencv-4.5.1-1.5.5-linux-x86_64.jar/org/bytedeco/opencv/linux-x86_64/libjniopencv_core.so
768a0473b000-768a0473e000 rw-p 0033b000 103:06 10881095                  /home/aleksei/.javacpp/cache/opencv-4.5.1-1.5.5-linux-x86_64.jar/org/bytedeco/opencv/linux-x86_64/libjniopencv_core.so
768a0473e000-768a0473f000 rw-p 00000000 00:00 0 
768a047ff000-768a04800000 ---p 00000000 00:00 0 
768a04800000-768a05000000 rw-p 00000000 00:00 0 
768a05000000-768a06cfc000 r-xp 00000000 103:06 10251272                  /home/aleksei/.javacpp/cache/openblas-0.3.13-1.5.5-linux-x86_64.jar/org/bytedeco/openblas/linux-x86_64/libopenblas_nolapack.so.0
768a06cfc000-768a06efc000 ---p 01cfc000 103:06 10251272                  /home/aleksei/.javacpp/cache/openblas-0.3.13-1.5.5-linux-x86_64.jar/org/bytedeco/openblas/linux-x86_64/libopenblas_nolapack.so.0
768a06efc000-768a06f02000 r--p 01cfc000 103:06 10251272                  /home/aleksei/.javacpp/cache/openblas-0.3.13-1.5.5-linux-x86_64.jar/org/bytedeco/openblas/linux-x86_64/libopenblas_nolapack.so.0
768a06f02000-768a06f18000 rw-p 01d02000 103:06 10251272                  /home/aleksei/.javacpp/cache/openblas-0.3.13-1.5.5-linux-x86_64.jar/org/bytedeco/openblas/linux-x86_64/libopenblas_nolapack.so.0
768a06f18000-768a06f24000 rw-p 00000000 00:00 0 
768a07000000-768a071b0000 rw-p 00000000 00:00 0 
768a071b0000-768a07400000 ---p 00000000 00:00 0 
768a07400000-768a074a0000 rw-p 00000000 00:00 0 
768a074a0000-768a07ac0000 rw-p 00000000 00:00 0 
768a07ac0000-768a0b000000 ---p 00000000 00:00 0 
768a0b000000-768a0bd2e000 rw-p 00001000 103:06 10757205                  /home/aleksei/App/ideaIC-2025.1.2/idea-IC-251.26094.121/jbr/lib/server/classes.jsa
768a0bd2e000-768a0c000000 ---p 00000000 00:00 0 
768a0c000000-768a0c040000 rw-p 00000000 00:00 0 
768a0c040000-768a0c060000 rw-p 00000000 00:00 0 
768a0c060000-768a0c080000 ---p 00000000 00:00 0 
768a0c080000-768a0c0a0000 rw-p 00000000 00:00 0 
768a0c0a0000-768a4c000000 ---p 00000000 00:00 0 
768a4c000000-768a4c021000 rw-p 00000000 00:00 0 
768a4c021000-768a50000000 ---p 00000000 00:00 0 
768a50000000-768a50021000 rw-p 00000000 00:00 0 
768a50021000-768a54000000 ---p 00000000 00:00 0 
768a54000000-768a54021000 rw-p 00000000 00:00 0 
768a54021000-768a58000000 ---p 00000000 00:00 0 
768a5815d000-768a58400000 rw-p 00000000 00:00 0 
768a58400000-768a58449000 r-xp 00000000 103:06 10251275                  /home/aleksei/.javacpp/cache/openblas-0.3.13-1.5.5-linux-x86_64.jar/org/bytedeco/openblas/linux-x86_64/libjniopenblas_nolapack.so
768a58449000-768a58649000 ---p 00049000 103:06 10251275                  /home/aleksei/.javacpp/cache/openblas-0.3.13-1.5.5-linux-x86_64.jar/org/bytedeco/openblas/linux-x86_64/libjniopenblas_nolapack.so
768a58649000-768a5864a000 r--p 00049000 103:06 10251275                  /home/aleksei/.javacpp/cache/openblas-0.3.13-1.5.5-linux-x86_64.jar/org/bytedeco/openblas/linux-x86_64/libjniopenblas_nolapack.so
768a5864a000-768a5864b000 rw-p 0004a000 103:06 10251275                  /home/aleksei/.javacpp/cache/openblas-0.3.13-1.5.5-linux-x86_64.jar/org/bytedeco/openblas/linux-x86_64/libjniopenblas_nolapack.so
768a587ff000-768a58800000 ---p 00000000 00:00 0 
768a58800000-768a59000000 rw-p 00000000 00:00 0 
768a59000000-768a5916c000 r-xp 00000000 103:06 10250393                  /home/aleksei/.javacpp/cache/openblas-0.3.13-1.5.5-linux-x86_64.jar/org/bytedeco/openblas/linux-x86_64/libgfortran.so.4
768a5916c000-768a5936b000 ---p 0016c000 103:06 10250393                  /home/aleksei/.javacpp/cache/openblas-0.3.13-1.5.5-linux-x86_64.jar/org/bytedeco/openblas/linux-x86_64/libgfortran.so.4
768a5936b000-768a5936e000 rw-p 0016b000 103:06 10250393                  /home/aleksei/.javacpp/cache/openblas-0.3.13-1.5.5-linux-x86_64.jar/org/bytedeco/openblas/linux-x86_64/libgfortran.so.4
768a59400000-768a5941c000 r--p 00000000 103:06 12063993                  /usr/lib/libgfortran.so.5.0.0
768a5941c000-768a596f9000 r-xp 0001c000 103:06 12063993                  /usr/lib/libgfortran.so.5.0.0
768a596f9000-768a59723000 r--p 002f9000 103:06 12063993                  /usr/lib/libgfortran.so.5.0.0
768a59723000-768a59725000 r--p 00323000 103:06 12063993                  /usr/lib/libgfortran.so.5.0.0
768a59725000-768a59726000 rw-p 00325000 103:06 12063993                  /usr/lib/libgfortran.so.5.0.0
768a59800000-768a5983f000 r-xp 00000000 103:06 10250391                  /home/aleksei/.javacpp/cache/openblas-0.3.13-1.5.5-linux-x86_64.jar/org/bytedeco/openblas/linux-x86_64/libquadmath.so.0
768a5983f000-768a59a3e000 ---p 0003f000 103:06 10250391                  /home/aleksei/.javacpp/cache/openblas-0.3.13-1.5.5-linux-x86_64.jar/org/bytedeco/openblas/linux-x86_64/libquadmath.so.0
768a59a3e000-768a59a3f000 rw-p 0003e000 103:06 10250391                  /home/aleksei/.javacpp/cache/openblas-0.3.13-1.5.5-linux-x86_64.jar/org/bytedeco/openblas/linux-x86_64/libquadmath.so.0
768a59c00000-768a59c16000 r-xp 00000000 103:06 10250389                  /home/aleksei/.javacpp/cache/openblas-0.3.13-1.5.5-linux-x86_64.jar/org/bytedeco/openblas/linux-x86_64/libgcc_s.so.1
768a59c16000-768a59e15000 ---p 00016000 103:06 10250389                  /home/aleksei/.javacpp/cache/openblas-0.3.13-1.5.5-linux-x86_64.jar/org/bytedeco/openblas/linux-x86_64/libgcc_s.so.1
768a59e15000-768a59e16000 rw-p 00015000 103:06 10250389                  /home/aleksei/.javacpp/cache/openblas-0.3.13-1.5.5-linux-x86_64.jar/org/bytedeco/openblas/linux-x86_64/libgcc_s.so.1
768a5a000000-768a5c021000 rw-p 00000000 00:00 0 
768a5c021000-768a60000000 ---p 00000000 00:00 0 
768a60000000-768a60021000 rw-p 00000000 00:00 0 
768a60021000-768a64000000 ---p 00000000 00:00 0 
768a64000000-768a64021000 rw-p 00000000 00:00 0 
768a64021000-768a68000000 ---p 00000000 00:00 0 
768a680fd000-768a680fe000 ---p 00000000 00:00 0 
768a680fe000-768a681fe000 rw-p 00000000 00:00 0 
768a681fe000-768a681ff000 ---p 00000000 00:00 0 
768a681ff000-768a682ff000 rw-p 00000000 00:00 0 
768a682ff000-768a68300000 ---p 00000000 00:00 0 
768a68300000-768a68400000 rw-p 00000000 00:00 0 
768a68400000-768a68497000 r--p 00000000 103:06 12065959                  /usr/lib/libstdc++.so.6.0.33
768a68497000-768a685e4000 r-xp 00097000 103:06 12065959                  /usr/lib/libstdc++.so.6.0.33
768a685e4000-768a68674000 r--p 001e4000 103:06 12065959                  /usr/lib/libstdc++.so.6.0.33
768a68674000-768a68681000 r--p 00274000 103:06 12065959                  /usr/lib/libstdc++.so.6.0.33
768a68681000-768a68682000 rw-p 00281000 103:06 12065959                  /usr/lib/libstdc++.so.6.0.33
768a68682000-768a68686000 rw-p 00000000 00:00 0 
768a686ff000-768a68700000 ---p 00000000 00:00 0 
768a68700000-768a68800000 rw-p 00000000 00:00 0 
768a68800000-768a6880d000 r-xp 00000000 103:06 10250383                  /home/aleksei/.javacpp/cache/javacpp-1.5.5-linux-x86_64.jar/org/bytedeco/javacpp/linux-x86_64/libjnijavacpp.so
768a6880d000-768a68a0c000 ---p 0000d000 103:06 10250383                  /home/aleksei/.javacpp/cache/javacpp-1.5.5-linux-x86_64.jar/org/bytedeco/javacpp/linux-x86_64/libjnijavacpp.so
768a68a0c000-768a68a0d000 r--p 0000c000 103:06 10250383                  /home/aleksei/.javacpp/cache/javacpp-1.5.5-linux-x86_64.jar/org/bytedeco/javacpp/linux-x86_64/libjnijavacpp.so
768a68a0d000-768a68a0e000 rw-p 0000d000 103:06 10250383                  /home/aleksei/.javacpp/cache/javacpp-1.5.5-linux-x86_64.jar/org/bytedeco/javacpp/linux-x86_64/libjnijavacpp.so
768a68afa000-768a68afb000 ---p 00000000 00:00 0 
768a68afb000-768a68aff000 ---p 00000000 00:00 0 
768a68aff000-768a68bfb000 rw-p 00000000 00:00 0 
768a68bfb000-768a68bfc000 ---p 00000000 00:00 0 
768a68bfc000-768a68c00000 ---p 00000000 00:00 0 
768a68c00000-768a68cfc000 rw-p 00000000 00:00 0 
768a68cfc000-768a68cfd000 ---p 00000000 00:00 0 
768a68cfd000-768a68d01000 ---p 00000000 00:00 0 
768a68d01000-768a68dfd000 rw-p 00000000 00:00 0 
768a68dfd000-768a68dfe000 ---p 00000000 00:00 0 
768a68dfe000-768a68e02000 ---p 00000000 00:00 0 
768a68e02000-768a68efe000 rw-p 00000000 00:00 0 
768a68efe000-768a68eff000 ---p 00000000 00:00 0 
768a68eff000-768a68f03000 ---p 00000000 00:00 0 
768a68f03000-768a68fff000 rw-p 00000000 00:00 0 
768a68fff000-768a69000000 ---p 00000000 00:00 0 
768a69000000-768a69004000 ---p 00000000 00:00 0 
768a69004000-768a69100000 rw-p 00000000 00:00 0 
768a69100000-768a694d0000 rw-p 00000000 00:00 0 
768a694d0000-768a6cdf8000 ---p 00000000 00:00 0 
768a6cdf8000-768a6ce00000 rw-p 00000000 00:00 0 
768a6ce00000-768a6d070000 rwxp 00000000 00:00 0 
768a6d070000-768a7425f000 ---p 00000000 00:00 0 
768a7425f000-768a7458f000 rwxp 00000000 00:00 0 
768a7458f000-768a749a0000 ---p 00000000 00:00 0 
768a749a0000-768a74c10000 rwxp 00000000 00:00 0 
768a74c10000-768a7be00000 ---p 00000000 00:00 0 
768a7be00000-768a7fe63000 r--s 00000000 103:06 10757190                  /home/aleksei/App/ideaIC-2025.1.2/idea-IC-251.26094.121/jbr/lib/modules
768a7feff000-768a7ff00000 ---p 00000000 00:00 0 
768a7ff00000-768a7ff04000 ---p 00000000 00:00 0 
768a7ff04000-768a80000000 rw-p 00000000 00:00 0 
768a80000000-768a80a06000 rw-p 00000000 00:00 0 
768a80a06000-768a84000000 ---p 00000000 00:00 0 
768a840f9000-768a840fa000 ---p 00000000 00:00 0 
768a840fa000-768a840fe000 ---p 00000000 00:00 0 
768a840fe000-768a841fa000 rw-p 00000000 00:00 0 
768a841fa000-768a841fb000 ---p 00000000 00:00 0 
768a841fb000-768a841ff000 ---p 00000000 00:00 0 
768a841ff000-768a842fb000 rw-p 00000000 00:00 0 
768a842fb000-768a842fc000 ---p 00000000 00:00 0 
768a842fc000-768a84300000 ---p 00000000 00:00 0 
768a84300000-768a843fc000 rw-p 00000000 00:00 0 
768a843fc000-768a843fd000 ---p 00000000 00:00 0 
768a843fd000-768a84401000 ---p 00000000 00:00 0 
768a84401000-768a844fd000 rw-p 00000000 00:00 0 
768a844fd000-768a844fe000 ---p 00000000 00:00 0 
768a844fe000-768a84502000 ---p 00000000 00:00 0 
768a84502000-768a845fe000 rw-p 00000000 00:00 0 
768a845fe000-768a845ff000 ---p 00000000 00:00 0 
768a845ff000-768a84603000 ---p 00000000 00:00 0 
768a84603000-768a846ff000 rw-p 00000000 00:00 0 
768a846ff000-768a84700000 ---p 00000000 00:00 0 
768a84700000-768a84704000 ---p 00000000 00:00 0 
768a84704000-768a84800000 rw-p 00000000 00:00 0 
768a84800000-768a84aef000 r--p 00000000 103:06 12093564                  /usr/lib/locale/locale-archive
768a84b1e000-768a84b22000 r--p 00000000 103:06 12063952                  /usr/lib/libgcc_s.so.1
768a84b22000-768a84b46000 r-xp 00004000 103:06 12063952                  /usr/lib/libgcc_s.so.1
768a84b46000-768a84b4a000 r--p 00028000 103:06 12063952                  /usr/lib/libgcc_s.so.1
768a84b4a000-768a84b4b000 r--p 0002b000 103:06 12063952                  /usr/lib/libgcc_s.so.1
768a84b4b000-768a84b4c000 rw-p 0002c000 103:06 12063952                  /usr/lib/libgcc_s.so.1
768a84b77000-768a84b7a000 r--p 00000000 103:06 10757193                  /home/aleksei/App/ideaIC-2025.1.2/idea-IC-251.26094.121/jbr/lib/libnet.so
768a84b7a000-768a84b82000 r-xp 00003000 103:06 10757193                  /home/aleksei/App/ideaIC-2025.1.2/idea-IC-251.26094.121/jbr/lib/libnet.so
768a84b82000-768a84b84000 r--p 0000b000 103:06 10757193                  /home/aleksei/App/ideaIC-2025.1.2/idea-IC-251.26094.121/jbr/lib/libnet.so
768a84b84000-768a84b85000 ---p 0000d000 103:06 10757193                  /home/aleksei/App/ideaIC-2025.1.2/idea-IC-251.26094.121/jbr/lib/libnet.so
768a84b85000-768a84b86000 r--p 0000d000 103:06 10757193                  /home/aleksei/App/ideaIC-2025.1.2/idea-IC-251.26094.121/jbr/lib/libnet.so
768a84b86000-768a84b87000 rw-p 00000000 00:00 0 
768a84b87000-768a84b8e000 r--p 00000000 103:06 10757213                  /home/aleksei/App/ideaIC-2025.1.2/idea-IC-251.26094.121/jbr/lib/libnio.so
768a84b8e000-768a84b97000 r-xp 00007000 103:06 10757213                  /home/aleksei/App/ideaIC-2025.1.2/idea-IC-251.26094.121/jbr/lib/libnio.so
768a84b97000-768a84b9b000 r--p 00010000 103:06 10757213                  /home/aleksei/App/ideaIC-2025.1.2/idea-IC-251.26094.121/jbr/lib/libnio.so
768a84b9b000-768a84b9c000 ---p 00014000 103:06 10757213                  /home/aleksei/App/ideaIC-2025.1.2/idea-IC-251.26094.121/jbr/lib/libnio.so
768a84b9c000-768a84b9d000 r--p 00014000 103:06 10757213                  /home/aleksei/App/ideaIC-2025.1.2/idea-IC-251.26094.121/jbr/lib/libnio.so
768a84b9d000-768a84b9e000 rw-p 00015000 103:06 10757213                  /home/aleksei/App/ideaIC-2025.1.2/idea-IC-251.26094.121/jbr/lib/libnio.so
768a84b9e000-768a84ba0000 r--p 00000000 103:06 10757174                  /home/aleksei/App/ideaIC-2025.1.2/idea-IC-251.26094.121/jbr/lib/libzip.so
768a84ba0000-768a84ba4000 r-xp 00002000 103:06 10757174                  /home/aleksei/App/ideaIC-2025.1.2/idea-IC-251.26094.121/jbr/lib/libzip.so
768a84ba4000-768a84ba6000 r--p 00006000 103:06 10757174                  /home/aleksei/App/ideaIC-2025.1.2/idea-IC-251.26094.121/jbr/lib/libzip.so
768a84ba6000-768a84ba7000 r--p 00007000 103:06 10757174                  /home/aleksei/App/ideaIC-2025.1.2/idea-IC-251.26094.121/jbr/lib/libzip.so
768a84ba7000-768a84ba8000 rw-p 00000000 00:00 0 
768a84ba8000-768a84ba9000 ---p 00000000 00:00 0 
768a84ba9000-768a84ca9000 rw-p 00000000 00:00 0 
768a84ca9000-768a84caa000 ---p 00000000 00:00 0 
768a84caa000-768a84daa000 rw-p 00000000 00:00 0 
768a84ebd000-768a84ec4000 r--s 00000000 103:06 12093565                  /usr/lib/gconv/gconv-modules.cache
768a84ec4000-768a84fe1000 rw-p 00000000 00:00 0 
768a84fe1000-768a84fe2000 ---p 00000000 00:00 0 
768a84fe2000-768a850e2000 rw-p 00000000 00:00 0 
768a850e2000-768a850e3000 ---p 00000000 00:00 0 
768a850e3000-768a851e3000 rw-p 00000000 00:00 0 
768a851e3000-768a85ef0000 rw-p 00000000 00:00 0 
768a85ef0000-768a85ef1000 ---p 00000000 00:00 0 
768a85ef1000-768a85ff1000 rw-p 00000000 00:00 0 
768a85ff1000-768a85ff2000 ---p 00000000 00:00 0 
768a85ff2000-768a860f2000 rw-p 00000000 00:00 0 
768a860f2000-768a860f3000 ---p 00000000 00:00 0 
768a860f3000-768a861f3000 rw-p 00000000 00:00 0 
768a861f3000-768a86328000 rw-p 00000000 00:00 0 
768a86328000-768a86a4d000 ---p 00000000 00:00 0 
768a86a4d000-768a86ac8000 rw-p 00000000 00:00 0 
768a86ac8000-768a871ed000 ---p 00000000 00:00 0 
768a871ed000-768a87f00000 rw-p 00000000 00:00 0 
768a87f00000-768a87fe4000 ---p 00000000 00:00 0 
768a87fe4000-768a87fe9000 rw-p 00000000 00:00 0 
768a87fe9000-768a880cd000 ---p 00000000 00:00 0 
768a880cd000-768a880d4000 rw-p 00000000 00:00 0 
768a880d4000-768a880dc000 ---p 00000000 00:00 0 
768a880dc000-768a880e9000 r--p 00000000 103:06 10757191                  /home/aleksei/App/ideaIC-2025.1.2/idea-IC-251.26094.121/jbr/lib/libjava.so
768a880e9000-768a880f7000 r-xp 0000d000 103:06 10757191                  /home/aleksei/App/ideaIC-2025.1.2/idea-IC-251.26094.121/jbr/lib/libjava.so
768a880f7000-768a880fc000 r--p 0001b000 103:06 10757191                  /home/aleksei/App/ideaIC-2025.1.2/idea-IC-251.26094.121/jbr/lib/libjava.so
768a880fc000-768a880fd000 ---p 00020000 103:06 10757191                  /home/aleksei/App/ideaIC-2025.1.2/idea-IC-251.26094.121/jbr/lib/libjava.so
768a880fd000-768a880fe000 r--p 00020000 103:06 10757191                  /home/aleksei/App/ideaIC-2025.1.2/idea-IC-251.26094.121/jbr/lib/libjava.so
768a880fe000-768a880ff000 rw-p 00021000 103:06 10757191                  /home/aleksei/App/ideaIC-2025.1.2/idea-IC-251.26094.121/jbr/lib/libjava.so
768a880ff000-768a88100000 rw-p 00000000 00:00 0 
768a88100000-768a88104000 ---p 00000000 00:00 0 
768a88104000-768a88200000 rw-p 00000000 00:00 0 
768a88200000-768a884a3000 r--p 00000000 103:06 10757202                  /home/aleksei/App/ideaIC-2025.1.2/idea-IC-251.26094.121/jbr/lib/server/libjvm.so
768a884a3000-768a89311000 r-xp 002a3000 103:06 10757202                  /home/aleksei/App/ideaIC-2025.1.2/idea-IC-251.26094.121/jbr/lib/server/libjvm.so
768a89311000-768a895f7000 r--p 01111000 103:06 10757202                  /home/aleksei/App/ideaIC-2025.1.2/idea-IC-251.26094.121/jbr/lib/server/libjvm.so
768a895f7000-768a895f8000 ---p 013f7000 103:06 10757202                  /home/aleksei/App/ideaIC-2025.1.2/idea-IC-251.26094.121/jbr/lib/server/libjvm.so
768a895f8000-768a896cc000 r--p 013f7000 103:06 10757202                  /home/aleksei/App/ideaIC-2025.1.2/idea-IC-251.26094.121/jbr/lib/server/libjvm.so
768a896cc000-768a896fc000 rw-p 014cb000 103:06 10757202                  /home/aleksei/App/ideaIC-2025.1.2/idea-IC-251.26094.121/jbr/lib/server/libjvm.so
768a896fc000-768a89772000 rw-p 00000000 00:00 0 
768a89775000-768a89776000 r--p 00000000 103:06 12191649                  /usr/share/locale/en_GB/LC_MESSAGES/libc.mo
768a89776000-768a89785000 r--p 00000000 103:06 12071231                  /usr/lib/libm.so.6
768a89785000-768a8980b000 r-xp 0000f000 103:06 12071231                  /usr/lib/libm.so.6
768a8980b000-768a8986c000 r--p 00095000 103:06 12071231                  /usr/lib/libm.so.6
768a8986c000-768a8986d000 r--p 000f5000 103:06 12071231                  /usr/lib/libm.so.6
768a8986d000-768a8986e000 rw-p 000f6000 103:06 12071231                  /usr/lib/libm.so.6
768a8986e000-768a8986f000 r--p 00000000 103:06 12073204                  /usr/lib/librt.so.1
768a8986f000-768a89870000 r-xp 00001000 103:06 12073204                  /usr/lib/librt.so.1
768a89870000-768a89871000 r--p 00002000 103:06 12073204                  /usr/lib/librt.so.1
768a89871000-768a89872000 r--p 00002000 103:06 12073204                  /usr/lib/librt.so.1
768a89872000-768a89873000 rw-p 00003000 103:06 12073204                  /usr/lib/librt.so.1
768a89873000-768a89877000 rw-p 00000000 00:00 0 
768a89877000-768a8989b000 r--p 00000000 103:06 12071221                  /usr/lib/libc.so.6
768a8989b000-768a89a0c000 r-xp 00024000 103:06 12071221                  /usr/lib/libc.so.6
768a89a0c000-768a89a5b000 r--p 00195000 103:06 12071221                  /usr/lib/libc.so.6
768a89a5b000-768a89a5f000 r--p 001e3000 103:06 12071221                  /usr/lib/libc.so.6
768a89a5f000-768a89a61000 rw-p 001e7000 103:06 12071221                  /usr/lib/libc.so.6
768a89a61000-768a89a69000 rw-p 00000000 00:00 0 
768a89a69000-768a89a6a000 r--p 00000000 103:06 12071226                  /usr/lib/libdl.so.2
768a89a6a000-768a89a6b000 r-xp 00001000 103:06 12071226                  /usr/lib/libdl.so.2
768a89a6b000-768a89a6c000 r--p 00002000 103:06 12071226                  /usr/lib/libdl.so.2
768a89a6c000-768a89a6d000 r--p 00002000 103:06 12071226                  /usr/lib/libdl.so.2
768a89a6d000-768a89a6e000 rw-p 00003000 103:06 12071226                  /usr/lib/libdl.so.2
768a89a6e000-768a89a6f000 r--p 00000000 103:06 12073198                  /usr/lib/libpthread.so.0
768a89a6f000-768a89a70000 r-xp 00001000 103:06 12073198                  /usr/lib/libpthread.so.0
768a89a70000-768a89a71000 r--p 00002000 103:06 12073198                  /usr/lib/libpthread.so.0
768a89a71000-768a89a72000 r--p 00002000 103:06 12073198                  /usr/lib/libpthread.so.0
768a89a72000-768a89a73000 rw-p 00003000 103:06 12073198                  /usr/lib/libpthread.so.0
768a89a73000-768a89a75000 r--p 00000000 103:06 10757047                  /home/aleksei/App/ideaIC-2025.1.2/idea-IC-251.26094.121/jbr/lib/libjli.so
768a89a75000-768a89a7f000 r-xp 00002000 103:06 10757047                  /home/aleksei/App/ideaIC-2025.1.2/idea-IC-251.26094.121/jbr/lib/libjli.so
768a89a7f000-768a89a82000 r--p 0000c000 103:06 10757047                  /home/aleksei/App/ideaIC-2025.1.2/idea-IC-251.26094.121/jbr/lib/libjli.so
768a89a82000-768a89a83000 ---p 0000f000 103:06 10757047                  /home/aleksei/App/ideaIC-2025.1.2/idea-IC-251.26094.121/jbr/lib/libjli.so
768a89a83000-768a89a84000 r--p 0000f000 103:06 10757047                  /home/aleksei/App/ideaIC-2025.1.2/idea-IC-251.26094.121/jbr/lib/libjli.so
768a89a84000-768a89a85000 rw-p 00010000 103:06 10757047                  /home/aleksei/App/ideaIC-2025.1.2/idea-IC-251.26094.121/jbr/lib/libjli.so
768a89a85000-768a89a88000 r--p 00000000 103:06 12066069                  /usr/lib/libz.so.1.3.1
768a89a88000-768a89a96000 r-xp 00003000 103:06 12066069                  /usr/lib/libz.so.1.3.1
768a89a96000-768a89a9c000 r--p 00011000 103:06 12066069                  /usr/lib/libz.so.1.3.1
768a89a9c000-768a89a9d000 r--p 00017000 103:06 12066069                  /usr/lib/libz.so.1.3.1
768a89a9d000-768a89a9e000 rw-p 00018000 103:06 12066069                  /usr/lib/libz.so.1.3.1
768a89a9e000-768a89aa6000 rw-s 00000000 00:24 395                        /tmp/hsperfdata_aleksei/68607
768a89aa6000-768a89aa7000 ---p 00000000 00:00 0 
768a89aa7000-768a89aa8000 r--p 00000000 00:00 0 
768a89aa8000-768a89aa9000 ---p 00000000 00:00 0 
768a89aa9000-768a89aac000 r--p 00000000 103:06 10757054                  /home/aleksei/App/ideaIC-2025.1.2/idea-IC-251.26094.121/jbr/lib/libjimage.so
768a89aac000-768a89ac0000 r-xp 00003000 103:06 10757054                  /home/aleksei/App/ideaIC-2025.1.2/idea-IC-251.26094.121/jbr/lib/libjimage.so
768a89ac0000-768a89ac6000 r--p 00017000 103:06 10757054                  /home/aleksei/App/ideaIC-2025.1.2/idea-IC-251.26094.121/jbr/lib/libjimage.so
768a89ac6000-768a89ac8000 r--p 0001c000 103:06 10757054                  /home/aleksei/App/ideaIC-2025.1.2/idea-IC-251.26094.121/jbr/lib/libjimage.so
768a89ac8000-768a89ac9000 rw-p 0001e000 103:06 10757054                  /home/aleksei/App/ideaIC-2025.1.2/idea-IC-251.26094.121/jbr/lib/libjimage.so
768a89ac9000-768a89acb000 rw-p 00000000 00:00 0 
768a89acb000-768a89acf000 r--p 00000000 00:00 0                          [vvar]
768a89acf000-768a89ad1000 r-xp 00000000 00:00 0                          [vdso]
768a89ad1000-768a89ad2000 r--p 00000000 103:06 12071212                  /usr/lib/ld-linux-x86-64.so.2
768a89ad2000-768a89afb000 r-xp 00001000 103:06 12071212                  /usr/lib/ld-linux-x86-64.so.2
768a89afb000-768a89b06000 r--p 0002a000 103:06 12071212                  /usr/lib/ld-linux-x86-64.so.2
768a89b06000-768a89b08000 r--p 00034000 103:06 12071212                  /usr/lib/ld-linux-x86-64.so.2
768a89b08000-768a89b09000 rw-p 00036000 103:06 12071212                  /usr/lib/ld-linux-x86-64.so.2
768a89b09000-768a89b0a000 rw-p 00000000 00:00 0 
7ffdfac1c000-7ffdfac3f000 rw-p 00000000 00:00 0                          [stack]
ffffffffff600000-ffffffffff601000 --xp 00000000 00:00 0                  [vsyscall]
Total number of mappings: 415


VM Arguments:
jvm_args: -Dfile.encoding=UTF-8 -Duser.country=GB -Duser.language=en -Duser.variant -Dawt.toolkit.name=XToolkit 
java_command: core.App
java_class_path (initial): /home/aleksei/Documents/spbu_study/pconv/build/classes/java/main:/home/aleksei/Documents/spbu_study/pconv/build/resources/main:/home/aleksei/.gradle/caches/modules-2/files-2.1/org.bytedeco/opencv-platform/4.5.1-1.5.5/d95b9cb9b23f3b2f3f186068777062d28430ea55/opencv-platform-4.5.1-1.5.5.jar:/home/aleksei/.gradle/caches/modules-2/files-2.1/org.bytedeco/openblas-platform/0.3.13-1.5.5/d79835fa1be959dca3b11f22c4f8bb7293cd4179/openblas-platform-0.3.13-1.5.5.jar:/home/aleksei/.gradle/caches/modules-2/files-2.1/org.bytedeco/opencv/4.5.1-1.5.5/fb962fa32b97d7cae58c840a009e1e25e8a9efb9/opencv-4.5.1-1.5.5.jar:/home/aleksei/.gradle/caches/modules-2/files-2.1/org.bytedeco/opencv/4.5.1-1.5.5/63b92909abf966336eb20c00ff8f9da178f3a088/opencv-4.5.1-1.5.5-android-arm.jar:/home/aleksei/.gradle/caches/modules-2/files-2.1/org.bytedeco/opencv/4.5.1-1.5.5/dc132fff689ce5da1a2d244f6060ee919f142941/opencv-4.5.1-1.5.5-android-arm64.jar:/home/aleksei/.gradle/caches/modules-2/files-2.1/org.bytedeco/opencv/4.5.1-1.5.5/7d2a61b3329291e770d2d607f0376c506119ba50/opencv-4.5.1-1.5.5-android-x86.jar:/home/aleksei/.gradle/caches/modules-2/files-2.1/org.bytedeco/opencv/4.5.1-1.5.5/7a9ec115628f1b996e5cc1e27d503030d8f00407/opencv-4.5.1-1.5.5-android-x86_64.jar:/home/aleksei/.gradle/caches/modules-2/files-2.1/org.bytedeco/opencv/4.5.1-1.5.5/73a7cdd7c572a170c7d14d63eb9549e5b2a79323/opencv-4.5.1-1.5.5-ios-arm64.jar:/home/aleksei/.gradle/caches/modules-2/files-2.1/org.bytedeco/opencv/4.5.1-1.5.5/553e06bebc01739f9da600448377c998c450a283/opencv-4.5.1-1.5.5-ios-x86_64.jar:/home/aleksei/.gradle/caches/modules-2/files-2.1/org.bytedeco/opencv/4.5.1-1.5.5/fb8b3d1467046bac24508405acabc3db0643d581/opencv-4.5.1-1.5.5-linux-x86.jar:/home/aleksei/.gradle/caches/modules-2/files-2.1/org.bytedeco/opencv/4.5.1-1.5.5/25b04906df9c60ae57ea8c45012cb20d36086299/opencv-4.5.1-1.5.5-linux-x86_64.jar:/home/aleksei/.gradle/caches/modules-2/files-2.1/org.bytedeco/opencv/4.5.1-1.5.5/d938362aa23446abe36a3e274816f42601467a4f/opencv-4.5.1-1.5.5-linux-armhf.jar:/home/aleksei/.gradle/caches/modules-2/files-2.1/org.bytedeco/opencv/4.5.1-1.5.5/4a0c4355ad2d8e321440245250b62da515f3ae14/opencv-4.5.1-1.5.5-linux-arm64.jar:/home/aleksei/.gradle/caches/modules-2/files-2.1/org.bytedeco/opencv/4.5.1-1.5.5/b813303169072935cb14fb5987ecc8f92e1eae34/opencv-4.5.1-1.5.5-linux-ppc64le.jar:/home/aleksei/.gradle/caches/modules-2/files-2.1/org.bytedeco/opencv/4.5.1-1.5.5/a079d9d2aff9af6e11456e071fc2e122cbd8d94b/opencv-4.5.1-1.5.5-macosx-x86_64.jar:/home/aleksei/.gradle/caches/modules-2/files-2.1/org.bytedeco/opencv/4.5.1-1.5.5/6aa51b0161dfdfde81e43015042447da868a834c/opencv-4.5.1-1.5.5-windows-x86.jar:/home/aleksei/.gradle/caches/modules-2/files-2.1/org.bytedeco/opencv/4.5.1-1.5.5/33097aa8cb366539340e5e9fd2ef36ea1303ad65/opencv-4.5.1-1.5.5-windows-x86_64.jar:/home/aleksei/.gradle/caches/modules-2/files-2.1/org.bytedeco/javacpp-platform/1.5.5/ce1aae20dac967f042cd30d78e61c55af8477852/javacpp-platform-1.5.5.jar:/home/aleksei/.gradle/caches/modules-2/files-2.1/org.bytedeco/openblas/0.3.13-1.5.5/9dcba9271c67a29d273277ce44b1b91e7240754b/openblas-0.3.13-1.5.5.jar:/home/aleksei/.gradle/caches/modules-2/files-2.1/org.bytedeco/openblas/0.3.13-1.5.5/2ec94abc15c4343c1a1aac22ec506428ba2de0a8/openblas-0.3.13-1.5.5-android-arm.jar:/home/aleksei/.gradle/caches/modules-2/files-2.1/org.bytedeco/openblas/0.3.13-1.5.5/f89e3bf3da02cfea77828873a3e4cf6cf481136c/openblas-0.3.13-1.5.5-android-arm64.jar:/home/aleksei/.gradle/caches/modules-2/files-2.1/org.bytedeco/openblas/0.3.13-1.5.5/12b9d8fdab5894901c3ca75c37bcb4dfab8dbbba/openblas-0.3.13-1.5.5-android-x86.jar:/home/aleksei/.gradle/caches/modules-2/files-2.1/org.bytedeco/openblas/0.3.13-1.5.5/c4fcdf66d92dd4f2da7e2ad61df8c21130c622df/openblas-0.3.13-1.5.5-android-x86_64.jar:/home/aleksei/.gradle/caches/modules-2/files-2.1/org.bytedeco/openblas/0.3.13-1.5.5/6e4a768da2bf4c9979ed688a0f9b1afa25831ebb/openblas-0.3.13-1.5.5-ios-arm64.jar:/home/aleksei/.gradle/caches/modules-2/files-2.1/org.bytedeco/openblas/0.3.13-1.5.5/a065f80bd93d871cc4ce67e241987055af3edd00/openblas-0.3.13-1.5.5-ios-x86_64.jar:/home/aleksei/.gradle/caches/modules-2/files-2.1/org.bytedeco/openblas/0.3.13-1.5.5/7e534273ba7ecbe50c9ffa66363e83299ad6501f/openblas-0.3.13-1.5.5-linux-x86.jar:/home/aleksei/.gradle/caches/modules-2/files-2.1/org.bytedeco/openblas/0.3.13-1.5.5/80fbca129017f61f5767291da018b394f9a2dec3/openblas-0.3.13-1.5.5-linux-x86_64.jar:/home/aleksei/.gradle/caches/modules-2/files-2.1/org.bytedeco/openblas/0.3.13-1.5.5/25917895cc4d047728ce0f6edd010507123d16b3/openblas-0.3.13-1.5.5-linux-armhf.jar:/home/aleksei/.gradle/caches/modules-2/files-2.1/org.bytedeco/openblas/0.3.13-1.5.5/9084552cec07acaf2bc2889a4eaebed8bc48c8bc/openblas-0.3.13-1.5.5-linux-arm64.jar:/home/aleksei/.gradle/caches/modules-2/files-2.1/org.bytedeco/openblas/0.3.13-1.5.5/89146e024449ecf692aa17ae5fa2e90655aff33b/openblas-0.3.13-1.5.5-linux-ppc64le.jar:/home/aleksei/.gradle/caches/modules-2/files-2.1/org.bytedeco/openblas/0.3.13-1.5.5/e67413c8a139b87d8c6356549299bdc2343d7305/openblas-0.3.13-1.5.5-macosx-x86_64.jar:/home/aleksei/.gradle/caches/modules-2/files-2.1/org.bytedeco/openblas/0.3.13-1.5.5/f6f21392676ca7767e79a2db51dc4f66670148c6/openblas-0.3.13-1.5.5-windows-x86.jar:/home/aleksei/.gradle/caches/modules-2/files-2.1/org.bytedeco/openblas/0.3.13-1.5.5/67cf9aff479b0b153df1ab0387161f0a25d8b91f/openblas-0.3.13-1.5.5-windows-x86_64.jar:/home/aleksei/.gradle/caches/modules-2/files-2.1/org.bytedeco/javacpp/1.5.5/92e1c31aaed15a3dc12008859a37ced45fa0b730/javacpp-1.5.5.jar:/home/aleksei/.gradle/caches/modules-2/files-2.1/org.bytedeco/javacpp/1.5.5/3f4103dbc532617a91c176027bd2b52bd95a8929/javacpp-1.5.5-android-arm.jar:/home/aleksei/.gradle/caches/modules-2/files-2.1/org.bytedeco/javacpp/1.5.5/594f1483d24d1a489de29cf7b16cc19b60dbd9f0/javacpp-1.5.5-android-arm64.jar:/home/aleksei/.gradle/caches/modules-2/files-2.1/org.bytedeco/javacpp/1.5.5/42374db77c7c7f1d8620a85c26fbbc14b9c8bcd4/javacpp-1.5.5-android-x86.jar:/home/aleksei/.gradle/caches/modules-2/files-2.1/org.bytedeco/javacpp/1.5.5/82d31939f4ebd6ab9f8e547830ef721340c7c1b7/javacpp-1.5.5-android-x86_64.jar:/home/aleksei/.gradle/caches/modules-2/files-2.1/org.bytedeco/javacpp/1.5.5/9b22365a060f2e3b5bec2ff5f5f6d75ea2962eef/javacpp-1.5.5-ios-arm64.jar:/home/aleksei/.gradle/caches/modules-2/files-2.1/org.bytedeco/javacpp/1.5.5/ee20a88e18d635cc62869a20204e37cc68f6efe4/javacpp-1.5.5-ios-x86_64.jar:/home/aleksei/.gradle/caches/modules-2/files-2.1/org.bytedeco/javacpp/1.5.5/d45afe724f6c373c8070ecd3e955858dc9bbd544/javacpp-1.5.5-linux-armhf.jar:/home/aleksei/.gradle/caches/modules-2/files-2.1/org.bytedeco/javacpp/1.5.5/7397da1ad8ed5a08e8f6d389452ee0fb19bf2bcc/javacpp-1.5.5-linux-arm64.jar:/home/aleksei/.gradle/caches/modules-2/files-2.1/org.bytedeco/javacpp/1.5.5/59e6cae70d93093c8f8909f563f1360c44789c3b/javacpp-1.5.5-linux-ppc64le.jar:/home/aleksei/.gradle/caches/modules-2/files-2.1/org.bytedeco/javacpp/1.5.5/262e581c536a83501f10ddfdcc0f2e83a1a60e10/javacpp-1.5.5-linux-x86.jar:/home/aleksei/.gradle/caches/modules-2/files-2.1/org.bytedeco/javacpp/1.5.5/e5f16ef28a056fe6c0f1c26a6a02f2dc94ce0693/javacpp-1.5.5-linux-x86_64.jar:/home/aleksei/.gradle/caches/modules-2/files-2.1/org.bytedeco/javacpp/1.5.5/1ed7d9a0059182448149115cf13842e83533cfa/javacpp-1.5.5-macosx-arm64.jar:/home/aleksei/.gradle/caches/modules-2/files-2.1/org.bytedeco/javacpp/1.5.5/3525246f3ef45f824fa04004c370f35589730398/javacpp-1.5.5-macosx-x86_64.jar:/home/aleksei/.gradle/caches/modules-2/files-2.1/org.bytedeco/javacpp/1.5.5/9d6da1103af76d7f21c6f644862ab26035c0e05/javacpp-1.5.5-windows-x86.jar:/home/aleksei/.gradle/caches/modules-2/files-2.1/org.bytedeco/javacpp/1.5.5/bdcd2b6a12b6222c50edfbf6e1f46e37ffff73bf/javacpp-1.5.5-windows-x86_64.jar
Launcher Type: SUN_STANDARD

[Global flags]
     intx CICompilerCount                          = 12                                        {product} {ergonomic}
     uint ConcGCThreads                            = 3                                         {product} {ergonomic}
     uint G1ConcRefinementThreads                  = 13                                        {product} {ergonomic}
   size_t G1HeapRegionSize                         = 2097152                                   {product} {ergonomic}
    uintx GCDrainStackTargetSize                   = 64                                        {product} {ergonomic}
   size_t InitialHeapSize                          = 255852544                                 {product} {ergonomic}
   size_t MarkStackSize                            = 4194304                                   {product} {ergonomic}
   size_t MaxHeapSize                              = 4093640704                                {product} {ergonomic}
   size_t MaxNewSize                               = 2455764992                                {product} {ergonomic}
   size_t MinHeapDeltaBytes                        = 2097152                                   {product} {ergonomic}
   size_t MinHeapSize                              = 8388608                                   {product} {ergonomic}
    uintx NonNMethodCodeHeapSize                   = 7602480                                {pd product} {ergonomic}
    uintx NonProfiledCodeHeapSize                  = 122027880                              {pd product} {ergonomic}
    uintx ProfiledCodeHeapSize                     = 122027880                              {pd product} {ergonomic}
    uintx ReservedCodeCacheSize                    = 251658240                              {pd product} {ergonomic}
     bool SegmentedCodeCache                       = true                                      {product} {ergonomic}
   size_t SoftMaxHeapSize                          = 4093640704                             {manageable} {ergonomic}
     bool UseCompressedOops                        = true                           {product lp64_product} {ergonomic}
     bool UseG1GC                                  = true                                      {product} {ergonomic}

Logging:
Log output configuration:
 #0: stdout all=warning uptime,level,tags foldmultilines=false
 #1: stderr all=off uptime,level,tags foldmultilines=false

Environment Variables:
PATH=/home/aleksei/.local/bin:/usr/local/bin:/usr/bin:/usr/local/sbin:/usr/lib/jvm/default/bin:/usr/bin/site_perl:/usr/bin/vendor_perl:/usr/bin/core_perl:/usr/lib/rustup/bin
USERNAME=aleksei
SHELL=/bin/bash
DISPLAY=:0
LANG=en_GB.UTF-8
LC_NUMERIC=ru_RU.UTF-8
LC_TIME=ru_RU.UTF-8

Active Locale:
LC_ALL=LC_CTYPE=en_GB.UTF-8;LC_NUMERIC=ru_RU.UTF-8;LC_TIME=ru_RU.UTF-8;LC_COLLATE=en_GB.UTF-8;LC_MONETARY=ru_RU.UTF-8;LC_MESSAGES=en_GB.UTF-8;LC_PAPER=ru_RU.UTF-8;LC_NAME=ru_RU.UTF-8;LC_ADDRESS=ru_RU.UTF-8;LC_TELEPHONE=ru_RU.UTF-8;LC_MEASUREMENT=ru_RU.UTF-8;LC_IDENTIFICATION=ru_RU.UTF-8
LC_COLLATE=en_GB.UTF-8
LC_CTYPE=en_GB.UTF-8
LC_MESSAGES=en_GB.UTF-8
LC_MONETARY=ru_RU.UTF-8
LC_NUMERIC=ru_RU.UTF-8
LC_TIME=ru_RU.UTF-8

Signal Handlers:
   SIGSEGV: crash_handler in libjvm.so, mask=11100100010111111101111111111110, flags=SA_RESTART|SA_SIGINFO, unblocked
    SIGBUS: crash_handler in libjvm.so, mask=11100100010111111101111111111110, flags=SA_RESTART|SA_SIGINFO, unblocked
    SIGFPE: crash_handler in libjvm.so, mask=11100100010111111101111111111110, flags=SA_RESTART|SA_SIGINFO, unblocked
   SIGPIPE: javaSignalHandler in libjvm.so, mask=11100100010111111101111111111110, flags=SA_RESTART|SA_SIGINFO, blocked
   SIGXFSZ: javaSignalHandler in libjvm.so, mask=11100100010111111101111111111110, flags=SA_RESTART|SA_SIGINFO, blocked
    SIGILL: crash_handler in libjvm.so, mask=11100100010111111101111111111110, flags=SA_RESTART|SA_SIGINFO, unblocked
   SIGUSR2: SR_handler in libjvm.so, mask=00000000000000000000000000000000, flags=SA_RESTART|SA_SIGINFO, blocked
    SIGHUP: UserHandler in libjvm.so, mask=11100100010111111101111111111110, flags=SA_RESTART|SA_SIGINFO, blocked
    SIGINT: UserHandler in libjvm.so, mask=11100100010111111101111111111110, flags=SA_RESTART|SA_SIGINFO, blocked
   SIGTERM: UserHandler in libjvm.so, mask=11100100010111111101111111111110, flags=SA_RESTART|SA_SIGINFO, blocked
   SIGQUIT: UserHandler in libjvm.so, mask=11100100010111111101111111111110, flags=SA_RESTART|SA_SIGINFO, blocked
   SIGTRAP: crash_handler in libjvm.so, mask=11100100010111111101111111111110, flags=SA_RESTART|SA_SIGINFO, unblocked


Periodic native trim disabled

JNI global refs:
JNI global refs: 17, weak refs: 754

JNI global refs memory usage: 859, weak refs: 7873

Process memory usage:
Resident Set Size: 296804K (1% of 15984600K total physical memory with 3954656K free physical memory)

OOME stack traces (most recent first):
Classloader memory used:
Loader jdk.internal.loader.ClassLoaders$AppClassLoader                                 : 7149K
Loader bootstrap                                                                       : 1857K
Loader jdk.internal.loader.ClassLoaders$PlatformClassLoader                            : 19496B

---------------  S Y S T E M  ---------------

OS:
DISTRIB_ID="ManjaroLinux"
DISTRIB_RELEASE="25.0.0"
DISTRIB_CODENAME="Zetar"
DISTRIB_DESCRIPTION="Manjaro Linux"
uname: Linux 6.12.21-4-MANJARO #1 SMP PREEMPT_DYNAMIC Tue, 01 Apr 2025 18:45:30 +0000 x86_64
OS uptime: 0 days 2:55 hours
libc: glibc 2.41 NPTL 2.41 
rlimit (soft/hard): STACK 8192k/infinity , CORE infinity/infinity , NPROC 61811/61811 , NOFILE 524288/524288 , AS infinity/infinity , CPU infinity/infinity , DATA infinity/infinity , FSIZE infinity/infinity , MEMLOCK 8192k/8192k
load average: 0,68 0,74 0,85

/proc/meminfo:
MemTotal:       15984600 kB
MemFree:          440336 kB
MemAvailable:    3953684 kB
Buffers:          125508 kB
Cached:          4585964 kB
SwapCached:         1288 kB
Active:         12130868 kB
Inactive:        2072328 kB
Active(anon):   10146128 kB
Inactive(anon):   361116 kB
Active(file):    1984740 kB
Inactive(file):  1711212 kB
Unevictable:      145316 kB
Mlocked:              48 kB
SwapTotal:       4194300 kB
SwapFree:        4192764 kB
Zswap:                 0 kB
Zswapped:              0 kB
Dirty:               204 kB
Writeback:             0 kB
AnonPages:       9496568 kB
Mapped:          1662464 kB
Shmem:           1015784 kB
KReclaimable:     294716 kB
Slab:             501484 kB
SReclaimable:     294716 kB
SUnreclaim:       206768 kB
KernelStack:       30416 kB
PageTables:        66644 kB
SecPageTables:      2080 kB
NFS_Unstable:          0 kB
Bounce:                0 kB
WritebackTmp:          0 kB
CommitLimit:    12186600 kB
Committed_AS:   26929972 kB
VmallocTotal:   34359738367 kB
VmallocUsed:      177952 kB
VmallocChunk:          0 kB
Percpu:            12672 kB
HardwareCorrupted:     0 kB
AnonHugePages:   4876288 kB
ShmemHugePages:   798720 kB
ShmemPmdMapped:        0 kB
FileHugePages:   1169408 kB
FilePmdMapped:    632832 kB
CmaTotal:              0 kB
CmaFree:               0 kB
Unaccepted:            0 kB
HugePages_Total:       0
HugePages_Free:        0
HugePages_Rsvd:        0
HugePages_Surp:        0
Hugepagesize:       2048 kB
Hugetlb:               0 kB
DirectMap4k:     1121012 kB
DirectMap2M:    15265792 kB
DirectMap1G:           0 kB

/sys/kernel/mm/transparent_hugepage/enabled: [always] madvise never
/sys/kernel/mm/transparent_hugepage/hpage_pmd_size: 2097152
/sys/kernel/mm/transparent_hugepage/defrag (defrag/compaction efforts parameter): always defer defer+madvise [madvise] never

Process Memory:
Virtual Size: 11668700K (peak: 11695136K)
Resident Set Size: 296804K (peak: 296804K) (anon: 239400K, file: 57404K, shmem: 0K)
Swapped out: 0K
C-Heap outstanding allocations: 47800K, retained: 31055K
glibc malloc tunables: (default)

/proc/sys/kernel/threads-max (system-wide limit on the number of threads): 123623
/proc/sys/vm/max_map_count (maximum number of memory map areas a process may have): 1048576
/proc/sys/vm/swappiness (control to define how aggressively the kernel swaps out anonymous memory): 60
/proc/sys/kernel/pid_max (system-wide limit on number of process identifiers): 4194304

container information not found.
Steal ticks since vm start: 0
Steal ticks percentage since vm start:  0,000

CPU: total 16 (initial active 16) (16 cores per cpu, 1 threads per core) family 6 model 154 stepping 3 microcode 0x436, cx8, cmov, fxsr, mmx, 3dnowpref, sse, sse2, sse3, ssse3, sse4.1, sse4.2, popcnt, lzcnt, tsc, tscinvbit, avx, avx2, aes, erms, clmul, bmi1, bmi2, adx, sha, fma, vzeroupper, clflush, clflushopt, clwb, serialize, rdtscp, rdpid, fsrm, f16c, pku, ospke, cet_ibt, cet_ss
CPU Model and flags from /proc/cpuinfo:
model name	: 12th Gen Intel(R) Core(TM) i7-12650H
flags		: fpu vme de pse tsc msr pae mce cx8 apic sep mtrr pge mca cmov pat pse36 clflush dts acpi mmx fxsr sse sse2 ss ht tm pbe syscall nx pdpe1gb rdtscp lm constant_tsc art arch_perfmon pebs bts rep_good nopl xtopology nonstop_tsc cpuid aperfmperf tsc_known_freq pni pclmulqdq dtes64 monitor ds_cpl vmx smx est tm2 ssse3 sdbg fma cx16 xtpr pdcm pcid sse4_1 sse4_2 x2apic movbe popcnt tsc_deadline_timer aes xsave avx f16c rdrand lahf_lm abm 3dnowprefetch cpuid_fault epb ssbd ibrs ibpb stibp ibrs_enhanced tpr_shadow flexpriority ept vpid ept_ad fsgsbase tsc_adjust bmi1 avx2 smep bmi2 erms invpcid rdseed adx smap clflushopt clwb intel_pt sha_ni xsaveopt xsavec xgetbv1 xsaves split_lock_detect user_shstk avx_vnni dtherm ida arat pln pts hwp hwp_notify hwp_act_window hwp_epp hwp_pkg_req hfi vnmi umip pku ospke waitpkg gfni vaes vpclmulqdq rdpid movdiri movdir64b fsrm md_clear serialize arch_lbr ibt flush_l1d arch_capabilities

Online cpus: 0-15
Offline cpus: 
BIOS frequency limitation: <Not Available>
Frequency switch latency (ns): 0
Available cpu frequencies: <Not Available>
Current governor: powersave
Core performance/turbo boost: <Not Available>

Memory: 4k page, physical 15984600k(3953684k free), swap 4194300k(4192764k free)
Page Sizes: 4k

vm_info: OpenJDK 64-Bit Server VM (21.0.7+9-b895.130) for linux-amd64 JRE (21.0.7+9-b895.130), built on 2025-05-13 by "builduser" with gcc 10.2.1 20210130 (Red Hat 10.2.1-11.1.0.1)

END.
