#
# A fatal error has been detected by the Java Runtime Environment:
#
#  SIGSEGV (0xb) at pc=0x0000721f8043a799, pid=15427, tid=15433
#
# JRE version: OpenJDK Runtime Environment JBR-21.0.7+9-895.130-jcef (21.0.7+9) (build 21.0.7+9-b895.130)
# Java VM: OpenJDK 64-Bit Server VM JBR-21.0.7+9-895.130-jcef (21.0.7+9-b895.130, mixed mode, sharing, tiered, compressed oops, compressed class ptrs, g1 gc, linux-amd64)
# Problematic frame:
# C  [libjniopenblas_nolapack.so+0x3a799]  Java_org_bytedeco_javacpp_BytePointer_put__JB+0x49
#
# Core dump will be written. Default location: Core dumps may be processed with "/usr/lib/systemd/systemd-coredump %P %u %g %s %t %c %h" (or dumping to /home/aleksei/Documents/spbu_study/pconv/core.15427)
#
# If you would like to submit a bug report, please visit:
#   https://youtrack.jetbrains.com/issues/JBR
# The crash happened outside the Java Virtual Machine in native code.
# See problematic frame for where to report the bug.
#

---------------  S U M M A R Y ------------

Command Line: -Dfile.encoding=UTF-8 -Duser.country=GB -Duser.language=en -Duser.variant -Dawt.toolkit.name=XToolkit core.App

Host: 12th Gen Intel(R) Core(TM) i7-12650H, 16 cores, 15G, Manjaro Linux
Time: Thu Jun 12 18:08:00 2025 MSK elapsed time: 21.226621 seconds (0d 0h 0m 21s)

---------------  T H R E A D  ---------------

Current thread (0x0000721ffc02cf30):  JavaThread "main"             [_thread_in_native, id=15433, stack(0x0000722003d00000,0x0000722003e00000) (1024K)]

Stack: [0x0000722003d00000,0x0000722003e00000],  sp=0x0000722003dfe740,  free space=1017k
Native frames: (J=compiled Java code, j=interpreted, Vv=VM code, C=native code)
C  [libjniopenblas_nolapack.so+0x3a799]  Java_org_bytedeco_javacpp_BytePointer_put__JB+0x49
Java frames: (J=compiled Java code, j=interpreted, Vv=VM code)
J 1163  org.bytedeco.javacpp.BytePointer.put(JB)Lorg/bytedeco/javacpp/BytePointer; (0 bytes) @ 0x0000721ff0a71770 [0x0000721ff0a71720+0x0000000000000050]
J 1165 c1 org.bytedeco.javacpp.BytePointer.put(B)Lorg/bytedeco/javacpp/BytePointer; (7 bytes) @ 0x0000721fe8fef6dc [0x0000721fe8fef640+0x000000000000009c]
j  core.convoulter.Convoluter.MakeConvolution(Lcore/convoulter/Filter;)V+202
j  core.convoulter.Convoluter.convolution(Lcore/console/FilterType;)V+36
j  core.App.main([Ljava/lang/String;)V+134
v  ~StubRoutines::call_stub 0x0000721ff025fcc6

siginfo: si_signo: 11 (SIGSEGV), si_code: 2 (SEGV_ACCERR), si_addr: 0x0000721e34e00040

Registers:
RAX=0x0000722003dfe770, RBX=0x0000722003dfe770, RCX=0x0000000000000006, RDX=0x0000000000000062
RSP=0x0000722003dfe740, RBP=0x0000721ffc02d2e8, RSI=0x0000722003dfe770, RDI=0x0000721ffc02d2e8
R8 =0x0000721ffc02efa0, R9 =0x00000007177635c8, R10=0x0000000000000018, R11=0x0000000000000008
R12=0x0000721e34e00040, R13=0x0000000000000000, R14=0x0000000000000006, R15=0x0000721ffc02cf30
RIP=0x0000721f8043a799, EFLAGS=0x0000000000010202, CSGSFS=0x002b000000000033, ERR=0x0000000000000007
  TRAPNO=0x000000000000000e

XMM[0]=0x0000000000000000 0x401b627627627628
XMM[1]=0x0000000000000000 0x3ff0000000000000
XMM[2]=0x0000000000000000 0x3ff0000000000000
XMM[3]=0x0000000000000000 0x41ad680b00000000
XMM[4]=0x0000000000000000 0x4059000000000000
XMM[5]=0x0000000000000000 0x4059000000000000
XMM[6]=0x0000000000000000 0x8349c90000000000
XMM[7]=0x0000000000000000 0x8b4808244c8b4810
XMM[8]=0x0000000000000000 0x3824548b4c40245c
XMM[9]=0x0000000000000000 0xffcab418f71fcc4a
XMM[10]=0x0000000000000000 0x00000000f7551832
XMM[11]=0x0000000000000000 0x25ba22dc1cd9ef26
XMM[12]=0x0000000000000000 0x00000000f71fcc4a
XMM[13]=0x0000000000000000 0x1323132313231323
XMM[14]=0x0000000000000000 0x2591259125912591
XMM[15]=0x0000000000000000 0x0000000000000000
  MXCSR=0x00001fa2


Register to memory mapping:

RAX=0x0000722003dfe770 is pointing into the stack for thread: 0x0000721ffc02cf30
RBX=0x0000722003dfe770 is pointing into the stack for thread: 0x0000721ffc02cf30
RCX=0x0000000000000006 is an unknown value
RDX=0x0000000000000062 is an unknown value
RSP=0x0000722003dfe740 is pointing into the stack for thread: 0x0000721ffc02cf30
RBP=0x0000721ffc02d2e8 points into unknown readable memory: 0x00007220052d3040 | 40 30 2d 05 20 72 00 00
RSI=0x0000722003dfe770 is pointing into the stack for thread: 0x0000721ffc02cf30
RDI=0x0000721ffc02d2e8 points into unknown readable memory: 0x00007220052d3040 | 40 30 2d 05 20 72 00 00
R8 =0x0000721ffc02efa0 points into unknown readable memory: 0x0000721f83400878 | 78 08 40 83 1f 72 00 00
R9 =0x00000007177635c8 is an oop: org.bytedeco.javacpp.BytePointer 
{0x00000007177635c8} - klass: 'org/bytedeco/javacpp/BytePointer'
 - ---- fields (total size 6 words):
 - private 'deallocator' 'Lorg/bytedeco/javacpp/Pointer$Deallocator;' @12  null (0x00000000)
 - protected 'address' 'J' @16  125474061680704 (0x0000721e34e00040)
 - protected 'position' 'J' @24  0 (0x0000000000000000)
 - protected 'limit' 'J' @32  0 (0x0000000000000000)
 - protected 'capacity' 'J' @40  0 (0x0000000000000000)
R10=0x0000000000000018 is an unknown value
R11=0x0000000000000008 is an unknown value
R12=0x0000721e34e00040: <offset 0x0000000000000040> in /home/aleksei/.javacpp/cache/opencv-4.5.1-1.5.5-linux-x86_64.jar/org/bytedeco/opencv/linux-x86_64/libjniopencv_imgcodecs.so at 0x0000721e34e00000
R13=0x0 is null
R14=0x0000000000000006 is an unknown value
R15=0x0000721ffc02cf30 is a thread

Top of Stack: (sp=0x0000722003dfe740)
0x0000722003dfe740:   0000721f83440db8 0000722003dfe7b0
0x0000722003dfe750:   0000000000000000 0000722003dfe808
0x0000722003dfe760:   0000000000000000 0000721ff0a717e3
0x0000722003dfe770:   00000007177635c8 0000721e35df429b
0x0000722003dfe780:   0000721f838f85d0 0000722003dfe7f0
0x0000722003dfe790:   0000000000000000 0000722003dfe800
0x0000722003dfe7a0:   0000000000000000 0000721ff0a70eea
0x0000722003dfe7b0:   0000722003dfe860 0000721fe8fef6dc
0x0000722003dfe7c0:   ffffffffffffffff 0000721f83440db8
0x0000722003dfe7d0:   0000722003dfe860 0000721ff0a71ce4
0x0000722003dfe7e0:   0000722003dfe860 0000721ff02672f2
0x0000722003dfe7f0:   0000722003dfe860 0000721ff02672f2
0x0000722003dfe800:   0000721ff02672f2 0000000000000006
0x0000722003dfe810:   00000007177635c8 0000722003dfe818
0x0000722003dfe820:   0000721f83401de2 0000000000000014
0x0000722003dfe830:   0000721f834034f0 0000000000000000
0x0000722003dfe840:   0000000717e5c778 0000721f834033f0
0x0000722003dfe850:   0000722003dfe808 0000722003dfe8f8
0x0000722003dfe860:   0000722003dfe950 0000721ff0267180
0x0000722003dfe870:   0000000000000003 0000000000000002
0x0000722003dfe880:   0000000000000005 0000000000000005
0x0000722003dfe890:   4056400000000000 0000000000000000
0x0000722003dfe8a0:   00000000000005a0 0000000000000000
0x0000722003dfe8b0:   000000000000059f 0000000000000780
0x0000722003dfe8c0:   3fb3b13b13b13b14 0000000000000000
0x0000722003dfe8d0:   0000000000000000 0000000000000000
0x0000722003dfe8e0:   0000000717e02218 0000000000000005
0x0000722003dfe8f0:   0000000000000005 0000000717e021f0
0x0000722003dfe900:   0000000717e021b0 0000722003dfe908
0x0000722003dfe910:   0000721f8340334c 0000000000000003
0x0000722003dfe920:   0000721f834034f0 0000000000000000
0x0000722003dfe930:   0000000717e5c778 0000721f83403370 

Instructions: (pc=0x0000721f8043a799)
0x0000721f8043a699:   48 8b 03 48 8b 15 5d 03 21 00 4c 89 ee 48 89 df
0x0000721f8043a6a9:   ff 90 28 03 00 00 4c 01 e0 4d 85 ff 48 89 44 24
0x0000721f8043a6b9:   08 74 54 48 8b 03 31 d2 4c 89 fe 48 89 df ff 90
0x0000721f8043a6c9:   f0 06 00 00 48 8b 7c 24 08 48 8d 34 28 4c 89 f2
0x0000721f8043a6d9:   49 89 c4 e8 df 76 fd ff 48 8b 03 31 c9 4c 89 e2
0x0000721f8043a6e9:   4c 89 fe 48 89 df ff 90 f8 06 00 00 48 83 c4 18
0x0000721f8043a6f9:   4c 89 e8 5b 5d 41 5c 41 5d 41 5e 41 5f c3 66 0f
0x0000721f8043a709:   1f 84 00 00 00 00 00 48 89 c7 4c 89 f2 48 89 ee
0x0000721f8043a719:   e8 a2 76 fd ff eb d5 be 14 00 00 00 48 89 df 45
0x0000721f8043a729:   31 ed e8 00 d1 ff ff 48 8b 0b 48 8d 15 c1 25 00
0x0000721f8043a739:   00 48 89 c6 48 89 df ff 51 70 eb b0 90 66 2e 0f
0x0000721f8043a749:   1f 84 00 00 00 00 00 41 56 41 55 41 89 ce 41 54
0x0000721f8043a759:   55 49 89 d5 53 48 8b 07 48 89 fd 48 89 f3 48 8b
0x0000721f8043a769:   15 9a 02 21 00 ff 90 28 03 00 00 48 85 c0 74 2d
0x0000721f8043a779:   49 89 c4 48 8b 45 00 48 8b 15 79 02 21 00 48 89
0x0000721f8043a789:   de 48 89 ef ff 90 28 03 00 00 49 01 c4 48 89 d8
0x0000721f8043a799:   47 88 34 2c 5b 5d 41 5c 41 5d 41 5e c3 be 14 00
0x0000721f8043a7a9:   00 00 48 89 ef e8 7d d0 ff ff 48 8b 4d 00 48 8d
0x0000721f8043a7b9:   15 3d 25 00 00 48 89 c6 48 89 ef ff 51 70 31 c0
0x0000721f8043a7c9:   eb d2 0f 1f 44 00 00 41 55 41 54 49 89 d5 55 53
0x0000721f8043a7d9:   49 89 f4 48 89 fb 48 83 ec 08 48 8b 07 48 8b 15
0x0000721f8043a7e9:   1b 02 21 00 ff 90 28 03 00 00 48 85 c0 74 30 48
0x0000721f8043a7f9:   89 c5 48 8b 03 48 8b 15 fb 01 21 00 4c 89 e6 48
0x0000721f8043a809:   89 df ff 90 28 03 00 00 48 01 c5 42 0f b7 44 2d
0x0000721f8043a819:   00 48 83 c4 08 5b 5d 41 5c 41 5d c3 0f 1f 00 be
0x0000721f8043a829:   14 00 00 00 48 89 df e8 fb cf ff ff 48 8b 0b 48
0x0000721f8043a839:   8d 15 bc 24 00 00 48 89 c6 48 89 df ff 51 70 31
0x0000721f8043a849:   c0 eb ce 0f 1f 40 00 41 56 41 55 41 89 ce 41 54
0x0000721f8043a859:   55 49 89 d5 53 48 8b 07 48 89 fd 48 89 f3 48 8b
0x0000721f8043a869:   15 9a 01 21 00 ff 90 28 03 00 00 48 85 c0 74 2e
0x0000721f8043a879:   49 89 c4 48 8b 45 00 48 8b 15 79 01 21 00 48 89
0x0000721f8043a889:   de 48 89 ef ff 90 28 03 00 00 49 01 c4 48 89 d8 


Stack slot to memory mapping:

stack at sp + 0 slots: {method} {0x0000721f83440db8} 'put' '(B)Lorg/bytedeco/javacpp/BytePointer;' in 'org/bytedeco/javacpp/BytePointer'
stack at sp + 1 slots: 0x0000722003dfe7b0 is pointing into the stack for thread: 0x0000721ffc02cf30
stack at sp + 2 slots: 0x0 is null
stack at sp + 3 slots: 0x0000722003dfe808 is pointing into the stack for thread: 0x0000721ffc02cf30
stack at sp + 4 slots: 0x0 is null
stack at sp + 5 slots: 0x0000721ff0a717e3 is at entry_point+195 in (nmethod*)0x0000721ff0a71590
Compiled method (n/a) 21227 1163     n 0       org.bytedeco.javacpp.BytePointer::put (native)
 total in heap  [0x0000721ff0a71590,0x0000721ff0a71af0] = 1376
 relocation     [0x0000721ff0a716e8,0x0000721ff0a71720] = 56
 main code      [0x0000721ff0a71720,0x0000721ff0a71ae5] = 965
 stub code      [0x0000721ff0a71ae5,0x0000721ff0a71ae8] = 3
 oops           [0x0000721ff0a71ae8,0x0000721ff0a71af0] = 8
stack at sp + 6 slots: 0x00000007177635c8 is an oop: org.bytedeco.javacpp.BytePointer 
{0x00000007177635c8} - klass: 'org/bytedeco/javacpp/BytePointer'
 - ---- fields (total size 6 words):
 - private 'deallocator' 'Lorg/bytedeco/javacpp/Pointer$Deallocator;' @12  null (0x00000000)
 - protected 'address' 'J' @16  125474061680704 (0x0000721e34e00040)
 - protected 'position' 'J' @24  0 (0x0000000000000000)
 - protected 'limit' 'J' @32  0 (0x0000000000000000)
 - protected 'capacity' 'J' @40  0 (0x0000000000000000)
stack at sp + 7 slots: 0x0000721e35df429b: Java_org_bytedeco_opencv_opencv_1core_Mat_ptr__II+0x000000000000009b in /home/aleksei/.javacpp/cache/opencv-4.5.1-1.5.5-linux-x86_64.jar/org/bytedeco/opencv/linux-x86_64/libjniopencv_core.so at 0x0000721e35c00000


Compiled method (n/a) 21227 1163     n 0       org.bytedeco.javacpp.BytePointer::put (native)
 total in heap  [0x0000721ff0a71590,0x0000721ff0a71af0] = 1376
 relocation     [0x0000721ff0a716e8,0x0000721ff0a71720] = 56
 main code      [0x0000721ff0a71720,0x0000721ff0a71ae5] = 965
 stub code      [0x0000721ff0a71ae5,0x0000721ff0a71ae8] = 3
 oops           [0x0000721ff0a71ae8,0x0000721ff0a71af0] = 8

[Constant Pool (empty)]

[MachCode]
[Entry Point]
  # {method} {0x0000721f83440e60} 'put' '(JB)Lorg/bytedeco/javacpp/BytePointer;' in 'org/bytedeco/javacpp/BytePointer'
  # this:     rsi:rsi   = 'org/bytedeco/javacpp/BytePointer'
  # parm0:    rdx:rdx   = long
  # parm1:    rcx       = byte
  #           [sp+0x50]  (sp of caller)
  0x0000721ff0a71720: 448b 5608 | 49bb 0000 | 0087 1f72 | 0000 4d03 | d349 3bc2 | 0f84 0600 

  0x0000721ff0a71738: ;   {runtime_call ic_miss_stub}
  0x0000721ff0a71738: 0000 e941 | b983 ff90 
[Verified Entry Point]
  0x0000721ff0a71740: 8984 2400 | c0fe ff55 | 488b ec48 | 83ec 4090 | 4181 7f20 | 0100 0000 

  0x0000721ff0a71758: ;   {runtime_call StubRoutines (final stubs)}
  0x0000721ff0a71758: 7405 e841 | 1d82 ff48 | 8934 2448 | 83fe 0048 | 8d34 2448 | 0f44 3424 

  0x0000721ff0a71770: ;   {internal_word}
  0x0000721ff0a71770: c5f8 7749 | ba70 17a7 | f01f 7200 | 004d 8997 | a003 0000 | 4989 a798 

  0x0000721ff0a71788: ;   {external_word}
  0x0000721ff0a71788: 0300 0080 | 3da3 088a | 1400 0f84 | 3400 0000 

  0x0000721ff0a71798: ;   {metadata({method} {0x0000721f83440e60} 'put' '(JB)Lorg/bytedeco/javacpp/BytePointer;' in 'org/bytedeco/javacpp/BytePointer')}
  0x0000721ff0a71798: 5652 5148 | be60 0e44 | 831f 7200 | 0049 8bff | 40f6 c40f | 0f84 1200 | 0000 4883 

  0x0000721ff0a717b4: ;   {runtime_call SharedRuntime::dtrace_method_entry(JavaThread*, Method*)}
  0x0000721ff0a717b4: ec08 e815 | e114 1448 | 83c4 08e9 | 0500 0000 

  0x0000721ff0a717c4: ;   {runtime_call SharedRuntime::dtrace_method_entry(JavaThread*, Method*)}
  0x0000721ff0a717c4: e807 e114 | 1459 5a5e | 498d bfb8 | 0300 0041 | c787 4404 | 0000 0400 

  0x0000721ff0a717dc: ;   {runtime_call Java_org_bytedeco_javacpp_BytePointer_put__JB}
  0x0000721ff0a717dc: 0000 e86d | 8f9c 8fc5 | f877 41c7 | 8744 0400 | 0005 0000 | 00f0 8344 | 24c0 0049 | 3baf 4804 
  0x0000721ff0a717fc: 0000 0f87 | 0e00 0000 | 4183 bf40 | 0400 0000 | 0f84 2400 | 0000 c5f8 | 7748 8945 | f849 8bff 
  0x0000721ff0a7181c: 4c8b e448 | 83ec 0048 

  0x0000721ff0a71824: ;   {runtime_call JavaThread::check_special_condition_for_native_trans(JavaThread*)}
  0x0000721ff0a71824: 83e4 f0e8 | 04df cb13 | 498b e44d | 33e4 488b | 45f8 41c7 | 8744 0400 | 0008 0000 | 0041 83bf 
  0x0000721ff0a71844: c004 0000 | 020f 8470 

  0x0000721ff0a7184c: ;   {external_word}
  0x0000721ff0a7184c: 0200 0080 | 3ddf 078a | 1400 0f84 | 3600 0000 | 4889 45f8 

  0x0000721ff0a71860: ;   {metadata({method} {0x0000721f83440e60} 'put' '(JB)Lorg/bytedeco/javacpp/BytePointer;' in 'org/bytedeco/javacpp/BytePointer')}
  0x0000721ff0a71860: 48be 600e | 4483 1f72 | 0000 498b | ff40 f6c4 | 0f0f 8412 | 0000 0048 

  0x0000721ff0a71878: ;   {runtime_call SharedRuntime::dtrace_method_exit(JavaThread*, Method*)}
  0x0000721ff0a71878: 83ec 08e8 | 60e0 1414 | 4883 c408 | e905 0000 

  0x0000721ff0a71888: ;   {runtime_call SharedRuntime::dtrace_method_exit(JavaThread*, Method*)}
  0x0000721ff0a71888: 00e8 52e0 | 1414 488b | 45f8 49c7 | 8798 0300 | 0000 0000 | 0049 c787 | a003 0000 | 0000 0000 
  0x0000721ff0a718a8: c5f8 7748 | 85c0 0f84 | e801 0000 | a803 0f85 | 0800 0000 | 488b 00e9 | d801 0000 | a801 0f85 
  0x0000721ff0a718c8: 0900 0000 | 488b 40fe | e9c7 0100 | 0048 8b40 | ff41 807f | 4000 0f84 | b801 0000 | 4883 f800 
  0x0000721ff0a718e8: 0f84 ae01 | 0000 498b | 4f28 4883 | f900 0f84 | 1400 0000 | 4883 e908 | 4989 4f28 | 4903 4f38 
  0x0000721ff0a71908: 4889 01e9 | 8c01 0000 | 4881 ecd0 | 0000 0048 | 8904 2448 | 894c 2408 | 4889 5424 | 1048 8974 
  0x0000721ff0a71928: 2418 4889 | 7c24 204c | 8944 2428 | 4c89 4c24 | 304c 8954 | 2438 4c89 | 5c24 40c5 | fb11 4424 
  0x0000721ff0a71948: 50c5 fb11 | 4c24 58c5 | fb11 5424 | 60c5 fb11 | 5c24 68c5 | fb11 6424 | 70c5 fb11 | 6c24 78c5 
  0x0000721ff0a71968: fb11 b424 | 8000 0000 | c5fb 11bc | 2488 0000 | 00c5 7b11 | 8424 9000 | 0000 c57b | 118c 2498 
  0x0000721ff0a71988: ;   {no_reloc}
  0x0000721ff0a71988: 0000 00c5 | 7b11 9424 | a000 0000 | c57b 119c | 24a8 0000 | 00c5 7b11 | a424 b000 | 0000 c57b 
  0x0000721ff0a719a8: 11ac 24b8 | 0000 00c5 | 7b11 b424 | c000 0000 | c57b 11bc | 24c8 0000 | 0049 8bf7 | 488b f840 
  0x0000721ff0a719c8: f6c4 0f0f | 8412 0000 | 0048 83ec 

  0x0000721ff0a719d4: ;   {runtime_call G1BarrierSetRuntime::write_ref_field_pre_entry(oopDesc*, JavaThread*)}
  0x0000721ff0a719d4: 08e8 6607 | b513 4883 | c408 e905 

  0x0000721ff0a719e0: ;   {runtime_call G1BarrierSetRuntime::write_ref_field_pre_entry(oopDesc*, JavaThread*)}
  0x0000721ff0a719e0: 0000 00e8 | 5807 b513 | c57b 10bc | 24c8 0000 | 00c5 7b10 | b424 c000 | 0000 c57b | 10ac 24b8 
  0x0000721ff0a71a00: 0000 00c5 | 7b10 a424 | b000 0000 | c57b 109c | 24a8 0000 | 00c5 7b10 | 9424 a000 | 0000 c57b 
  0x0000721ff0a71a20: 108c 2498 | 0000 00c5 | 7b10 8424 | 9000 0000 | c5fb 10bc | 2488 0000 | 00c5 fb10 | b424 8000 
  0x0000721ff0a71a40: 0000 c5fb | 106c 2478 | c5fb 1064 | 2470 c5fb | 105c 2468 | c5fb 1054 | 2460 c5fb | 104c 2458 
  0x0000721ff0a71a60: c5fb 1044 | 2450 4c8b | 5c24 404c | 8b54 2438 | 4c8b 4c24 | 304c 8b44 | 2428 488b | 7c24 2048 
  0x0000721ff0a71a80: 8b74 2418 | 488b 5424 | 1048 8b4c | 2408 488b | 0424 4881 | c4d0 0000 | 00c5 f877 | 498b 8f28 
  0x0000721ff0a71aa0: 0400 00c7 | 8100 0100 | 0000 0000 | 00c9 4983 | 7f08 000f | 8501 0000 

  0x0000721ff0a71ab8: ;   {runtime_call StubRoutines (initial stubs)}
  0x0000721ff0a71ab8: 00c3 e941 | e17e ffc5 | f877 4889 | 45f8 4c8b | e448 83ec | 0048 83e4 

  0x0000721ff0a71ad0: ;   {runtime_call SharedRuntime::reguard_yellow_pages()}
  0x0000721ff0a71ad0: f0e8 daec | 1414 498b | e44d 33e4 | 488b 45f8 | e96a fdff | fff4 f4f4 
[/MachCode]


Compiled method (c1) 21232 1165       3       org.bytedeco.javacpp.BytePointer::put (7 bytes)
 total in heap  [0x0000721fe8fef490,0x0000721fe8fef810] = 896
 relocation     [0x0000721fe8fef5e8,0x0000721fe8fef628] = 64
 main code      [0x0000721fe8fef640,0x0000721fe8fef758] = 280
 stub code      [0x0000721fe8fef758,0x0000721fe8fef798] = 64
 oops           [0x0000721fe8fef798,0x0000721fe8fef7a0] = 8
 metadata       [0x0000721fe8fef7a0,0x0000721fe8fef7b0] = 16
 scopes data    [0x0000721fe8fef7b0,0x0000721fe8fef7c8] = 24
 scopes pcs     [0x0000721fe8fef7c8,0x0000721fe8fef808] = 64
 dependencies   [0x0000721fe8fef808,0x0000721fe8fef810] = 8

[Constant Pool (empty)]

[MachCode]
[Entry Point]
  # {method} {0x0000721f83440db8} 'put' '(B)Lorg/bytedeco/javacpp/BytePointer;' in 'org/bytedeco/javacpp/BytePointer'
  # this:     rsi:rsi   = 'org/bytedeco/javacpp/BytePointer'
  # parm0:    rdx       = byte
  #           [sp+0x40]  (sp of caller)
  0x0000721fe8fef640: 448b 5608 | 49bb 0000 | 0087 1f72 | 0000 4d03 | d34c 3bd0 

  0x0000721fe8fef654: ;   {runtime_call ic_miss_stub}
  0x0000721fe8fef654: 0f85 26da | 2b07 660f | 1f44 0000 
[Verified Entry Point]
  0x0000721fe8fef660: 8984 2400 | c0fe ff55 | 4883 ec30 | 4181 7f20 | 0100 0000 

  0x0000721fe8fef674: ;   {runtime_call StubRoutines (final stubs)}
  0x0000721fe8fef674: 7405 e825 | 3e2a 0748 

  0x0000721fe8fef67c: ;   {metadata(method data for {method} {0x0000721f83440db8} 'put' '(B)Lorg/bytedeco/javacpp/BytePointer;' in 'org/bytedeco/javacpp/BytePointer')}
  0x0000721fe8fef67c: 8bca 48ba | d839 ab83 | 1f72 0000 | 8bba f400 | 0000 83c7 | 0289 baf4 | 0000 0081 | e7fe 0700 
  0x0000721fe8fef69c: 0085 ff0f | 8452 0000 | 0048 8bd6 

  0x0000721fe8fef6a8: ;   {metadata(method data for {method} {0x0000721f83440db8} 'put' '(B)Lorg/bytedeco/javacpp/BytePointer;' in 'org/bytedeco/javacpp/BytePointer')}
  0x0000721fe8fef6a8: 48bf d839 | ab83 1f72 

  0x0000721fe8fef6b0: ;   {metadata('org/bytedeco/javacpp/BytePointer')}
  0x0000721fe8fef6b0: 0000 49ba | d857 0088 | 1f72 0000 | 4c89 9748 | 0100 0048 | 8387 5001 | 0000 0148 | c7c2 0000 
  0x0000721fe8fef6d0: 0000 0f1f 

  0x0000721fe8fef6d4: ;   {optimized virtual_call}
  0x0000721fe8fef6d4: 4400 00e8 

  0x0000721fe8fef6d8: ; ImmutableOopMap {}
                      ;*invokevirtual put {reexecute=0 rethrow=0 return_oop=0}
                      ; - org.bytedeco.javacpp.BytePointer::put@3 (line 256)
  0x0000721fe8fef6d8: 6420 a807 

  0x0000721fe8fef6dc: ;   {other}
  0x0000721fe8fef6dc: 0f1f 8400 | 4c02 0000 | 4883 c430 

  0x0000721fe8fef6e8: ;   {poll_return}
  0x0000721fe8fef6e8: 5d49 3ba7 | 4804 0000 | 0f87 1f00 

  0x0000721fe8fef6f4: ;   {metadata({method} {0x0000721f83440db8} 'put' '(B)Lorg/bytedeco/javacpp/BytePointer;' in 'org/bytedeco/javacpp/BytePointer')}
  0x0000721fe8fef6f4: 0000 c349 | bab8 0d44 | 831f 7200 | 004c 8954 | 2408 48c7 | 0424 ffff 

  0x0000721fe8fef70c: ;   {runtime_call counter_overflow Runtime1 stub}
  0x0000721fe8fef70c: ffff e8ed 

  0x0000721fe8fef710: ; ImmutableOopMap {rsi=Oop }
                      ;*synchronization entry
                      ; - org.bytedeco.javacpp.BytePointer::put@-1 (line 256)
  0x0000721fe8fef710: 5438 07eb 

  0x0000721fe8fef714: ;   {internal_word}
  0x0000721fe8fef714: 9049 bae9 | f6fe e81f | 7200 004d | 8997 6004 

  0x0000721fe8fef724: ;   {runtime_call SafepointBlob}
  0x0000721fe8fef724: 0000 e9d5 | 482c 0749 | 8b87 f804 | 0000 49c7 | 87f8 0400 | 0000 0000 | 0049 c787 | 0005 0000 
  0x0000721fe8fef744: 0000 0000 | 4883 c430 

  0x0000721fe8fef74c: ;   {runtime_call unwind_exception Runtime1 stub}
  0x0000721fe8fef74c: 5de9 aee3 | 3707 f4f4 | f4f4 f4f4 
[Stub Code]
  0x0000721fe8fef758: ;   {no_reloc}
  0x0000721fe8fef758: 0f1f 4400 

  0x0000721fe8fef75c: ;   {static_stub}
  0x0000721fe8fef75c: 0048 bb00 | 0000 0000 

  0x0000721fe8fef764: ;   {runtime_call nmethod}
  0x0000721fe8fef764: 0000 00e9 | fbff ffff 
[Exception Handler]
  0x0000721fe8fef76c: ;   {runtime_call handle_exception_from_callee Runtime1 stub}
  0x0000721fe8fef76c: e88f 1938 

  0x0000721fe8fef770: ;   {external_word}
  0x0000721fe8fef770: 0748 bf72 | 04f3 0420 | 7200 0048 

  0x0000721fe8fef77c: ;   {runtime_call MacroAssembler::debug64(char*, long, long*)}
  0x0000721fe8fef77c: 83e4 f0e8 | 9ccf a01b 

  0x0000721fe8fef784: ;   {section_word}
  0x0000721fe8fef784: f449 ba85 | f7fe e81f | 7200 0041 

  0x0000721fe8fef790: ;   {runtime_call DeoptimizationBlob}
  0x0000721fe8fef790: 52e9 0a3b | 2c07 f4f4 
[/MachCode]


---------------  P R O C E S S  ---------------

Threads class SMR info:
_java_thread_list=0x0000721f442d5b20, length=11, elements={
0x0000721ffc02cf30, 0x0000721ffc184720, 0x0000721ffc185c80, 0x0000721ffc187410,
0x0000721ffc188a40, 0x0000721ffc189fd0, 0x0000721ffc18bb80, 0x0000721ffc18d230,
0x0000721ffc19ac20, 0x0000721ffc19dc80, 0x0000721ffc3c6130
}

Java Threads: ( => current thread )
=>0x0000721ffc02cf30 JavaThread "main"                              [_thread_in_native, id=15433, stack(0x0000722003d00000,0x0000722003e00000) (1024K)]
  0x0000721ffc184720 JavaThread "Reference Handler"          daemon [_thread_blocked, id=15445, stack(0x000072200078c000,0x000072200088c000) (1024K)]
  0x0000721ffc185c80 JavaThread "Finalizer"                  daemon [_thread_blocked, id=15446, stack(0x0000722000300000,0x0000722000400000) (1024K)]
  0x0000721ffc187410 JavaThread "Signal Dispatcher"          daemon [_thread_blocked, id=15447, stack(0x00007220001ff000,0x00007220002ff000) (1024K)]
  0x0000721ffc188a40 JavaThread "Service Thread"             daemon [_thread_blocked, id=15448, stack(0x00007220000fe000,0x00007220001fe000) (1024K)]
  0x0000721ffc189fd0 JavaThread "Monitor Deflation Thread"   daemon [_thread_blocked, id=15449, stack(0x0000721ffbf00000,0x0000721ffc000000) (1024K)]
  0x0000721ffc18bb80 JavaThread "C2 CompilerThread0"         daemon [_thread_blocked, id=15450, stack(0x0000721fe5000000,0x0000721fe5100000) (1024K)]
  0x0000721ffc18d230 JavaThread "C1 CompilerThread0"         daemon [_thread_blocked, id=15451, stack(0x0000721fe4eff000,0x0000721fe4fff000) (1024K)]
  0x0000721ffc19ac20 JavaThread "Notification Thread"        daemon [_thread_blocked, id=15452, stack(0x0000721fe4dfe000,0x0000721fe4efe000) (1024K)]
  0x0000721ffc19dc80 JavaThread "Common-Cleaner"             daemon [_thread_blocked, id=15453, stack(0x0000721fe4cfd000,0x0000721fe4dfd000) (1024K)]
  0x0000721ffc3c6130 JavaThread "JavaCPP Deallocator"        daemon [_thread_blocked, id=15459, stack(0x0000721fe46f7000,0x0000721fe47f7000) (1024K)]
Total: 11

Other Threads:
  0x0000721ffc179d80 VMThread "VM Thread"                           [id=15444, stack(0x0000722000897000,0x0000722000997000) (1024K)]
  0x0000721ffc167a70 WatcherThread "VM Periodic Task Thread"        [id=15443, stack(0x0000722000998000,0x0000722000a98000) (1024K)]
  0x0000721ffc094d20 WorkerThread "GC Thread#0"                     [id=15434, stack(0x0000722001de1000,0x0000722001ee1000) (1024K)]
  0x0000721f7c008990 WorkerThread "GC Thread#1"                     [id=15495, stack(0x0000721fe41ff000,0x0000721fe42ff000) (1024K)]
  0x0000721f7c0094c0 WorkerThread "GC Thread#2"                     [id=15496, stack(0x0000721fe40fe000,0x0000721fe41fe000) (1024K)]
  0x0000721f7c009ff0 WorkerThread "GC Thread#3"                     [id=15497, stack(0x0000721fd5f00000,0x0000721fd6000000) (1024K)]
  0x0000721f7c00ab20 WorkerThread "GC Thread#4"                     [id=15498, stack(0x0000721fd5b00000,0x0000721fd5c00000) (1024K)]
  0x0000721ffc0a5750 ConcurrentGCThread "G1 Main Marker"            [id=15435, stack(0x0000722001ce0000,0x0000722001de0000) (1024K)]
  0x0000721ffc0a66f0 WorkerThread "G1 Conc#0"                       [id=15436, stack(0x0000722001bdf000,0x0000722001cdf000) (1024K)]
  0x0000721ffc14d480 ConcurrentGCThread "G1 Refine#0"               [id=15437, stack(0x0000722000dd1000,0x0000722000ed1000) (1024K)]
  0x0000721ffc14e430 ConcurrentGCThread "G1 Service"                [id=15438, stack(0x0000722000cd0000,0x0000722000dd0000) (1024K)]
Total: 11

Threads with active compile tasks:
Total: 0

VM state: not at safepoint (normal execution)

VM Mutex/Monitor currently owned by a thread: None

Heap address: 0x000000070c000000, size: 3904 MB, Compressed Oops mode: Zero based, Oop shift amount: 3

CDS archive(s) mapped at: [0x0000721f87000000-0x0000721f87d2e000-0x0000721f87d2e000), size 13819904, SharedBaseAddress: 0x0000721f87000000, ArchiveRelocationMode: 1.
Compressed class space mapped at: 0x0000721f88000000-0x0000721fc8000000, reserved size: 1073741824
Narrow klass base: 0x0000721f87000000, Narrow klass shift: 0, Narrow klass range: 0x100000000

GC Precious Log:
 CardTable entry size: 512
 Card Set container configuration: InlinePtr #cards 4 size 8 Array Of Cards #cards 16 size 48 Howl #buckets 8 coarsen threshold 3686 Howl Bitmap #cards 512 size 80 coarsen threshold 460 Card regions per heap region 1 cards per card region 4096
 CPUs: 16 total, 16 available
 Memory: 15609M
 Large Page Support: Disabled
 NUMA Support: Disabled
 Compressed Oops: Enabled (Zero based)
 Heap Region Size: 2M
 Heap Min Capacity: 8M
 Heap Initial Capacity: 244M
 Heap Max Capacity: 3904M
 Pre-touch: Disabled
 Parallel Workers: 13
 Concurrent Workers: 3
 Concurrent Refinement Workers: 13
 Periodic GC: Disabled

Heap:
 garbage-first heap   total 251904K, used 61605K [0x000000070c000000, 0x0000000800000000)
  region size 2048K, 31 young (63488K), 2 survivors (4096K)
 Metaspace       used 8966K, committed 9088K, reserved 1114112K
  class space    used 437K, committed 512K, reserved 1048576K

Heap Regions: E=young(eden), S=young(survivor), O=old, HS=humongous(starts), HC=humongous(continues), CS=collection set, F=free, TAMS=top-at-mark-start, PB=parsable bottom
|   0|0x000000070c000000, 0x000000070c000000, 0x000000070c200000|  0%| F|  |TAMS 0x000000070c000000| PB 0x000000070c000000| Untracked 
|   1|0x000000070c200000, 0x000000070c200000, 0x000000070c400000|  0%| F|  |TAMS 0x000000070c200000| PB 0x000000070c200000| Untracked 
|   2|0x000000070c400000, 0x000000070c400000, 0x000000070c600000|  0%| F|  |TAMS 0x000000070c400000| PB 0x000000070c400000| Untracked 
|   3|0x000000070c600000, 0x000000070c600000, 0x000000070c800000|  0%| F|  |TAMS 0x000000070c600000| PB 0x000000070c600000| Untracked 
|   4|0x000000070c800000, 0x000000070c800000, 0x000000070ca00000|  0%| F|  |TAMS 0x000000070c800000| PB 0x000000070c800000| Untracked 
|   5|0x000000070ca00000, 0x000000070ca00000, 0x000000070cc00000|  0%| F|  |TAMS 0x000000070ca00000| PB 0x000000070ca00000| Untracked 
|   6|0x000000070cc00000, 0x000000070cc00000, 0x000000070ce00000|  0%| F|  |TAMS 0x000000070cc00000| PB 0x000000070cc00000| Untracked 
|   7|0x000000070ce00000, 0x000000070ce00000, 0x000000070d000000|  0%| F|  |TAMS 0x000000070ce00000| PB 0x000000070ce00000| Untracked 
|   8|0x000000070d000000, 0x000000070d000000, 0x000000070d200000|  0%| F|  |TAMS 0x000000070d000000| PB 0x000000070d000000| Untracked 
|   9|0x000000070d200000, 0x000000070d200000, 0x000000070d400000|  0%| F|  |TAMS 0x000000070d200000| PB 0x000000070d200000| Untracked 
|  10|0x000000070d400000, 0x000000070d400000, 0x000000070d600000|  0%| F|  |TAMS 0x000000070d400000| PB 0x000000070d400000| Untracked 
|  11|0x000000070d600000, 0x000000070d600000, 0x000000070d800000|  0%| F|  |TAMS 0x000000070d600000| PB 0x000000070d600000| Untracked 
|  12|0x000000070d800000, 0x000000070d800000, 0x000000070da00000|  0%| F|  |TAMS 0x000000070d800000| PB 0x000000070d800000| Untracked 
|  13|0x000000070da00000, 0x000000070da00000, 0x000000070dc00000|  0%| F|  |TAMS 0x000000070da00000| PB 0x000000070da00000| Untracked 
|  14|0x000000070dc00000, 0x000000070dc00000, 0x000000070de00000|  0%| F|  |TAMS 0x000000070dc00000| PB 0x000000070dc00000| Untracked 
|  15|0x000000070de00000, 0x000000070de00000, 0x000000070e000000|  0%| F|  |TAMS 0x000000070de00000| PB 0x000000070de00000| Untracked 
|  16|0x000000070e000000, 0x000000070e000000, 0x000000070e200000|  0%| F|  |TAMS 0x000000070e000000| PB 0x000000070e000000| Untracked 
|  17|0x000000070e200000, 0x000000070e200000, 0x000000070e400000|  0%| F|  |TAMS 0x000000070e200000| PB 0x000000070e200000| Untracked 
|  18|0x000000070e400000, 0x000000070e400000, 0x000000070e600000|  0%| F|  |TAMS 0x000000070e400000| PB 0x000000070e400000| Untracked 
|  19|0x000000070e600000, 0x000000070e600000, 0x000000070e800000|  0%| F|  |TAMS 0x000000070e600000| PB 0x000000070e600000| Untracked 
|  20|0x000000070e800000, 0x000000070e800000, 0x000000070ea00000|  0%| F|  |TAMS 0x000000070e800000| PB 0x000000070e800000| Untracked 
|  21|0x000000070ea00000, 0x000000070ea00000, 0x000000070ec00000|  0%| F|  |TAMS 0x000000070ea00000| PB 0x000000070ea00000| Untracked 
|  22|0x000000070ec00000, 0x000000070ec00000, 0x000000070ee00000|  0%| F|  |TAMS 0x000000070ec00000| PB 0x000000070ec00000| Untracked 
|  23|0x000000070ee00000, 0x000000070ee00000, 0x000000070f000000|  0%| F|  |TAMS 0x000000070ee00000| PB 0x000000070ee00000| Untracked 
|  24|0x000000070f000000, 0x000000070f000000, 0x000000070f200000|  0%| F|  |TAMS 0x000000070f000000| PB 0x000000070f000000| Untracked 
|  25|0x000000070f200000, 0x000000070f200000, 0x000000070f400000|  0%| F|  |TAMS 0x000000070f200000| PB 0x000000070f200000| Untracked 
|  26|0x000000070f400000, 0x000000070f400000, 0x000000070f600000|  0%| F|  |TAMS 0x000000070f400000| PB 0x000000070f400000| Untracked 
|  27|0x000000070f600000, 0x000000070f600000, 0x000000070f800000|  0%| F|  |TAMS 0x000000070f600000| PB 0x000000070f600000| Untracked 
|  28|0x000000070f800000, 0x000000070f800000, 0x000000070fa00000|  0%| F|  |TAMS 0x000000070f800000| PB 0x000000070f800000| Untracked 
|  29|0x000000070fa00000, 0x000000070fa00000, 0x000000070fc00000|  0%| F|  |TAMS 0x000000070fa00000| PB 0x000000070fa00000| Untracked 
|  30|0x000000070fc00000, 0x000000070fc00000, 0x000000070fe00000|  0%| F|  |TAMS 0x000000070fc00000| PB 0x000000070fc00000| Untracked 
|  31|0x000000070fe00000, 0x000000070fe00000, 0x0000000710000000|  0%| F|  |TAMS 0x000000070fe00000| PB 0x000000070fe00000| Untracked 
|  32|0x0000000710000000, 0x0000000710000000, 0x0000000710200000|  0%| F|  |TAMS 0x0000000710000000| PB 0x0000000710000000| Untracked 
|  33|0x0000000710200000, 0x0000000710200000, 0x0000000710400000|  0%| F|  |TAMS 0x0000000710200000| PB 0x0000000710200000| Untracked 
|  34|0x0000000710400000, 0x0000000710400000, 0x0000000710600000|  0%| F|  |TAMS 0x0000000710400000| PB 0x0000000710400000| Untracked 
|  35|0x0000000710600000, 0x0000000710600000, 0x0000000710800000|  0%| F|  |TAMS 0x0000000710600000| PB 0x0000000710600000| Untracked 
|  36|0x0000000710800000, 0x0000000710800000, 0x0000000710a00000|  0%| F|  |TAMS 0x0000000710800000| PB 0x0000000710800000| Untracked 
|  37|0x0000000710a00000, 0x0000000710a00000, 0x0000000710c00000|  0%| F|  |TAMS 0x0000000710a00000| PB 0x0000000710a00000| Untracked 
|  38|0x0000000710c00000, 0x0000000710c00000, 0x0000000710e00000|  0%| F|  |TAMS 0x0000000710c00000| PB 0x0000000710c00000| Untracked 
|  39|0x0000000710e00000, 0x0000000710e00000, 0x0000000711000000|  0%| F|  |TAMS 0x0000000710e00000| PB 0x0000000710e00000| Untracked 
|  40|0x0000000711000000, 0x0000000711000000, 0x0000000711200000|  0%| F|  |TAMS 0x0000000711000000| PB 0x0000000711000000| Untracked 
|  41|0x0000000711200000, 0x0000000711200000, 0x0000000711400000|  0%| F|  |TAMS 0x0000000711200000| PB 0x0000000711200000| Untracked 
|  42|0x0000000711400000, 0x0000000711400000, 0x0000000711600000|  0%| F|  |TAMS 0x0000000711400000| PB 0x0000000711400000| Untracked 
|  43|0x0000000711600000, 0x0000000711600000, 0x0000000711800000|  0%| F|  |TAMS 0x0000000711600000| PB 0x0000000711600000| Untracked 
|  44|0x0000000711800000, 0x0000000711800000, 0x0000000711a00000|  0%| F|  |TAMS 0x0000000711800000| PB 0x0000000711800000| Untracked 
|  45|0x0000000711a00000, 0x0000000711a00000, 0x0000000711c00000|  0%| F|  |TAMS 0x0000000711a00000| PB 0x0000000711a00000| Untracked 
|  46|0x0000000711c00000, 0x0000000711c00000, 0x0000000711e00000|  0%| F|  |TAMS 0x0000000711c00000| PB 0x0000000711c00000| Untracked 
|  47|0x0000000711e00000, 0x0000000711e00000, 0x0000000712000000|  0%| F|  |TAMS 0x0000000711e00000| PB 0x0000000711e00000| Untracked 
|  48|0x0000000712000000, 0x0000000712000000, 0x0000000712200000|  0%| F|  |TAMS 0x0000000712000000| PB 0x0000000712000000| Untracked 
|  49|0x0000000712200000, 0x0000000712200000, 0x0000000712400000|  0%| F|  |TAMS 0x0000000712200000| PB 0x0000000712200000| Untracked 
|  50|0x0000000712400000, 0x0000000712400000, 0x0000000712600000|  0%| F|  |TAMS 0x0000000712400000| PB 0x0000000712400000| Untracked 
|  51|0x0000000712600000, 0x0000000712600000, 0x0000000712800000|  0%| F|  |TAMS 0x0000000712600000| PB 0x0000000712600000| Untracked 
|  52|0x0000000712800000, 0x0000000712800000, 0x0000000712a00000|  0%| F|  |TAMS 0x0000000712800000| PB 0x0000000712800000| Untracked 
|  53|0x0000000712a00000, 0x0000000712a00000, 0x0000000712c00000|  0%| F|  |TAMS 0x0000000712a00000| PB 0x0000000712a00000| Untracked 
|  54|0x0000000712c00000, 0x0000000712c00000, 0x0000000712e00000|  0%| F|  |TAMS 0x0000000712c00000| PB 0x0000000712c00000| Untracked 
|  55|0x0000000712e00000, 0x0000000712e00000, 0x0000000713000000|  0%| F|  |TAMS 0x0000000712e00000| PB 0x0000000712e00000| Untracked 
|  56|0x0000000713000000, 0x0000000713000000, 0x0000000713200000|  0%| F|  |TAMS 0x0000000713000000| PB 0x0000000713000000| Untracked 
|  57|0x0000000713200000, 0x0000000713200000, 0x0000000713400000|  0%| F|  |TAMS 0x0000000713200000| PB 0x0000000713200000| Untracked 
|  58|0x0000000713400000, 0x0000000713400000, 0x0000000713600000|  0%| F|  |TAMS 0x0000000713400000| PB 0x0000000713400000| Untracked 
|  59|0x0000000713600000, 0x0000000713600000, 0x0000000713800000|  0%| F|  |TAMS 0x0000000713600000| PB 0x0000000713600000| Untracked 
|  60|0x0000000713800000, 0x0000000713800000, 0x0000000713a00000|  0%| F|  |TAMS 0x0000000713800000| PB 0x0000000713800000| Untracked 
|  61|0x0000000713a00000, 0x0000000713a00000, 0x0000000713c00000|  0%| F|  |TAMS 0x0000000713a00000| PB 0x0000000713a00000| Untracked 
|  62|0x0000000713c00000, 0x0000000713c00000, 0x0000000713e00000|  0%| F|  |TAMS 0x0000000713c00000| PB 0x0000000713c00000| Untracked 
|  63|0x0000000713e00000, 0x0000000713e00000, 0x0000000714000000|  0%| F|  |TAMS 0x0000000713e00000| PB 0x0000000713e00000| Untracked 
|  64|0x0000000714000000, 0x0000000714000000, 0x0000000714200000|  0%| F|  |TAMS 0x0000000714000000| PB 0x0000000714000000| Untracked 
|  65|0x0000000714200000, 0x0000000714200000, 0x0000000714400000|  0%| F|  |TAMS 0x0000000714200000| PB 0x0000000714200000| Untracked 
|  66|0x0000000714400000, 0x0000000714400000, 0x0000000714600000|  0%| F|  |TAMS 0x0000000714400000| PB 0x0000000714400000| Untracked 
|  67|0x0000000714600000, 0x0000000714600000, 0x0000000714800000|  0%| F|  |TAMS 0x0000000714600000| PB 0x0000000714600000| Untracked 
|  68|0x0000000714800000, 0x0000000714800000, 0x0000000714a00000|  0%| F|  |TAMS 0x0000000714800000| PB 0x0000000714800000| Untracked 
|  69|0x0000000714a00000, 0x0000000714a00000, 0x0000000714c00000|  0%| F|  |TAMS 0x0000000714a00000| PB 0x0000000714a00000| Untracked 
|  70|0x0000000714c00000, 0x0000000714c00000, 0x0000000714e00000|  0%| F|  |TAMS 0x0000000714c00000| PB 0x0000000714c00000| Untracked 
|  71|0x0000000714e00000, 0x0000000714e00000, 0x0000000715000000|  0%| F|  |TAMS 0x0000000714e00000| PB 0x0000000714e00000| Untracked 
|  72|0x0000000715000000, 0x0000000715000000, 0x0000000715200000|  0%| F|  |TAMS 0x0000000715000000| PB 0x0000000715000000| Untracked 
|  73|0x0000000715200000, 0x0000000715200000, 0x0000000715400000|  0%| F|  |TAMS 0x0000000715200000| PB 0x0000000715200000| Untracked 
|  74|0x0000000715400000, 0x0000000715400000, 0x0000000715600000|  0%| F|  |TAMS 0x0000000715400000| PB 0x0000000715400000| Untracked 
|  75|0x0000000715600000, 0x0000000715600000, 0x0000000715800000|  0%| F|  |TAMS 0x0000000715600000| PB 0x0000000715600000| Untracked 
|  76|0x0000000715800000, 0x0000000715800000, 0x0000000715a00000|  0%| F|  |TAMS 0x0000000715800000| PB 0x0000000715800000| Untracked 
|  77|0x0000000715a00000, 0x0000000715a00000, 0x0000000715c00000|  0%| F|  |TAMS 0x0000000715a00000| PB 0x0000000715a00000| Untracked 
|  78|0x0000000715c00000, 0x0000000715c00000, 0x0000000715e00000|  0%| F|  |TAMS 0x0000000715c00000| PB 0x0000000715c00000| Untracked 
|  79|0x0000000715e00000, 0x0000000715e00000, 0x0000000716000000|  0%| F|  |TAMS 0x0000000715e00000| PB 0x0000000715e00000| Untracked 
|  80|0x0000000716000000, 0x0000000716000000, 0x0000000716200000|  0%| F|  |TAMS 0x0000000716000000| PB 0x0000000716000000| Untracked 
|  81|0x0000000716200000, 0x0000000716200000, 0x0000000716400000|  0%| F|  |TAMS 0x0000000716200000| PB 0x0000000716200000| Untracked 
|  82|0x0000000716400000, 0x0000000716400000, 0x0000000716600000|  0%| F|  |TAMS 0x0000000716400000| PB 0x0000000716400000| Untracked 
|  83|0x0000000716600000, 0x0000000716600000, 0x0000000716800000|  0%| F|  |TAMS 0x0000000716600000| PB 0x0000000716600000| Untracked 
|  84|0x0000000716800000, 0x0000000716800000, 0x0000000716a00000|  0%| F|  |TAMS 0x0000000716800000| PB 0x0000000716800000| Untracked 
|  85|0x0000000716a00000, 0x0000000716a00000, 0x0000000716c00000|  0%| F|  |TAMS 0x0000000716a00000| PB 0x0000000716a00000| Untracked 
|  86|0x0000000716c00000, 0x0000000716c00000, 0x0000000716e00000|  0%| F|  |TAMS 0x0000000716c00000| PB 0x0000000716c00000| Untracked 
|  87|0x0000000716e00000, 0x0000000716e00000, 0x0000000717000000|  0%| F|  |TAMS 0x0000000716e00000| PB 0x0000000716e00000| Untracked 
|  88|0x0000000717000000, 0x0000000717000000, 0x0000000717200000|  0%| F|  |TAMS 0x0000000717000000| PB 0x0000000717000000| Untracked 
|  89|0x0000000717200000, 0x0000000717200000, 0x0000000717400000|  0%| F|  |TAMS 0x0000000717200000| PB 0x0000000717200000| Untracked 
|  90|0x0000000717400000, 0x0000000717400000, 0x0000000717600000|  0%| F|  |TAMS 0x0000000717400000| PB 0x0000000717400000| Untracked 
|  91|0x0000000717600000, 0x00000007177ea990, 0x0000000717800000| 95%| E|  |TAMS 0x0000000717600000| PB 0x0000000717600000| Complete 
|  92|0x0000000717800000, 0x0000000717a00000, 0x0000000717a00000|100%| E|CS|TAMS 0x0000000717800000| PB 0x0000000717800000| Complete 
|  93|0x0000000717a00000, 0x0000000717c00000, 0x0000000717c00000|100%| E|CS|TAMS 0x0000000717a00000| PB 0x0000000717a00000| Complete 
|  94|0x0000000717c00000, 0x0000000717d1dc18, 0x0000000717e00000| 55%| S|CS|TAMS 0x0000000717c00000| PB 0x0000000717c00000| Complete 
|  95|0x0000000717e00000, 0x0000000718000000, 0x0000000718000000|100%| S|CS|TAMS 0x0000000717e00000| PB 0x0000000717e00000| Complete 
|  96|0x0000000718000000, 0x0000000718200000, 0x0000000718200000|100%| E|CS|TAMS 0x0000000718000000| PB 0x0000000718000000| Complete 
|  97|0x0000000718200000, 0x0000000718400000, 0x0000000718400000|100%| E|CS|TAMS 0x0000000718200000| PB 0x0000000718200000| Complete 
|  98|0x0000000718400000, 0x0000000718600000, 0x0000000718600000|100%| E|CS|TAMS 0x0000000718400000| PB 0x0000000718400000| Complete 
|  99|0x0000000718600000, 0x0000000718800000, 0x0000000718800000|100%| E|CS|TAMS 0x0000000718600000| PB 0x0000000718600000| Complete 
| 100|0x0000000718800000, 0x0000000718a00000, 0x0000000718a00000|100%| E|CS|TAMS 0x0000000718800000| PB 0x0000000718800000| Complete 
| 101|0x0000000718a00000, 0x0000000718c00000, 0x0000000718c00000|100%| E|CS|TAMS 0x0000000718a00000| PB 0x0000000718a00000| Complete 
| 102|0x0000000718c00000, 0x0000000718e00000, 0x0000000718e00000|100%| E|CS|TAMS 0x0000000718c00000| PB 0x0000000718c00000| Complete 
| 103|0x0000000718e00000, 0x0000000719000000, 0x0000000719000000|100%| E|CS|TAMS 0x0000000718e00000| PB 0x0000000718e00000| Complete 
| 104|0x0000000719000000, 0x0000000719200000, 0x0000000719200000|100%| E|CS|TAMS 0x0000000719000000| PB 0x0000000719000000| Complete 
| 105|0x0000000719200000, 0x0000000719400000, 0x0000000719400000|100%| E|CS|TAMS 0x0000000719200000| PB 0x0000000719200000| Complete 
| 106|0x0000000719400000, 0x0000000719600000, 0x0000000719600000|100%| E|CS|TAMS 0x0000000719400000| PB 0x0000000719400000| Complete 
| 107|0x0000000719600000, 0x0000000719800000, 0x0000000719800000|100%| E|CS|TAMS 0x0000000719600000| PB 0x0000000719600000| Complete 
| 108|0x0000000719800000, 0x0000000719a00000, 0x0000000719a00000|100%| E|CS|TAMS 0x0000000719800000| PB 0x0000000719800000| Complete 
| 109|0x0000000719a00000, 0x0000000719c00000, 0x0000000719c00000|100%| E|CS|TAMS 0x0000000719a00000| PB 0x0000000719a00000| Complete 
| 110|0x0000000719c00000, 0x0000000719e00000, 0x0000000719e00000|100%| E|CS|TAMS 0x0000000719c00000| PB 0x0000000719c00000| Complete 
| 111|0x0000000719e00000, 0x000000071a000000, 0x000000071a000000|100%| E|CS|TAMS 0x0000000719e00000| PB 0x0000000719e00000| Complete 
| 112|0x000000071a000000, 0x000000071a200000, 0x000000071a200000|100%| E|CS|TAMS 0x000000071a000000| PB 0x000000071a000000| Complete 
| 113|0x000000071a200000, 0x000000071a400000, 0x000000071a400000|100%| E|CS|TAMS 0x000000071a200000| PB 0x000000071a200000| Complete 
| 114|0x000000071a400000, 0x000000071a600000, 0x000000071a600000|100%| E|CS|TAMS 0x000000071a400000| PB 0x000000071a400000| Complete 
| 115|0x000000071a600000, 0x000000071a800000, 0x000000071a800000|100%| E|CS|TAMS 0x000000071a600000| PB 0x000000071a600000| Complete 
| 116|0x000000071a800000, 0x000000071aa00000, 0x000000071aa00000|100%| E|CS|TAMS 0x000000071a800000| PB 0x000000071a800000| Complete 
| 117|0x000000071aa00000, 0x000000071ac00000, 0x000000071ac00000|100%| E|CS|TAMS 0x000000071aa00000| PB 0x000000071aa00000| Complete 
| 118|0x000000071ac00000, 0x000000071ae00000, 0x000000071ae00000|100%| E|CS|TAMS 0x000000071ac00000| PB 0x000000071ac00000| Complete 
| 119|0x000000071ae00000, 0x000000071b000000, 0x000000071b000000|100%| E|CS|TAMS 0x000000071ae00000| PB 0x000000071ae00000| Complete 
| 120|0x000000071b000000, 0x000000071b200000, 0x000000071b200000|100%| E|CS|TAMS 0x000000071b000000| PB 0x000000071b000000| Complete 
| 121|0x000000071b200000, 0x000000071b400000, 0x000000071b400000|100%| E|CS|TAMS 0x000000071b200000| PB 0x000000071b200000| Complete 
|1951|0x00000007ffe00000, 0x00000007fff0bb78, 0x0000000800000000| 52%| O|  |TAMS 0x00000007ffe00000| PB 0x00000007ffe00000| Untracked 

Card table byte_map: [0x0000722001ee1000,0x0000722002681000] _byte_map_base: 0x0000721ffe681000

Marking Bits: (CMBitMap*) 0x0000721ffc095840
 Bits: [0x0000721fe5100000, 0x0000721fe8e00000)

Polling page: 0x0000722005793000

Metaspace:

Usage:
  Non-class:      8,33 MB used.
      Class:    437,34 KB used.
       Both:      8,76 MB used.

Virtual space:
  Non-class space:       64,00 MB reserved,       8,38 MB ( 13%) committed,  1 nodes.
      Class space:        1,00 GB reserved,     512,00 KB ( <1%) committed,  1 nodes.
             Both:        1,06 GB reserved,       8,88 MB ( <1%) committed. 

Chunk freelists:
   Non-Class:  5,25 MB
       Class:  15,43 MB
        Both:  20,68 MB

MaxMetaspaceSize: unlimited
CompressedClassSpaceSize: 1,00 GB
Initial GC threshold: 21,00 MB
Current GC threshold: 21,00 MB
CDS: on
 - commit_granule_bytes: 65536.
 - commit_granule_words: 8192.
 - virtual_space_node_default_size: 8388608.
 - enlarge_chunks_in_place: 1.
 - use_allocation_guard: 0.


Internal statistics:

num_allocs_failed_limit: 0.
num_arena_births: 42.
num_arena_deaths: 0.
num_vsnodes_births: 2.
num_vsnodes_deaths: 0.
num_space_committed: 140.
num_space_uncommitted: 0.
num_chunks_returned_to_freelist: 0.
num_chunks_taken_from_freelist: 272.
num_chunk_merges: 0.
num_chunk_splits: 250.
num_chunks_enlarged: 238.
num_inconsistent_stats: 0.

CodeHeap 'non-profiled nmethods': size=119168Kb used=840Kb max_used=840Kb free=118327Kb
 bounds [0x0000721ff09a0000, 0x0000721ff0c10000, 0x0000721ff7e00000]
CodeHeap 'profiled nmethods': size=119164Kb used=1982Kb max_used=1982Kb free=117181Kb
 bounds [0x0000721fe8e00000, 0x0000721fe9070000, 0x0000721ff025f000]
CodeHeap 'non-nmethods': size=7428Kb used=2040Kb max_used=3780Kb free=5387Kb
 bounds [0x0000721ff025f000, 0x0000721ff061f000, 0x0000721ff09a0000]
 total_blobs=2162 nmethods=1166 adapters=902
 compilation: enabled
              stopped_count=0, restarted_count=0
 full_count=0

Compilation events (20 events):
Event: 14,101 Thread 0x0000721ffc18d230 nmethod 1152 0x0000721fe8fed990 code [0x0000721fe8fedb40, 0x0000721fe8fede10]
Event: 14,101 Thread 0x0000721ffc18d230 1153       1       java.lang.invoke.LambdaForm$BasicType::basicTypeClass (5 bytes)
Event: 14,101 Thread 0x0000721ffc18d230 nmethod 1153 0x0000721ff0a6e390 code [0x0000721ff0a6e520, 0x0000721ff0a6e5e8]
Event: 14,101 Thread 0x0000721ffc18d230 1155       3       java.lang.invoke.LambdaForm$NamedFunction::methodType (28 bytes)
Event: 14,101 Thread 0x0000721ffc18d230 nmethod 1155 0x0000721fe8fedf10 code [0x0000721fe8fee0c0, 0x0000721fe8fee3f0]
Event: 14,101 Thread 0x0000721ffc18d230 1157       3       java.lang.invoke.MemberName::getName (25 bytes)
Event: 14,102 Thread 0x0000721ffc18d230 nmethod 1157 0x0000721fe8fee510 code [0x0000721fe8fee6e0, 0x0000721fe8feea48]
Event: 14,109 Thread 0x0000721ffc18bb80 nmethod 1150 0x0000721ff0a6e990 code [0x0000721ff0a6ec00, 0x0000721ff0a6fe08]
Event: 21,220 Thread 0x0000721ffc18bb80 1158       4       java.lang.CharacterData::of (136 bytes)
Event: 21,220 Thread 0x0000721ffc18d230 1159       3       java.lang.Class::annotationData (44 bytes)
Event: 21,221 Thread 0x0000721ffc18d230 nmethod 1159 0x0000721fe8feeb10 code [0x0000721fe8feece0, 0x0000721fe8feefa8]
Event: 21,221 Thread 0x0000721ffc18bb80 nmethod 1158 0x0000721ff0a70990 code [0x0000721ff0a70b00, 0x0000721ff0a70ba8]
Event: 21,221 Thread 0x0000721ffc18d230 1162       3       org.bytedeco.javacpp.BytePointer::get (6 bytes)
Event: 21,221 Thread 0x0000721ffc18d230 nmethod 1162 0x0000721fe8fef110 code [0x0000721fe8fef2c0, 0x0000721fe8fef400]
Event: 21,222 Thread 0x0000721ffc18bb80 1164       4       org.bytedeco.javacpp.BytePointer::get (6 bytes)
Event: 21,222 Thread 0x0000721ffc18d230 1165       3       org.bytedeco.javacpp.BytePointer::put (7 bytes)
Event: 21,222 Thread 0x0000721ffc18d230 nmethod 1165 0x0000721fe8fef490 code [0x0000721fe8fef640, 0x0000721fe8fef798]
Event: 21,222 Thread 0x0000721ffc18bb80 nmethod 1164 0x0000721ff0a71b10 code [0x0000721ff0a71ca0, 0x0000721ff0a71d58]
Event: 21,223 Thread 0x0000721ffc18bb80 1166       4       java.lang.Math::min (11 bytes)
Event: 21,223 Thread 0x0000721ffc18bb80 nmethod 1166 0x0000721ff0a71e10 code [0x0000721ff0a71f80, 0x0000721ff0a71ff0]

GC Heap History (4 events):
Event: 0,219 GC heap before
{Heap before GC invocations=0 (full 0):
 garbage-first heap   total 251904K, used 27694K [0x000000070c000000, 0x0000000800000000)
  region size 2048K, 11 young (22528K), 0 survivors (0K)
 Metaspace       used 6302K, committed 6400K, reserved 1114112K
  class space    used 153K, committed 192K, reserved 1048576K
}
Event: 0,222 GC heap after
{Heap after GC invocations=1 (full 0):
 garbage-first heap   total 251904K, used 4280K [0x000000070c000000, 0x0000000800000000)
  region size 2048K, 2 young (4096K), 2 survivors (4096K)
 Metaspace       used 6302K, committed 6400K, reserved 1114112K
  class space    used 153K, committed 192K, reserved 1048576K
}
Event: 0,345 GC heap before
{Heap before GC invocations=1 (full 0):
 garbage-first heap   total 251904K, used 53432K [0x000000070c000000, 0x0000000800000000)
  region size 2048K, 26 young (53248K), 2 survivors (4096K)
 Metaspace       used 6316K, committed 6464K, reserved 1114112K
  class space    used 153K, committed 192K, reserved 1048576K
}
Event: 0,347 GC heap after
{Heap after GC invocations=2 (full 0):
 garbage-first heap   total 251904K, used 4261K [0x000000070c000000, 0x0000000800000000)
  region size 2048K, 2 young (4096K), 2 survivors (4096K)
 Metaspace       used 6316K, committed 6464K, reserved 1114112K
  class space    used 153K, committed 192K, reserved 1048576K
}

Dll operation events (20 events):
Event: 0,001 Loaded shared library /home/aleksei/App/ideaIC-2025.1.2/idea-IC-251.26094.121/jbr/lib/libjava.so
Event: 0,012 Loaded shared library /home/aleksei/App/ideaIC-2025.1.2/idea-IC-251.26094.121/jbr/lib/libzip.so
Event: 0,020 Loaded shared library /home/aleksei/App/ideaIC-2025.1.2/idea-IC-251.26094.121/jbr/lib/libnio.so
Event: 0,021 Loaded shared library /home/aleksei/App/ideaIC-2025.1.2/idea-IC-251.26094.121/jbr/lib/libzip.so
Event: 0,051 Loaded shared library /home/aleksei/App/ideaIC-2025.1.2/idea-IC-251.26094.121/jbr/lib/libjimage.so
Event: 0,072 Loaded shared library /home/aleksei/.javacpp/cache/javacpp-1.5.5-linux-x86_64.jar/org/bytedeco/javacpp/linux-x86_64/libjnijavacpp.so
Event: 0,088 Loaded shared library /home/aleksei/.javacpp/cache/openblas-0.3.13-1.5.5-linux-x86_64.jar/org/bytedeco/openblas/linux-x86_64/libgcc_s.so.1
Event: 0,090 Loaded shared library /home/aleksei/.javacpp/cache/openblas-0.3.13-1.5.5-linux-x86_64.jar/org/bytedeco/openblas/linux-x86_64/libquadmath.so.0
Event: 0,095 Loaded shared library /usr/lib/libgfortran.so.5.0.0
Event: 0,099 Loaded shared library /home/aleksei/.javacpp/cache/openblas-0.3.13-1.5.5-linux-x86_64.jar/org/bytedeco/openblas/linux-x86_64/libgfortran.so.4
Event: 0,109 Loaded shared library /home/aleksei/.javacpp/cache/openblas-0.3.13-1.5.5-linux-x86_64.jar/org/bytedeco/openblas/linux-x86_64/libopenblas_nolapack.so.0
Event: 0,116 Loaded shared library /home/aleksei/.javacpp/cache/openblas-0.3.13-1.5.5-linux-x86_64.jar/org/bytedeco/openblas/linux-x86_64/libjniopenblas_nolapack.so
Event: 0,161 Loaded shared library /home/aleksei/.javacpp/cache/openblas-0.3.13-1.5.5-linux-x86_64.jar/org/bytedeco/openblas/linux-x86_64/libopenblas.so.0
Event: 0,171 Loaded shared library /home/aleksei/.javacpp/cache/openblas-0.3.13-1.5.5-linux-x86_64.jar/org/bytedeco/openblas/linux-x86_64/libjniopenblas.so
Event: 0,395 Loaded shared library /home/aleksei/.javacpp/cache/opencv-4.5.1-1.5.5-linux-x86_64.jar/org/bytedeco/opencv/linux-x86_64/libopencv_core.so.4.5
Event: 0,405 Loaded shared library /home/aleksei/.javacpp/cache/opencv-4.5.1-1.5.5-linux-x86_64.jar/org/bytedeco/opencv/linux-x86_64/libopencv_imgproc.so.4.5
Event: 0,413 Loaded shared library /home/aleksei/.javacpp/cache/opencv-4.5.1-1.5.5-linux-x86_64.jar/org/bytedeco/opencv/linux-x86_64/libjniopencv_core.so
Event: 0,446 Loaded shared library /home/aleksei/.javacpp/cache/opencv-4.5.1-1.5.5-linux-x86_64.jar/org/bytedeco/opencv/linux-x86_64/libjniopencv_imgproc.so
Event: 0,451 Loaded shared library /home/aleksei/.javacpp/cache/opencv-4.5.1-1.5.5-linux-x86_64.jar/org/bytedeco/opencv/linux-x86_64/libopencv_imgcodecs.so.4.5
Event: 0,452 Loaded shared library /home/aleksei/.javacpp/cache/opencv-4.5.1-1.5.5-linux-x86_64.jar/org/bytedeco/opencv/linux-x86_64/libjniopencv_imgcodecs.so

Deoptimization events (20 events):
Event: 0,468 Thread 0x0000721ffc02cf30 Uncommon trap: trap_request=0xffffff45 fr.pc=0x0000721ff09c3620 relative=0x00000000000004c0
Event: 0,468 Thread 0x0000721ffc02cf30 Uncommon trap: reason=unstable_if action=reinterpret pc=0x0000721ff09c3620 method=java.lang.AbstractStringBuilder.inflateIfNeededFor(Ljava/lang/String;)V @ 14 c2
Event: 0,468 Thread 0x0000721ffc02cf30 DEOPT PACKING pc=0x0000721ff09c3620 sp=0x0000722003dfe6a0
Event: 0,468 Thread 0x0000721ffc02cf30 DEOPT UNPACKING pc=0x0000721ff02b2f99 sp=0x0000722003dfe5a8 mode 2
Event: 0,468 Thread 0x0000721ffc02cf30 Uncommon trap: trap_request=0xffffff45 fr.pc=0x0000721ff09c0f10 relative=0x00000000000000f0
Event: 0,468 Thread 0x0000721ffc02cf30 Uncommon trap: reason=unstable_if action=reinterpret pc=0x0000721ff09c0f10 method=java.lang.String.getBytes([BIB)V @ 5 c2
Event: 0,468 Thread 0x0000721ffc02cf30 DEOPT PACKING pc=0x0000721ff09c0f10 sp=0x0000722003dfe5d0
Event: 0,468 Thread 0x0000721ffc02cf30 DEOPT UNPACKING pc=0x0000721ff02b2f99 sp=0x0000722003dfe598 mode 2
Event: 0,468 Thread 0x0000721ffc02cf30 Uncommon trap: trap_request=0xffffff45 fr.pc=0x0000721ff09d2444 relative=0x0000000000000504
Event: 0,468 Thread 0x0000721ffc02cf30 Uncommon trap: reason=unstable_if action=reinterpret pc=0x0000721ff09d2444 method=java.lang.AbstractStringBuilder.isLatin1()Z @ 10 c2
Event: 0,468 Thread 0x0000721ffc02cf30 DEOPT PACKING pc=0x0000721ff09d2444 sp=0x0000722003dfe710
Event: 0,468 Thread 0x0000721ffc02cf30 DEOPT UNPACKING pc=0x0000721ff02b2f99 sp=0x0000722003dfe5a8 mode 2
Event: 14,094 Thread 0x0000721ffc02cf30 Uncommon trap: trap_request=0xffffff45 fr.pc=0x0000721ff0a59384 relative=0x0000000000000584
Event: 14,094 Thread 0x0000721ffc02cf30 Uncommon trap: reason=unstable_if action=reinterpret pc=0x0000721ff0a59384 method=java.util.regex.Matcher.search(I)Z @ 30 c2
Event: 14,094 Thread 0x0000721ffc02cf30 DEOPT PACKING pc=0x0000721ff0a59384 sp=0x0000722003dfe730
Event: 14,094 Thread 0x0000721ffc02cf30 DEOPT UNPACKING pc=0x0000721ff02b2f99 sp=0x0000722003dfe720 mode 2
Event: 14,102 Thread 0x0000721ffc02cf30 Uncommon trap: trap_request=0xffffff45 fr.pc=0x0000721ff0a1d13c relative=0x000000000000193c
Event: 14,102 Thread 0x0000721ffc02cf30 Uncommon trap: reason=unstable_if action=reinterpret pc=0x0000721ff0a1d13c method=jdk.internal.loader.URLClassPath$FileLoader.getResource(Ljava/lang/String;Z)Ljdk/internal/loader/Resource; @ 128 c2
Event: 14,102 Thread 0x0000721ffc02cf30 DEOPT PACKING pc=0x0000721ff0a1d13c sp=0x0000722003dfde20
Event: 14,102 Thread 0x0000721ffc02cf30 DEOPT UNPACKING pc=0x0000721ff02b2f99 sp=0x0000722003dfddf0 mode 2

Classes loaded (20 events):
Event: 0,463 Loading class jdk/internal/jimage/decompressor/ResourceDecompressor done
Event: 0,463 Loading class jdk/internal/jimage/decompressor/ZipDecompressor done
Event: 0,463 Loading class sun/net/www/protocol/jrt/Handler
Event: 0,463 Loading class sun/net/www/protocol/jrt/Handler done
Event: 0,465 Loading class sun/util/resources/LocaleData$CommonResourceBundleProvider
Event: 0,465 Loading class sun/util/resources/LocaleData$LocaleDataResourceBundleProvider
Event: 0,465 Loading class java/util/spi/ResourceBundleProvider
Event: 0,465 Loading class java/util/spi/ResourceBundleProvider done
Event: 0,465 Loading class sun/util/resources/LocaleData$LocaleDataResourceBundleProvider done
Event: 0,465 Loading class sun/util/resources/LocaleData$CommonResourceBundleProvider done
Event: 0,465 Loading class java/util/ArrayList$SubList$1
Event: 0,466 Loading class java/util/ArrayList$SubList$1 done
Event: 0,466 Loading class sun/text/resources/cldr/FormatData_en
Event: 0,466 Loading class sun/text/resources/cldr/FormatData_en done
Event: 0,466 Loading class sun/util/resources/Bundles$2
Event: 0,466 Loading class sun/util/resources/Bundles$2 done
Event: 14,094 Loading class java/util/regex/Matcher$ImmutableMatchResult
Event: 14,094 Loading class java/util/regex/Matcher$ImmutableMatchResult done
Event: 14,102 Loading class java/lang/NoSuchFieldError
Event: 14,102 Loading class java/lang/NoSuchFieldError done

Classes unloaded (0 events):
No events

Classes redefined (0 events):
No events

Internal exceptions (6 events):
Event: 0,045 Thread 0x0000721ffc02cf30 Exception <a 'java/lang/NoSuchMethodError'{0x000000071aefac40}: 'int java.lang.invoke.DirectMethodHandle$Holder.invokeStaticInit(java.lang.Object, java.lang.Object, java.lang.Object, java.lang.Object)'> (0x000000071aefac40) 
thrown [src/hotspot/share/interpreter/linkResolver.cpp, line 783]
Event: 0,046 Thread 0x0000721ffc02cf30 Exception <a 'java/lang/NoSuchMethodError'{0x000000071af04900}: 'java.lang.Object java.lang.invoke.DirectMethodHandle$Holder.invokeInterface(java.lang.Object, java.lang.Object)'> (0x000000071af04900) 
thrown [src/hotspot/share/interpreter/linkResolver.cpp, line 783]
Event: 0,046 Thread 0x0000721ffc02cf30 Exception <a 'java/lang/IncompatibleClassChangeError'{0x000000071af07b98}: Found class java.lang.Object, but interface was expected> (0x000000071af07b98) 
thrown [src/hotspot/share/interpreter/linkResolver.cpp, line 851]
Event: 0,047 Thread 0x0000721ffc02cf30 Exception <a 'java/lang/NoSuchMethodError'{0x000000071af0a828}: 'void java.lang.invoke.DirectMethodHandle$Holder.invokeStatic(java.lang.Object, java.lang.Object)'> (0x000000071af0a828) 
thrown [src/hotspot/share/interpreter/linkResolver.cpp, line 783]
Event: 0,047 Thread 0x0000721ffc02cf30 Exception <a 'java/lang/NoSuchMethodError'{0x000000071af0dc38}: 'void java.lang.invoke.DirectMethodHandle$Holder.invokeStaticInit(java.lang.Object, java.lang.Object)'> (0x000000071af0dc38) 
thrown [src/hotspot/share/interpreter/linkResolver.cpp, line 783]
Event: 0,047 Thread 0x0000721ffc02cf30 Exception <a 'java/lang/NoSuchMethodError'{0x000000071af13ac0}: 'int java.lang.invoke.DirectMethodHandle$Holder.invokeStaticInit(java.lang.Object, java.lang.Object)'> (0x000000071af13ac0) 
thrown [src/hotspot/share/interpreter/linkResolver.cpp, line 783]

ZGC Phase Switch (0 events):
No events

VM Operations (16 events):
Event: 0,053 Executing VM operation: HandshakeAllThreads (Deoptimize)
Event: 0,053 Executing VM operation: HandshakeAllThreads (Deoptimize) done
Event: 0,082 Executing VM operation: HandshakeAllThreads (Deoptimize)
Event: 0,082 Executing VM operation: HandshakeAllThreads (Deoptimize) done
Event: 0,219 Executing VM operation: G1CollectForAllocation (G1 Evacuation Pause)
Event: 0,222 Executing VM operation: G1CollectForAllocation (G1 Evacuation Pause) done
Event: 0,345 Executing VM operation: G1CollectForAllocation (G1 Evacuation Pause)
Event: 0,347 Executing VM operation: G1CollectForAllocation (G1 Evacuation Pause) done
Event: 0,462 Executing VM operation: HandshakeAllThreads (Deoptimize)
Event: 0,462 Executing VM operation: HandshakeAllThreads (Deoptimize) done
Event: 0,463 Executing VM operation: HandshakeAllThreads (Deoptimize)
Event: 0,463 Executing VM operation: HandshakeAllThreads (Deoptimize) done
Event: 1,463 Executing VM operation: Cleanup
Event: 1,463 Executing VM operation: Cleanup done
Event: 14,463 Executing VM operation: Cleanup
Event: 14,463 Executing VM operation: Cleanup done

Memory protections (20 events):
Event: 0,013 Protecting memory [0x000072200078c000,0x0000722000790000] with protection modes 0
Event: 0,013 Protecting memory [0x0000722000300000,0x0000722000304000] with protection modes 0
Event: 0,013 Protecting memory [0x00007220001ff000,0x0000722000203000] with protection modes 0
Event: 0,013 Protecting memory [0x00007220000fe000,0x0000722000102000] with protection modes 0
Event: 0,013 Protecting memory [0x0000721ffbf00000,0x0000721ffbf04000] with protection modes 0
Event: 0,013 Protecting memory [0x0000721fe5000000,0x0000721fe5004000] with protection modes 0
Event: 0,014 Protecting memory [0x0000721fe4eff000,0x0000721fe4f03000] with protection modes 0
Event: 0,017 Protecting memory [0x0000721fe4dfe000,0x0000721fe4e02000] with protection modes 0
Event: 0,017 Protecting memory [0x0000721fe4cfd000,0x0000721fe4d01000] with protection modes 0
Event: 0,023 Protecting memory [0x0000721fe4bfc000,0x0000721fe4c00000] with protection modes 0
Event: 0,023 Protecting memory [0x0000721fe4afb000,0x0000721fe4aff000] with protection modes 0
Event: 0,023 Protecting memory [0x0000721fe49fa000,0x0000721fe49fe000] with protection modes 0
Event: 0,028 Protecting memory [0x0000721fe48f9000,0x0000721fe48fd000] with protection modes 0
Event: 0,028 Protecting memory [0x0000721fe47f8000,0x0000721fe47fc000] with protection modes 0
Event: 0,076 Protecting memory [0x0000721fe46f7000,0x0000721fe46fb000] with protection modes 0
Event: 0,097 Protecting memory [0x0000721fe4300000,0x0000721fe4304000] with protection modes 0
Event: 0,287 Protecting memory [0x0000721fd5700000,0x0000721fd5704000] with protection modes 0
Event: 0,298 Protecting memory [0x0000721fd42ff000,0x0000721fd4303000] with protection modes 0
Event: 0,298 Protecting memory [0x0000721fd41fe000,0x0000721fd4202000] with protection modes 0
Event: 0,306 Protecting memory [0x0000721fd40fd000,0x0000721fd4101000] with protection modes 0

Nmethod flushes (0 events):
No events

Events (20 events):
Event: 0,023 Thread 0x0000721ffc18d230 Thread added: 0x0000721f5c03dbd0
Event: 0,023 Thread 0x0000721ffc18d230 Thread added: 0x0000721f5c03eea0
Event: 0,028 Thread 0x0000721ffc18d230 Thread added: 0x0000721f5c0691c0
Event: 0,028 Thread 0x0000721ffc18d230 Thread added: 0x0000721f5c06a410
Event: 0,076 Thread 0x0000721ffc02cf30 Thread added: 0x0000721ffc3c6130
Event: 0,097 Thread 0x0000721f5c03c910 Thread added: 0x0000721f58038760
Event: 0,287 Thread 0x0000721f5c0691c0 Thread added: 0x0000721f44110610
Event: 0,298 Thread 0x0000721f5c0691c0 Thread added: 0x0000721f4413a1f0
Event: 0,298 Thread 0x0000721f5c0691c0 Thread added: 0x0000721f4429b480
Event: 0,306 Thread 0x0000721f44110610 Thread added: 0x0000721e2402da20
Event: 5,469 Thread 0x0000721e2402da20 Thread exited: 0x0000721e2402da20
Event: 5,469 Thread 0x0000721f5c03eea0 Thread exited: 0x0000721f5c03eea0
Event: 5,471 Thread 0x0000721f4429b480 Thread exited: 0x0000721f4429b480
Event: 10,469 Thread 0x0000721f5c03dbd0 Thread exited: 0x0000721f5c03dbd0
Event: 10,469 Thread 0x0000721f5c03c910 Thread exited: 0x0000721f5c03c910
Event: 10,469 Thread 0x0000721f4413a1f0 Thread exited: 0x0000721f4413a1f0
Event: 10,474 Thread 0x0000721f44110610 Thread exited: 0x0000721f44110610
Event: 14,095 Thread 0x0000721f58038760 Thread exited: 0x0000721f58038760
Event: 14,095 Thread 0x0000721f5c06a410 Thread exited: 0x0000721f5c06a410
Event: 14,095 Thread 0x0000721f5c0691c0 Thread exited: 0x0000721f5c0691c0


Dynamic libraries:
70c000000-71b400000 rw-p 00000000 00:00 0 
71b400000-7ffe00000 ---p 00000000 00:00 0 
7ffe00000-7fff0c000 rw-p 00d70000 103:06 10757205                        /home/aleksei/App/ideaIC-2025.1.2/idea-IC-251.26094.121/jbr/lib/server/classes.jsa
7fff0c000-800000000 rw-p 00000000 00:00 0 
6377e06f6000-6377e06f7000 r--p 00000000 103:06 10757496                  /home/aleksei/App/ideaIC-2025.1.2/idea-IC-251.26094.121/jbr/bin/java
6377e06f7000-6377e06f8000 r-xp 00001000 103:06 10757496                  /home/aleksei/App/ideaIC-2025.1.2/idea-IC-251.26094.121/jbr/bin/java
6377e06f8000-6377e06f9000 r--p 00002000 103:06 10757496                  /home/aleksei/App/ideaIC-2025.1.2/idea-IC-251.26094.121/jbr/bin/java
6377e06f9000-6377e06fa000 r--p 00002000 103:06 10757496                  /home/aleksei/App/ideaIC-2025.1.2/idea-IC-251.26094.121/jbr/bin/java
6377e06fa000-6377e06fb000 rw-p 00003000 103:06 10757496                  /home/aleksei/App/ideaIC-2025.1.2/idea-IC-251.26094.121/jbr/bin/java
637809f03000-637809f4b000 rw-p 00000000 00:00 0                          [heap]
721e10000000-721e1039f000 rw-p 00000000 00:00 0 
721e1039f000-721e14000000 ---p 00000000 00:00 0 
721e18000000-721e1840f000 rw-p 00000000 00:00 0 
721e1840f000-721e1c000000 ---p 00000000 00:00 0 
721e1c000000-721e1c8a7000 rw-p 00000000 00:00 0 
721e1c8a7000-721e20000000 ---p 00000000 00:00 0 
721e20000000-721e20021000 rw-p 00000000 00:00 0 
721e20021000-721e24000000 ---p 00000000 00:00 0 
721e24000000-721e2453c000 rw-p 00000000 00:00 0 
721e2453c000-721e28000000 ---p 00000000 00:00 0 
721e28000000-721e28021000 rw-p 00000000 00:00 0 
721e28021000-721e2c000000 ---p 00000000 00:00 0 
721e2c000000-721e2c021000 rw-p 00000000 00:00 0 
721e2c021000-721e30000000 ---p 00000000 00:00 0 
721e30000000-721e30021000 rw-p 00000000 00:00 0 
721e30021000-721e34000000 ---p 00000000 00:00 0 
721e34870000-721e34e00000 rw-p 00000000 00:00 0 
721e34e00000-721e34e30000 r-xp 00000000 103:06 10881099                  /home/aleksei/.javacpp/cache/opencv-4.5.1-1.5.5-linux-x86_64.jar/org/bytedeco/opencv/linux-x86_64/libjniopencv_imgcodecs.so
721e34e30000-721e3502f000 ---p 00030000 103:06 10881099                  /home/aleksei/.javacpp/cache/opencv-4.5.1-1.5.5-linux-x86_64.jar/org/bytedeco/opencv/linux-x86_64/libjniopencv_imgcodecs.so
721e3502f000-721e35030000 r--p 0002f000 103:06 10881099                  /home/aleksei/.javacpp/cache/opencv-4.5.1-1.5.5-linux-x86_64.jar/org/bytedeco/opencv/linux-x86_64/libjniopencv_imgcodecs.so
721e35030000-721e35031000 rw-p 00030000 103:06 10881099                  /home/aleksei/.javacpp/cache/opencv-4.5.1-1.5.5-linux-x86_64.jar/org/bytedeco/opencv/linux-x86_64/libjniopencv_imgcodecs.so
721e35200000-721e3554e000 r-xp 00000000 103:06 10881097                  /home/aleksei/.javacpp/cache/opencv-4.5.1-1.5.5-linux-x86_64.jar/org/bytedeco/opencv/linux-x86_64/libopencv_imgcodecs.so.4.5
721e3554e000-721e3574d000 ---p 0034e000 103:06 10881097                  /home/aleksei/.javacpp/cache/opencv-4.5.1-1.5.5-linux-x86_64.jar/org/bytedeco/opencv/linux-x86_64/libopencv_imgcodecs.so.4.5
721e3574d000-721e35757000 r--p 0034d000 103:06 10881097                  /home/aleksei/.javacpp/cache/opencv-4.5.1-1.5.5-linux-x86_64.jar/org/bytedeco/opencv/linux-x86_64/libopencv_imgcodecs.so.4.5
721e35757000-721e3575b000 rw-p 00357000 103:06 10881097                  /home/aleksei/.javacpp/cache/opencv-4.5.1-1.5.5-linux-x86_64.jar/org/bytedeco/opencv/linux-x86_64/libopencv_imgcodecs.so.4.5
721e3575b000-721e357c5000 rw-p 00000000 00:00 0 
721e35800000-721e35953000 r-xp 00000000 103:06 10881096                  /home/aleksei/.javacpp/cache/opencv-4.5.1-1.5.5-linux-x86_64.jar/org/bytedeco/opencv/linux-x86_64/libjniopencv_imgproc.so
721e35953000-721e35b53000 ---p 00153000 103:06 10881096                  /home/aleksei/.javacpp/cache/opencv-4.5.1-1.5.5-linux-x86_64.jar/org/bytedeco/opencv/linux-x86_64/libjniopencv_imgproc.so
721e35b53000-721e35b56000 r--p 00153000 103:06 10881096                  /home/aleksei/.javacpp/cache/opencv-4.5.1-1.5.5-linux-x86_64.jar/org/bytedeco/opencv/linux-x86_64/libjniopencv_imgproc.so
721e35b56000-721e35b57000 rw-p 00156000 103:06 10881096                  /home/aleksei/.javacpp/cache/opencv-4.5.1-1.5.5-linux-x86_64.jar/org/bytedeco/opencv/linux-x86_64/libjniopencv_imgproc.so
721e35c00000-721e35f2f000 r-xp 00000000 103:06 10881095                  /home/aleksei/.javacpp/cache/opencv-4.5.1-1.5.5-linux-x86_64.jar/org/bytedeco/opencv/linux-x86_64/libjniopencv_core.so
721e35f2f000-721e3612f000 ---p 0032f000 103:06 10881095                  /home/aleksei/.javacpp/cache/opencv-4.5.1-1.5.5-linux-x86_64.jar/org/bytedeco/opencv/linux-x86_64/libjniopencv_core.so
721e3612f000-721e3613b000 r--p 0032f000 103:06 10881095                  /home/aleksei/.javacpp/cache/opencv-4.5.1-1.5.5-linux-x86_64.jar/org/bytedeco/opencv/linux-x86_64/libjniopencv_core.so
721e3613b000-721e3613e000 rw-p 0033b000 103:06 10881095                  /home/aleksei/.javacpp/cache/opencv-4.5.1-1.5.5-linux-x86_64.jar/org/bytedeco/opencv/linux-x86_64/libjniopencv_core.so
721e3613e000-721e3613f000 rw-p 00000000 00:00 0 
721e36200000-721e367ab000 r-xp 00000000 103:06 10881093                  /home/aleksei/.javacpp/cache/opencv-4.5.1-1.5.5-linux-x86_64.jar/org/bytedeco/opencv/linux-x86_64/libopencv_imgproc.so.4.5
721e367ab000-721e369aa000 ---p 005ab000 103:06 10881093                  /home/aleksei/.javacpp/cache/opencv-4.5.1-1.5.5-linux-x86_64.jar/org/bytedeco/opencv/linux-x86_64/libopencv_imgproc.so.4.5
721e369aa000-721e369c5000 r--p 005aa000 103:06 10881093                  /home/aleksei/.javacpp/cache/opencv-4.5.1-1.5.5-linux-x86_64.jar/org/bytedeco/opencv/linux-x86_64/libopencv_imgproc.so.4.5
721e369c5000-721e369ce000 rw-p 005c5000 103:06 10881093                  /home/aleksei/.javacpp/cache/opencv-4.5.1-1.5.5-linux-x86_64.jar/org/bytedeco/opencv/linux-x86_64/libopencv_imgproc.so.4.5
721e369ce000-721e36a6e000 rw-p 00000000 00:00 0 
721e36c00000-721e36ffb000 r-xp 00000000 103:06 10881085                  /home/aleksei/.javacpp/cache/opencv-4.5.1-1.5.5-linux-x86_64.jar/org/bytedeco/opencv/linux-x86_64/libopencv_core.so.4.5
721e36ffb000-721e371fa000 ---p 003fb000 103:06 10881085                  /home/aleksei/.javacpp/cache/opencv-4.5.1-1.5.5-linux-x86_64.jar/org/bytedeco/opencv/linux-x86_64/libopencv_core.so.4.5
721e371fa000-721e37208000 r--p 003fa000 103:06 10881085                  /home/aleksei/.javacpp/cache/opencv-4.5.1-1.5.5-linux-x86_64.jar/org/bytedeco/opencv/linux-x86_64/libopencv_core.so.4.5
721e37208000-721e3720e000 rw-p 00408000 103:06 10881085                  /home/aleksei/.javacpp/cache/opencv-4.5.1-1.5.5-linux-x86_64.jar/org/bytedeco/opencv/linux-x86_64/libopencv_core.so.4.5
721e3720e000-721e37214000 rw-p 00000000 00:00 0 
721e37400000-721e38c3f000 r-xp 00000000 103:06 10252867                  /home/aleksei/.javacpp/cache/openblas-0.3.13-1.5.5-linux-x86_64.jar/org/bytedeco/openblas/linux-x86_64/libjniopenblas.so
721e38c3f000-721e38e3f000 ---p 0183f000 103:06 10252867                  /home/aleksei/.javacpp/cache/openblas-0.3.13-1.5.5-linux-x86_64.jar/org/bytedeco/openblas/linux-x86_64/libjniopenblas.so
721e38e3f000-721e38e40000 r--p 0183f000 103:06 10252867                  /home/aleksei/.javacpp/cache/openblas-0.3.13-1.5.5-linux-x86_64.jar/org/bytedeco/openblas/linux-x86_64/libjniopenblas.so
721e38e40000-721e38e48000 rw-p 01840000 103:06 10252867                  /home/aleksei/.javacpp/cache/openblas-0.3.13-1.5.5-linux-x86_64.jar/org/bytedeco/openblas/linux-x86_64/libjniopenblas.so
721e38e48000-721e38e49000 rw-p 00000000 00:00 0 
721e39000000-721e49000000 rw-p 00000000 00:00 0 
721e491ff000-721e49200000 ---p 00000000 00:00 0 
721e49200000-721e49a00000 rw-p 00000000 00:00 0 
721e49a00000-721e51a00000 rw-p 00000000 00:00 0 
721e51bff000-721e51c00000 ---p 00000000 00:00 0 
721e51c00000-721e52400000 rw-p 00000000 00:00 0 
721e52400000-721e5a400000 rw-p 00000000 00:00 0 
721e5a5ff000-721e5a600000 ---p 00000000 00:00 0 
721e5a600000-721e5ae00000 rw-p 00000000 00:00 0 
721e5ae00000-721e62e00000 rw-p 00000000 00:00 0 
721e62fff000-721e63000000 ---p 00000000 00:00 0 
721e63000000-721e63800000 rw-p 00000000 00:00 0 
721e63800000-721e6b800000 rw-p 00000000 00:00 0 
721e6b9ff000-721e6ba00000 ---p 00000000 00:00 0 
721e6ba00000-721e6c200000 rw-p 00000000 00:00 0 
721e6c200000-721e74200000 rw-p 00000000 00:00 0 
721e743ff000-721e74400000 ---p 00000000 00:00 0 
721e74400000-721e74c00000 rw-p 00000000 00:00 0 
721e74c00000-721e84c00000 rw-p 00000000 00:00 0 
721e84dff000-721e84e00000 ---p 00000000 00:00 0 
721e84e00000-721e85600000 rw-p 00000000 00:00 0 
721e85600000-721e8d600000 rw-p 00000000 00:00 0 
721e8d7ff000-721e8d800000 ---p 00000000 00:00 0 
721e8d800000-721e8e000000 rw-p 00000000 00:00 0 
721e8e000000-721e96000000 rw-p 00000000 00:00 0 
721e961ff000-721e96200000 ---p 00000000 00:00 0 
721e96200000-721e96a00000 rw-p 00000000 00:00 0 
721e96a00000-721e9ea00000 rw-p 00000000 00:00 0 
721e9ebff000-721e9ec00000 ---p 00000000 00:00 0 
721e9ec00000-721e9f400000 rw-p 00000000 00:00 0 
721e9f400000-721ea7400000 rw-p 00000000 00:00 0 
721ea75fe000-721ea75ff000 ---p 00000000 00:00 0 
721ea75ff000-721ea7dff000 rw-p 00000000 00:00 0 
721ea7dff000-721ea7e00000 ---p 00000000 00:00 0 
721ea7e00000-721ea8600000 rw-p 00000000 00:00 0 
721ea8600000-721eb0600000 rw-p 00000000 00:00 0 
721eb07ff000-721eb0800000 ---p 00000000 00:00 0 
721eb0800000-721eb1000000 rw-p 00000000 00:00 0 
721eb1000000-721eb9000000 rw-p 00000000 00:00 0 
721eb91fe000-721eb91ff000 ---p 00000000 00:00 0 
721eb91ff000-721eb99ff000 rw-p 00000000 00:00 0 
721eb99ff000-721eb9a00000 ---p 00000000 00:00 0 
721eb9a00000-721eba200000 rw-p 00000000 00:00 0 
721eba200000-721ebbefc000 r-xp 00000000 103:06 10252697                  /home/aleksei/.javacpp/cache/openblas-0.3.13-1.5.5-linux-x86_64.jar/org/bytedeco/openblas/linux-x86_64/libopenblas.so.0
721ebbefc000-721ebc0fc000 ---p 01cfc000 103:06 10252697                  /home/aleksei/.javacpp/cache/openblas-0.3.13-1.5.5-linux-x86_64.jar/org/bytedeco/openblas/linux-x86_64/libopenblas.so.0
721ebc0fc000-721ebc102000 r--p 01cfc000 103:06 10252697                  /home/aleksei/.javacpp/cache/openblas-0.3.13-1.5.5-linux-x86_64.jar/org/bytedeco/openblas/linux-x86_64/libopenblas.so.0
721ebc102000-721ebc118000 rw-p 01d02000 103:06 10252697                  /home/aleksei/.javacpp/cache/openblas-0.3.13-1.5.5-linux-x86_64.jar/org/bytedeco/openblas/linux-x86_64/libopenblas.so.0
721ebc118000-721ebc124000 rw-p 00000000 00:00 0 
721ebc200000-721ed4200000 rw-p 00000000 00:00 0 
721ed43ff000-721ed4400000 ---p 00000000 00:00 0 
721ed4400000-721ed4c00000 rw-p 00000000 00:00 0 
721ed4c00000-721edcc00000 rw-p 00000000 00:00 0 
721edcdfe000-721edcdff000 ---p 00000000 00:00 0 
721edcdff000-721edd5ff000 rw-p 00000000 00:00 0 
721edd5ff000-721edd600000 ---p 00000000 00:00 0 
721edd600000-721edde00000 rw-p 00000000 00:00 0 
721edde00000-721ee5e00000 rw-p 00000000 00:00 0 
721ee5fff000-721ee6000000 ---p 00000000 00:00 0 
721ee6000000-721ee6800000 rw-p 00000000 00:00 0 
721ee6800000-721eee800000 rw-p 00000000 00:00 0 
721eee9ff000-721eeea00000 ---p 00000000 00:00 0 
721eeea00000-721eef200000 rw-p 00000000 00:00 0 
721eef200000-721ef7200000 rw-p 00000000 00:00 0 
721ef73ff000-721ef7400000 ---p 00000000 00:00 0 
721ef7400000-721ef7c00000 rw-p 00000000 00:00 0 
721ef7c00000-721effc00000 rw-p 00000000 00:00 0 
721effdff000-721effe00000 ---p 00000000 00:00 0 
721effe00000-721f00600000 rw-p 00000000 00:00 0 
721f00600000-721f08600000 rw-p 00000000 00:00 0 
721f087ff000-721f08800000 ---p 00000000 00:00 0 
721f08800000-721f09000000 rw-p 00000000 00:00 0 
721f09000000-721f11000000 rw-p 00000000 00:00 0 
721f111ff000-721f11200000 ---p 00000000 00:00 0 
721f11200000-721f11a00000 rw-p 00000000 00:00 0 
721f11a00000-721f19a00000 rw-p 00000000 00:00 0 
721f19bff000-721f19c00000 ---p 00000000 00:00 0 
721f19c00000-721f1a400000 rw-p 00000000 00:00 0 
721f1a400000-721f22400000 rw-p 00000000 00:00 0 
721f225ff000-721f22600000 ---p 00000000 00:00 0 
721f22600000-721f22e00000 rw-p 00000000 00:00 0 
721f22e00000-721f32e00000 rw-p 00000000 00:00 0 
721f32ffe000-721f32fff000 ---p 00000000 00:00 0 
721f32fff000-721f337ff000 rw-p 00000000 00:00 0 
721f337ff000-721f33800000 ---p 00000000 00:00 0 
721f33800000-721f34000000 rw-p 00000000 00:00 0 
721f34000000-721f3c000000 rw-p 00000000 00:00 0 
721f3c000000-721f3c021000 rw-p 00000000 00:00 0 
721f3c021000-721f40000000 ---p 00000000 00:00 0 
721f40000000-721f40b16000 rw-p 00000000 00:00 0 
721f40b16000-721f44000000 ---p 00000000 00:00 0 
721f44000000-721f44fd8000 rw-p 00000000 00:00 0 
721f44fd8000-721f48000000 ---p 00000000 00:00 0 
721f48000000-721f4881d000 rw-p 00000000 00:00 0 
721f4881d000-721f4c000000 ---p 00000000 00:00 0 
721f4c000000-721f4c0c9000 rw-p 00000000 00:00 0 
721f4c0c9000-721f50000000 ---p 00000000 00:00 0 
721f50000000-721f501c9000 rw-p 00000000 00:00 0 
721f501c9000-721f54000000 ---p 00000000 00:00 0 
721f54000000-721f54021000 rw-p 00000000 00:00 0 
721f54021000-721f58000000 ---p 00000000 00:00 0 
721f58000000-721f580f1000 rw-p 00000000 00:00 0 
721f580f1000-721f5c000000 ---p 00000000 00:00 0 
721f5c000000-721f5c19e000 rw-p 00000000 00:00 0 
721f5c19e000-721f60000000 ---p 00000000 00:00 0 
721f60000000-721f60021000 rw-p 00000000 00:00 0 
721f60021000-721f64000000 ---p 00000000 00:00 0 
721f64000000-721f64021000 rw-p 00000000 00:00 0 
721f64021000-721f68000000 ---p 00000000 00:00 0 
721f68000000-721f68853000 rw-p 00000000 00:00 0 
721f68853000-721f6c000000 ---p 00000000 00:00 0 
721f6c000000-721f6c021000 rw-p 00000000 00:00 0 
721f6c021000-721f70000000 ---p 00000000 00:00 0 
721f70000000-721f70021000 rw-p 00000000 00:00 0 
721f70021000-721f74000000 ---p 00000000 00:00 0 
721f74000000-721f74021000 rw-p 00000000 00:00 0 
721f74021000-721f78000000 ---p 00000000 00:00 0 
721f78000000-721f78021000 rw-p 00000000 00:00 0 
721f78021000-721f7c000000 ---p 00000000 00:00 0 
721f7c000000-721f7c021000 rw-p 00000000 00:00 0 
721f7c021000-721f80000000 ---p 00000000 00:00 0 
721f8015d000-721f80400000 rw-p 00000000 00:00 0 
721f80400000-721f80449000 r-xp 00000000 103:06 10251275                  /home/aleksei/.javacpp/cache/openblas-0.3.13-1.5.5-linux-x86_64.jar/org/bytedeco/openblas/linux-x86_64/libjniopenblas_nolapack.so
721f80449000-721f80649000 ---p 00049000 103:06 10251275                  /home/aleksei/.javacpp/cache/openblas-0.3.13-1.5.5-linux-x86_64.jar/org/bytedeco/openblas/linux-x86_64/libjniopenblas_nolapack.so
721f80649000-721f8064a000 r--p 00049000 103:06 10251275                  /home/aleksei/.javacpp/cache/openblas-0.3.13-1.5.5-linux-x86_64.jar/org/bytedeco/openblas/linux-x86_64/libjniopenblas_nolapack.so
721f8064a000-721f8064b000 rw-p 0004a000 103:06 10251275                  /home/aleksei/.javacpp/cache/openblas-0.3.13-1.5.5-linux-x86_64.jar/org/bytedeco/openblas/linux-x86_64/libjniopenblas_nolapack.so
721f807ff000-721f80800000 ---p 00000000 00:00 0 
721f80800000-721f81000000 rw-p 00000000 00:00 0 
721f81000000-721f82cfc000 r-xp 00000000 103:06 10251272                  /home/aleksei/.javacpp/cache/openblas-0.3.13-1.5.5-linux-x86_64.jar/org/bytedeco/openblas/linux-x86_64/libopenblas_nolapack.so.0
721f82cfc000-721f82efc000 ---p 01cfc000 103:06 10251272                  /home/aleksei/.javacpp/cache/openblas-0.3.13-1.5.5-linux-x86_64.jar/org/bytedeco/openblas/linux-x86_64/libopenblas_nolapack.so.0
721f82efc000-721f82f02000 r--p 01cfc000 103:06 10251272                  /home/aleksei/.javacpp/cache/openblas-0.3.13-1.5.5-linux-x86_64.jar/org/bytedeco/openblas/linux-x86_64/libopenblas_nolapack.so.0
721f82f02000-721f82f18000 rw-p 01d02000 103:06 10251272                  /home/aleksei/.javacpp/cache/openblas-0.3.13-1.5.5-linux-x86_64.jar/org/bytedeco/openblas/linux-x86_64/libopenblas_nolapack.so.0
721f82f18000-721f82f24000 rw-p 00000000 00:00 0 
721f83000000-721f831a0000 rw-p 00000000 00:00 0 
721f831a0000-721f83400000 ---p 00000000 00:00 0 
721f83400000-721f834a0000 rw-p 00000000 00:00 0 
721f834a0000-721f83ac0000 rw-p 00000000 00:00 0 
721f83ac0000-721f87000000 ---p 00000000 00:00 0 
721f87000000-721f87d2e000 rw-p 00001000 103:06 10757205                  /home/aleksei/App/ideaIC-2025.1.2/idea-IC-251.26094.121/jbr/lib/server/classes.jsa
721f87d2e000-721f88000000 ---p 00000000 00:00 0 
721f88000000-721f88040000 rw-p 00000000 00:00 0 
721f88040000-721f88060000 rw-p 00000000 00:00 0 
721f88060000-721f88080000 ---p 00000000 00:00 0 
721f88080000-721f880a0000 rw-p 00000000 00:00 0 
721f880a0000-721fc8000000 ---p 00000000 00:00 0 
721fc8000000-721fc8021000 rw-p 00000000 00:00 0 
721fc8021000-721fcc000000 ---p 00000000 00:00 0 
721fcc000000-721fcc021000 rw-p 00000000 00:00 0 
721fcc021000-721fd0000000 ---p 00000000 00:00 0 
721fd0000000-721fd0021000 rw-p 00000000 00:00 0 
721fd0021000-721fd4000000 ---p 00000000 00:00 0 
721fd40fc000-721fd40fd000 ---p 00000000 00:00 0 
721fd40fd000-721fd4101000 ---p 00000000 00:00 0 
721fd4101000-721fd41fd000 rw-p 00000000 00:00 0 
721fd41fd000-721fd41fe000 ---p 00000000 00:00 0 
721fd41fe000-721fd4202000 ---p 00000000 00:00 0 
721fd4202000-721fd42fe000 rw-p 00000000 00:00 0 
721fd42fe000-721fd42ff000 ---p 00000000 00:00 0 
721fd42ff000-721fd4303000 ---p 00000000 00:00 0 
721fd4303000-721fd43ff000 rw-p 00000000 00:00 0 
721fd43ff000-721fd4400000 ---p 00000000 00:00 0 
721fd4400000-721fd4c00000 rw-p 00000000 00:00 0 
721fd4c00000-721fd4d6c000 r-xp 00000000 103:06 10250393                  /home/aleksei/.javacpp/cache/openblas-0.3.13-1.5.5-linux-x86_64.jar/org/bytedeco/openblas/linux-x86_64/libgfortran.so.4
721fd4d6c000-721fd4f6b000 ---p 0016c000 103:06 10250393                  /home/aleksei/.javacpp/cache/openblas-0.3.13-1.5.5-linux-x86_64.jar/org/bytedeco/openblas/linux-x86_64/libgfortran.so.4
721fd4f6b000-721fd4f6e000 rw-p 0016b000 103:06 10250393                  /home/aleksei/.javacpp/cache/openblas-0.3.13-1.5.5-linux-x86_64.jar/org/bytedeco/openblas/linux-x86_64/libgfortran.so.4
721fd5000000-721fd501c000 r--p 00000000 103:06 12063993                  /usr/lib/libgfortran.so.5.0.0
721fd501c000-721fd52f9000 r-xp 0001c000 103:06 12063993                  /usr/lib/libgfortran.so.5.0.0
721fd52f9000-721fd5323000 r--p 002f9000 103:06 12063993                  /usr/lib/libgfortran.so.5.0.0
721fd5323000-721fd5325000 r--p 00323000 103:06 12063993                  /usr/lib/libgfortran.so.5.0.0
721fd5325000-721fd5326000 rw-p 00325000 103:06 12063993                  /usr/lib/libgfortran.so.5.0.0
721fd5400000-721fd543f000 r-xp 00000000 103:06 10250391                  /home/aleksei/.javacpp/cache/openblas-0.3.13-1.5.5-linux-x86_64.jar/org/bytedeco/openblas/linux-x86_64/libquadmath.so.0
721fd543f000-721fd563e000 ---p 0003f000 103:06 10250391                  /home/aleksei/.javacpp/cache/openblas-0.3.13-1.5.5-linux-x86_64.jar/org/bytedeco/openblas/linux-x86_64/libquadmath.so.0
721fd563e000-721fd563f000 rw-p 0003e000 103:06 10250391                  /home/aleksei/.javacpp/cache/openblas-0.3.13-1.5.5-linux-x86_64.jar/org/bytedeco/openblas/linux-x86_64/libquadmath.so.0
721fd56ff000-721fd5700000 ---p 00000000 00:00 0 
721fd5700000-721fd5704000 ---p 00000000 00:00 0 
721fd5704000-721fd5800000 rw-p 00000000 00:00 0 
721fd5800000-721fd5816000 r-xp 00000000 103:06 10250389                  /home/aleksei/.javacpp/cache/openblas-0.3.13-1.5.5-linux-x86_64.jar/org/bytedeco/openblas/linux-x86_64/libgcc_s.so.1
721fd5816000-721fd5a15000 ---p 00016000 103:06 10250389                  /home/aleksei/.javacpp/cache/openblas-0.3.13-1.5.5-linux-x86_64.jar/org/bytedeco/openblas/linux-x86_64/libgcc_s.so.1
721fd5a15000-721fd5a16000 rw-p 00015000 103:06 10250389                  /home/aleksei/.javacpp/cache/openblas-0.3.13-1.5.5-linux-x86_64.jar/org/bytedeco/openblas/linux-x86_64/libgcc_s.so.1
721fd5aff000-721fd5b00000 ---p 00000000 00:00 0 
721fd5b00000-721fd5c00000 rw-p 00000000 00:00 0 
721fd5c00000-721fd5c97000 r--p 00000000 103:06 12065959                  /usr/lib/libstdc++.so.6.0.33
721fd5c97000-721fd5de4000 r-xp 00097000 103:06 12065959                  /usr/lib/libstdc++.so.6.0.33
721fd5de4000-721fd5e74000 r--p 001e4000 103:06 12065959                  /usr/lib/libstdc++.so.6.0.33
721fd5e74000-721fd5e81000 r--p 00274000 103:06 12065959                  /usr/lib/libstdc++.so.6.0.33
721fd5e81000-721fd5e82000 rw-p 00281000 103:06 12065959                  /usr/lib/libstdc++.so.6.0.33
721fd5e82000-721fd5e86000 rw-p 00000000 00:00 0 
721fd5eff000-721fd5f00000 ---p 00000000 00:00 0 
721fd5f00000-721fd6000000 rw-p 00000000 00:00 0 
721fd6000000-721fd8021000 rw-p 00000000 00:00 0 
721fd8021000-721fdc000000 ---p 00000000 00:00 0 
721fdc000000-721fdc021000 rw-p 00000000 00:00 0 
721fdc021000-721fe0000000 ---p 00000000 00:00 0 
721fe0000000-721fe0021000 rw-p 00000000 00:00 0 
721fe0021000-721fe4000000 ---p 00000000 00:00 0 
721fe40fd000-721fe40fe000 ---p 00000000 00:00 0 
721fe40fe000-721fe41fe000 rw-p 00000000 00:00 0 
721fe41fe000-721fe41ff000 ---p 00000000 00:00 0 
721fe41ff000-721fe42ff000 rw-p 00000000 00:00 0 
721fe42ff000-721fe4300000 ---p 00000000 00:00 0 
721fe4300000-721fe4304000 ---p 00000000 00:00 0 
721fe4304000-721fe4400000 rw-p 00000000 00:00 0 
721fe4400000-721fe440d000 r-xp 00000000 103:06 10250383                  /home/aleksei/.javacpp/cache/javacpp-1.5.5-linux-x86_64.jar/org/bytedeco/javacpp/linux-x86_64/libjnijavacpp.so
721fe440d000-721fe460c000 ---p 0000d000 103:06 10250383                  /home/aleksei/.javacpp/cache/javacpp-1.5.5-linux-x86_64.jar/org/bytedeco/javacpp/linux-x86_64/libjnijavacpp.so
721fe460c000-721fe460d000 r--p 0000c000 103:06 10250383                  /home/aleksei/.javacpp/cache/javacpp-1.5.5-linux-x86_64.jar/org/bytedeco/javacpp/linux-x86_64/libjnijavacpp.so
721fe460d000-721fe460e000 rw-p 0000d000 103:06 10250383                  /home/aleksei/.javacpp/cache/javacpp-1.5.5-linux-x86_64.jar/org/bytedeco/javacpp/linux-x86_64/libjnijavacpp.so
721fe46f6000-721fe46f7000 ---p 00000000 00:00 0 
721fe46f7000-721fe46fb000 ---p 00000000 00:00 0 
721fe46fb000-721fe47f7000 rw-p 00000000 00:00 0 
721fe47f7000-721fe47f8000 ---p 00000000 00:00 0 
721fe47f8000-721fe47fc000 ---p 00000000 00:00 0 
721fe47fc000-721fe48f8000 rw-p 00000000 00:00 0 
721fe48f8000-721fe48f9000 ---p 00000000 00:00 0 
721fe48f9000-721fe48fd000 ---p 00000000 00:00 0 
721fe48fd000-721fe49f9000 rw-p 00000000 00:00 0 
721fe49f9000-721fe49fa000 ---p 00000000 00:00 0 
721fe49fa000-721fe49fe000 ---p 00000000 00:00 0 
721fe49fe000-721fe4afa000 rw-p 00000000 00:00 0 
721fe4afa000-721fe4afb000 ---p 00000000 00:00 0 
721fe4afb000-721fe4aff000 ---p 00000000 00:00 0 
721fe4aff000-721fe4bfb000 rw-p 00000000 00:00 0 
721fe4bfb000-721fe4bfc000 ---p 00000000 00:00 0 
721fe4bfc000-721fe4c00000 ---p 00000000 00:00 0 
721fe4c00000-721fe4cfc000 rw-p 00000000 00:00 0 
721fe4cfc000-721fe4cfd000 ---p 00000000 00:00 0 
721fe4cfd000-721fe4d01000 ---p 00000000 00:00 0 
721fe4d01000-721fe4dfd000 rw-p 00000000 00:00 0 
721fe4dfd000-721fe4dfe000 ---p 00000000 00:00 0 
721fe4dfe000-721fe4e02000 ---p 00000000 00:00 0 
721fe4e02000-721fe4efe000 rw-p 00000000 00:00 0 
721fe4efe000-721fe4eff000 ---p 00000000 00:00 0 
721fe4eff000-721fe4f03000 ---p 00000000 00:00 0 
721fe4f03000-721fe4fff000 rw-p 00000000 00:00 0 
721fe4fff000-721fe5000000 ---p 00000000 00:00 0 
721fe5000000-721fe5004000 ---p 00000000 00:00 0 
721fe5004000-721fe5100000 rw-p 00000000 00:00 0 
721fe5100000-721fe54d0000 rw-p 00000000 00:00 0 
721fe54d0000-721fe8df8000 ---p 00000000 00:00 0 
721fe8df8000-721fe8e00000 rw-p 00000000 00:00 0 
721fe8e00000-721fe9070000 rwxp 00000000 00:00 0 
721fe9070000-721ff025f000 ---p 00000000 00:00 0 
721ff025f000-721ff061f000 rwxp 00000000 00:00 0 
721ff061f000-721ff09a0000 ---p 00000000 00:00 0 
721ff09a0000-721ff0c10000 rwxp 00000000 00:00 0 
721ff0c10000-721ff7e00000 ---p 00000000 00:00 0 
721ff7e00000-721ffbe63000 r--s 00000000 103:06 10757190                  /home/aleksei/App/ideaIC-2025.1.2/idea-IC-251.26094.121/jbr/lib/modules
721ffbeff000-721ffbf00000 ---p 00000000 00:00 0 
721ffbf00000-721ffbf04000 ---p 00000000 00:00 0 
721ffbf04000-721ffc000000 rw-p 00000000 00:00 0 
721ffc000000-721ffc9fa000 rw-p 00000000 00:00 0 
721ffc9fa000-722000000000 ---p 00000000 00:00 0 
7220000fd000-7220000fe000 ---p 00000000 00:00 0 
7220000fe000-722000102000 ---p 00000000 00:00 0 
722000102000-7220001fe000 rw-p 00000000 00:00 0 
7220001fe000-7220001ff000 ---p 00000000 00:00 0 
7220001ff000-722000203000 ---p 00000000 00:00 0 
722000203000-7220002ff000 rw-p 00000000 00:00 0 
7220002ff000-722000300000 ---p 00000000 00:00 0 
722000300000-722000304000 ---p 00000000 00:00 0 
722000304000-722000400000 rw-p 00000000 00:00 0 
722000400000-7220006ef000 r--p 00000000 103:06 12093564                  /usr/lib/locale/locale-archive
72200070b000-72200070f000 r--p 00000000 103:06 12063952                  /usr/lib/libgcc_s.so.1
72200070f000-722000733000 r-xp 00004000 103:06 12063952                  /usr/lib/libgcc_s.so.1
722000733000-722000737000 r--p 00028000 103:06 12063952                  /usr/lib/libgcc_s.so.1
722000737000-722000738000 r--p 0002b000 103:06 12063952                  /usr/lib/libgcc_s.so.1
722000738000-722000739000 rw-p 0002c000 103:06 12063952                  /usr/lib/libgcc_s.so.1
722000764000-722000767000 r--p 00000000 103:06 10757193                  /home/aleksei/App/ideaIC-2025.1.2/idea-IC-251.26094.121/jbr/lib/libnet.so
722000767000-72200076f000 r-xp 00003000 103:06 10757193                  /home/aleksei/App/ideaIC-2025.1.2/idea-IC-251.26094.121/jbr/lib/libnet.so
72200076f000-722000771000 r--p 0000b000 103:06 10757193                  /home/aleksei/App/ideaIC-2025.1.2/idea-IC-251.26094.121/jbr/lib/libnet.so
722000771000-722000772000 ---p 0000d000 103:06 10757193                  /home/aleksei/App/ideaIC-2025.1.2/idea-IC-251.26094.121/jbr/lib/libnet.so
722000772000-722000773000 r--p 0000d000 103:06 10757193                  /home/aleksei/App/ideaIC-2025.1.2/idea-IC-251.26094.121/jbr/lib/libnet.so
722000773000-722000774000 rw-p 00000000 00:00 0 
722000774000-72200077b000 r--p 00000000 103:06 10757213                  /home/aleksei/App/ideaIC-2025.1.2/idea-IC-251.26094.121/jbr/lib/libnio.so
72200077b000-722000784000 r-xp 00007000 103:06 10757213                  /home/aleksei/App/ideaIC-2025.1.2/idea-IC-251.26094.121/jbr/lib/libnio.so
722000784000-722000788000 r--p 00010000 103:06 10757213                  /home/aleksei/App/ideaIC-2025.1.2/idea-IC-251.26094.121/jbr/lib/libnio.so
722000788000-722000789000 ---p 00014000 103:06 10757213                  /home/aleksei/App/ideaIC-2025.1.2/idea-IC-251.26094.121/jbr/lib/libnio.so
722000789000-72200078a000 r--p 00014000 103:06 10757213                  /home/aleksei/App/ideaIC-2025.1.2/idea-IC-251.26094.121/jbr/lib/libnio.so
72200078a000-72200078b000 rw-p 00015000 103:06 10757213                  /home/aleksei/App/ideaIC-2025.1.2/idea-IC-251.26094.121/jbr/lib/libnio.so
72200078b000-72200078c000 ---p 00000000 00:00 0 
72200078c000-722000790000 ---p 00000000 00:00 0 
722000790000-72200088c000 rw-p 00000000 00:00 0 
72200088c000-72200088e000 r--p 00000000 103:06 10757174                  /home/aleksei/App/ideaIC-2025.1.2/idea-IC-251.26094.121/jbr/lib/libzip.so
72200088e000-722000892000 r-xp 00002000 103:06 10757174                  /home/aleksei/App/ideaIC-2025.1.2/idea-IC-251.26094.121/jbr/lib/libzip.so
722000892000-722000894000 r--p 00006000 103:06 10757174                  /home/aleksei/App/ideaIC-2025.1.2/idea-IC-251.26094.121/jbr/lib/libzip.so
722000894000-722000895000 r--p 00007000 103:06 10757174                  /home/aleksei/App/ideaIC-2025.1.2/idea-IC-251.26094.121/jbr/lib/libzip.so
722000895000-722000896000 rw-p 00000000 00:00 0 
722000896000-722000897000 ---p 00000000 00:00 0 
722000897000-722000997000 rw-p 00000000 00:00 0 
722000997000-722000998000 ---p 00000000 00:00 0 
722000998000-722000a98000 rw-p 00000000 00:00 0 
722000bab000-722000bb2000 r--s 00000000 103:06 12093565                  /usr/lib/gconv/gconv-modules.cache
722000bb2000-722000ccf000 rw-p 00000000 00:00 0 
722000ccf000-722000cd0000 ---p 00000000 00:00 0 
722000cd0000-722000dd0000 rw-p 00000000 00:00 0 
722000dd0000-722000dd1000 ---p 00000000 00:00 0 
722000dd1000-722000ed1000 rw-p 00000000 00:00 0 
722000ed1000-722001bde000 rw-p 00000000 00:00 0 
722001bde000-722001bdf000 ---p 00000000 00:00 0 
722001bdf000-722001cdf000 rw-p 00000000 00:00 0 
722001cdf000-722001ce0000 ---p 00000000 00:00 0 
722001ce0000-722001de0000 rw-p 00000000 00:00 0 
722001de0000-722001de1000 ---p 00000000 00:00 0 
722001de1000-722001ee1000 rw-p 00000000 00:00 0 
722001ee1000-722001f5b000 rw-p 00000000 00:00 0 
722001f5b000-722002680000 ---p 00000000 00:00 0 
722002680000-7220026fb000 rw-p 00000000 00:00 0 
7220026fb000-722002e20000 ---p 00000000 00:00 0 
722002e20000-722003b33000 rw-p 00000000 00:00 0 
722003b33000-722003c17000 ---p 00000000 00:00 0 
722003c17000-722003c1c000 rw-p 00000000 00:00 0 
722003c1c000-722003d00000 ---p 00000000 00:00 0 
722003d00000-722003d04000 ---p 00000000 00:00 0 
722003d04000-722003e00000 rw-p 00000000 00:00 0 
722003e00000-7220040a3000 r--p 00000000 103:06 10757202                  /home/aleksei/App/ideaIC-2025.1.2/idea-IC-251.26094.121/jbr/lib/server/libjvm.so
7220040a3000-722004f11000 r-xp 002a3000 103:06 10757202                  /home/aleksei/App/ideaIC-2025.1.2/idea-IC-251.26094.121/jbr/lib/server/libjvm.so
722004f11000-7220051f7000 r--p 01111000 103:06 10757202                  /home/aleksei/App/ideaIC-2025.1.2/idea-IC-251.26094.121/jbr/lib/server/libjvm.so
7220051f7000-7220051f8000 ---p 013f7000 103:06 10757202                  /home/aleksei/App/ideaIC-2025.1.2/idea-IC-251.26094.121/jbr/lib/server/libjvm.so
7220051f8000-7220052cc000 r--p 013f7000 103:06 10757202                  /home/aleksei/App/ideaIC-2025.1.2/idea-IC-251.26094.121/jbr/lib/server/libjvm.so
7220052cc000-7220052fc000 rw-p 014cb000 103:06 10757202                  /home/aleksei/App/ideaIC-2025.1.2/idea-IC-251.26094.121/jbr/lib/server/libjvm.so
7220052fc000-722005372000 rw-p 00000000 00:00 0 
722005374000-722005375000 r--p 00000000 103:06 12191649                  /usr/share/locale/en_GB/LC_MESSAGES/libc.mo
722005375000-722005438000 rw-p 00000000 00:00 0 
722005438000-72200543f000 ---p 00000000 00:00 0 
72200543f000-72200544c000 r--p 00000000 103:06 10757191                  /home/aleksei/App/ideaIC-2025.1.2/idea-IC-251.26094.121/jbr/lib/libjava.so
72200544c000-72200545a000 r-xp 0000d000 103:06 10757191                  /home/aleksei/App/ideaIC-2025.1.2/idea-IC-251.26094.121/jbr/lib/libjava.so
72200545a000-72200545f000 r--p 0001b000 103:06 10757191                  /home/aleksei/App/ideaIC-2025.1.2/idea-IC-251.26094.121/jbr/lib/libjava.so
72200545f000-722005460000 ---p 00020000 103:06 10757191                  /home/aleksei/App/ideaIC-2025.1.2/idea-IC-251.26094.121/jbr/lib/libjava.so
722005460000-722005461000 r--p 00020000 103:06 10757191                  /home/aleksei/App/ideaIC-2025.1.2/idea-IC-251.26094.121/jbr/lib/libjava.so
722005461000-722005462000 rw-p 00021000 103:06 10757191                  /home/aleksei/App/ideaIC-2025.1.2/idea-IC-251.26094.121/jbr/lib/libjava.so
722005462000-722005463000 rw-p 00000000 00:00 0 
722005463000-722005472000 r--p 00000000 103:06 12071231                  /usr/lib/libm.so.6
722005472000-7220054f8000 r-xp 0000f000 103:06 12071231                  /usr/lib/libm.so.6
7220054f8000-722005559000 r--p 00095000 103:06 12071231                  /usr/lib/libm.so.6
722005559000-72200555a000 r--p 000f5000 103:06 12071231                  /usr/lib/libm.so.6
72200555a000-72200555b000 rw-p 000f6000 103:06 12071231                  /usr/lib/libm.so.6
72200555b000-72200555c000 r--p 00000000 103:06 12073204                  /usr/lib/librt.so.1
72200555c000-72200555d000 r-xp 00001000 103:06 12073204                  /usr/lib/librt.so.1
72200555d000-72200555e000 r--p 00002000 103:06 12073204                  /usr/lib/librt.so.1
72200555e000-72200555f000 r--p 00002000 103:06 12073204                  /usr/lib/librt.so.1
72200555f000-722005560000 rw-p 00003000 103:06 12073204                  /usr/lib/librt.so.1
722005560000-722005564000 rw-p 00000000 00:00 0 
722005564000-722005588000 r--p 00000000 103:06 12071221                  /usr/lib/libc.so.6
722005588000-7220056f9000 r-xp 00024000 103:06 12071221                  /usr/lib/libc.so.6
7220056f9000-722005748000 r--p 00195000 103:06 12071221                  /usr/lib/libc.so.6
722005748000-72200574c000 r--p 001e3000 103:06 12071221                  /usr/lib/libc.so.6
72200574c000-72200574e000 rw-p 001e7000 103:06 12071221                  /usr/lib/libc.so.6
72200574e000-722005756000 rw-p 00000000 00:00 0 
722005756000-722005757000 r--p 00000000 103:06 12071226                  /usr/lib/libdl.so.2
722005757000-722005758000 r-xp 00001000 103:06 12071226                  /usr/lib/libdl.so.2
722005758000-722005759000 r--p 00002000 103:06 12071226                  /usr/lib/libdl.so.2
722005759000-72200575a000 r--p 00002000 103:06 12071226                  /usr/lib/libdl.so.2
72200575a000-72200575b000 rw-p 00003000 103:06 12071226                  /usr/lib/libdl.so.2
72200575b000-72200575c000 r--p 00000000 103:06 12073198                  /usr/lib/libpthread.so.0
72200575c000-72200575d000 r-xp 00001000 103:06 12073198                  /usr/lib/libpthread.so.0
72200575d000-72200575e000 r--p 00002000 103:06 12073198                  /usr/lib/libpthread.so.0
72200575e000-72200575f000 r--p 00002000 103:06 12073198                  /usr/lib/libpthread.so.0
72200575f000-722005760000 rw-p 00003000 103:06 12073198                  /usr/lib/libpthread.so.0
722005760000-722005762000 r--p 00000000 103:06 10757047                  /home/aleksei/App/ideaIC-2025.1.2/idea-IC-251.26094.121/jbr/lib/libjli.so
722005762000-72200576c000 r-xp 00002000 103:06 10757047                  /home/aleksei/App/ideaIC-2025.1.2/idea-IC-251.26094.121/jbr/lib/libjli.so
72200576c000-72200576f000 r--p 0000c000 103:06 10757047                  /home/aleksei/App/ideaIC-2025.1.2/idea-IC-251.26094.121/jbr/lib/libjli.so
72200576f000-722005770000 ---p 0000f000 103:06 10757047                  /home/aleksei/App/ideaIC-2025.1.2/idea-IC-251.26094.121/jbr/lib/libjli.so
722005770000-722005771000 r--p 0000f000 103:06 10757047                  /home/aleksei/App/ideaIC-2025.1.2/idea-IC-251.26094.121/jbr/lib/libjli.so
722005771000-722005772000 rw-p 00010000 103:06 10757047                  /home/aleksei/App/ideaIC-2025.1.2/idea-IC-251.26094.121/jbr/lib/libjli.so
722005772000-722005775000 r--p 00000000 103:06 12066069                  /usr/lib/libz.so.1.3.1
722005775000-722005783000 r-xp 00003000 103:06 12066069                  /usr/lib/libz.so.1.3.1
722005783000-722005789000 r--p 00011000 103:06 12066069                  /usr/lib/libz.so.1.3.1
722005789000-72200578a000 r--p 00017000 103:06 12066069                  /usr/lib/libz.so.1.3.1
72200578a000-72200578b000 rw-p 00018000 103:06 12066069                  /usr/lib/libz.so.1.3.1
72200578b000-722005793000 rw-s 00000000 00:24 83                         /tmp/hsperfdata_aleksei/15427
722005793000-722005794000 ---p 00000000 00:00 0 
722005794000-722005795000 r--p 00000000 00:00 0 
722005795000-722005796000 ---p 00000000 00:00 0 
722005796000-722005799000 r--p 00000000 103:06 10757054                  /home/aleksei/App/ideaIC-2025.1.2/idea-IC-251.26094.121/jbr/lib/libjimage.so
722005799000-7220057ad000 r-xp 00003000 103:06 10757054                  /home/aleksei/App/ideaIC-2025.1.2/idea-IC-251.26094.121/jbr/lib/libjimage.so
7220057ad000-7220057b3000 r--p 00017000 103:06 10757054                  /home/aleksei/App/ideaIC-2025.1.2/idea-IC-251.26094.121/jbr/lib/libjimage.so
7220057b3000-7220057b5000 r--p 0001c000 103:06 10757054                  /home/aleksei/App/ideaIC-2025.1.2/idea-IC-251.26094.121/jbr/lib/libjimage.so
7220057b5000-7220057b6000 rw-p 0001e000 103:06 10757054                  /home/aleksei/App/ideaIC-2025.1.2/idea-IC-251.26094.121/jbr/lib/libjimage.so
7220057b6000-7220057b8000 rw-p 00000000 00:00 0 
7220057b8000-7220057bc000 r--p 00000000 00:00 0                          [vvar]
7220057bc000-7220057be000 r-xp 00000000 00:00 0                          [vdso]
7220057be000-7220057bf000 r--p 00000000 103:06 12071212                  /usr/lib/ld-linux-x86-64.so.2
7220057bf000-7220057e8000 r-xp 00001000 103:06 12071212                  /usr/lib/ld-linux-x86-64.so.2
7220057e8000-7220057f3000 r--p 0002a000 103:06 12071212                  /usr/lib/ld-linux-x86-64.so.2
7220057f3000-7220057f5000 r--p 00034000 103:06 12071212                  /usr/lib/ld-linux-x86-64.so.2
7220057f5000-7220057f6000 rw-p 00036000 103:06 12071212                  /usr/lib/ld-linux-x86-64.so.2
7220057f6000-7220057f7000 rw-p 00000000 00:00 0 
7ffec22c9000-7ffec22ec000 rw-p 00000000 00:00 0                          [stack]
ffffffffff600000-ffffffffff601000 --xp 00000000 00:00 0                  [vsyscall]
Total number of mappings: 447


VM Arguments:
jvm_args: -Dfile.encoding=UTF-8 -Duser.country=GB -Duser.language=en -Duser.variant -Dawt.toolkit.name=XToolkit 
java_command: core.App
java_class_path (initial): /home/aleksei/Documents/spbu_study/pconv/build/classes/java/main:/home/aleksei/Documents/spbu_study/pconv/build/resources/main:/home/aleksei/.gradle/caches/modules-2/files-2.1/org.bytedeco/opencv-platform/4.5.1-1.5.5/d95b9cb9b23f3b2f3f186068777062d28430ea55/opencv-platform-4.5.1-1.5.5.jar:/home/aleksei/.gradle/caches/modules-2/files-2.1/org.bytedeco/openblas-platform/0.3.13-1.5.5/d79835fa1be959dca3b11f22c4f8bb7293cd4179/openblas-platform-0.3.13-1.5.5.jar:/home/aleksei/.gradle/caches/modules-2/files-2.1/org.bytedeco/opencv/4.5.1-1.5.5/fb962fa32b97d7cae58c840a009e1e25e8a9efb9/opencv-4.5.1-1.5.5.jar:/home/aleksei/.gradle/caches/modules-2/files-2.1/org.bytedeco/opencv/4.5.1-1.5.5/63b92909abf966336eb20c00ff8f9da178f3a088/opencv-4.5.1-1.5.5-android-arm.jar:/home/aleksei/.gradle/caches/modules-2/files-2.1/org.bytedeco/opencv/4.5.1-1.5.5/dc132fff689ce5da1a2d244f6060ee919f142941/opencv-4.5.1-1.5.5-android-arm64.jar:/home/aleksei/.gradle/caches/modules-2/files-2.1/org.bytedeco/opencv/4.5.1-1.5.5/7d2a61b3329291e770d2d607f0376c506119ba50/opencv-4.5.1-1.5.5-android-x86.jar:/home/aleksei/.gradle/caches/modules-2/files-2.1/org.bytedeco/opencv/4.5.1-1.5.5/7a9ec115628f1b996e5cc1e27d503030d8f00407/opencv-4.5.1-1.5.5-android-x86_64.jar:/home/aleksei/.gradle/caches/modules-2/files-2.1/org.bytedeco/opencv/4.5.1-1.5.5/73a7cdd7c572a170c7d14d63eb9549e5b2a79323/opencv-4.5.1-1.5.5-ios-arm64.jar:/home/aleksei/.gradle/caches/modules-2/files-2.1/org.bytedeco/opencv/4.5.1-1.5.5/553e06bebc01739f9da600448377c998c450a283/opencv-4.5.1-1.5.5-ios-x86_64.jar:/home/aleksei/.gradle/caches/modules-2/files-2.1/org.bytedeco/opencv/4.5.1-1.5.5/fb8b3d1467046bac24508405acabc3db0643d581/opencv-4.5.1-1.5.5-linux-x86.jar:/home/aleksei/.gradle/caches/modules-2/files-2.1/org.bytedeco/opencv/4.5.1-1.5.5/25b04906df9c60ae57ea8c45012cb20d36086299/opencv-4.5.1-1.5.5-linux-x86_64.jar:/home/aleksei/.gradle/caches/modules-2/files-2.1/org.bytedeco/opencv/4.5.1-1.5.5/d938362aa23446abe36a3e274816f42601467a4f/opencv-4.5.1-1.5.5-linux-armhf.jar:/home/aleksei/.gradle/caches/modules-2/files-2.1/org.bytedeco/opencv/4.5.1-1.5.5/4a0c4355ad2d8e321440245250b62da515f3ae14/opencv-4.5.1-1.5.5-linux-arm64.jar:/home/aleksei/.gradle/caches/modules-2/files-2.1/org.bytedeco/opencv/4.5.1-1.5.5/b813303169072935cb14fb5987ecc8f92e1eae34/opencv-4.5.1-1.5.5-linux-ppc64le.jar:/home/aleksei/.gradle/caches/modules-2/files-2.1/org.bytedeco/opencv/4.5.1-1.5.5/a079d9d2aff9af6e11456e071fc2e122cbd8d94b/opencv-4.5.1-1.5.5-macosx-x86_64.jar:/home/aleksei/.gradle/caches/modules-2/files-2.1/org.bytedeco/opencv/4.5.1-1.5.5/6aa51b0161dfdfde81e43015042447da868a834c/opencv-4.5.1-1.5.5-windows-x86.jar:/home/aleksei/.gradle/caches/modules-2/files-2.1/org.bytedeco/opencv/4.5.1-1.5.5/33097aa8cb366539340e5e9fd2ef36ea1303ad65/opencv-4.5.1-1.5.5-windows-x86_64.jar:/home/aleksei/.gradle/caches/modules-2/files-2.1/org.bytedeco/javacpp-platform/1.5.5/ce1aae20dac967f042cd30d78e61c55af8477852/javacpp-platform-1.5.5.jar:/home/aleksei/.gradle/caches/modules-2/files-2.1/org.bytedeco/openblas/0.3.13-1.5.5/9dcba9271c67a29d273277ce44b1b91e7240754b/openblas-0.3.13-1.5.5.jar:/home/aleksei/.gradle/caches/modules-2/files-2.1/org.bytedeco/openblas/0.3.13-1.5.5/2ec94abc15c4343c1a1aac22ec506428ba2de0a8/openblas-0.3.13-1.5.5-android-arm.jar:/home/aleksei/.gradle/caches/modules-2/files-2.1/org.bytedeco/openblas/0.3.13-1.5.5/f89e3bf3da02cfea77828873a3e4cf6cf481136c/openblas-0.3.13-1.5.5-android-arm64.jar:/home/aleksei/.gradle/caches/modules-2/files-2.1/org.bytedeco/openblas/0.3.13-1.5.5/12b9d8fdab5894901c3ca75c37bcb4dfab8dbbba/openblas-0.3.13-1.5.5-android-x86.jar:/home/aleksei/.gradle/caches/modules-2/files-2.1/org.bytedeco/openblas/0.3.13-1.5.5/c4fcdf66d92dd4f2da7e2ad61df8c21130c622df/openblas-0.3.13-1.5.5-android-x86_64.jar:/home/aleksei/.gradle/caches/modules-2/files-2.1/org.bytedeco/openblas/0.3.13-1.5.5/6e4a768da2bf4c9979ed688a0f9b1afa25831ebb/openblas-0.3.13-1.5.5-ios-arm64.jar:/home/aleksei/.gradle/caches/modules-2/files-2.1/org.bytedeco/openblas/0.3.13-1.5.5/a065f80bd93d871cc4ce67e241987055af3edd00/openblas-0.3.13-1.5.5-ios-x86_64.jar:/home/aleksei/.gradle/caches/modules-2/files-2.1/org.bytedeco/openblas/0.3.13-1.5.5/7e534273ba7ecbe50c9ffa66363e83299ad6501f/openblas-0.3.13-1.5.5-linux-x86.jar:/home/aleksei/.gradle/caches/modules-2/files-2.1/org.bytedeco/openblas/0.3.13-1.5.5/80fbca129017f61f5767291da018b394f9a2dec3/openblas-0.3.13-1.5.5-linux-x86_64.jar:/home/aleksei/.gradle/caches/modules-2/files-2.1/org.bytedeco/openblas/0.3.13-1.5.5/25917895cc4d047728ce0f6edd010507123d16b3/openblas-0.3.13-1.5.5-linux-armhf.jar:/home/aleksei/.gradle/caches/modules-2/files-2.1/org.bytedeco/openblas/0.3.13-1.5.5/9084552cec07acaf2bc2889a4eaebed8bc48c8bc/openblas-0.3.13-1.5.5-linux-arm64.jar:/home/aleksei/.gradle/caches/modules-2/files-2.1/org.bytedeco/openblas/0.3.13-1.5.5/89146e024449ecf692aa17ae5fa2e90655aff33b/openblas-0.3.13-1.5.5-linux-ppc64le.jar:/home/aleksei/.gradle/caches/modules-2/files-2.1/org.bytedeco/openblas/0.3.13-1.5.5/e67413c8a139b87d8c6356549299bdc2343d7305/openblas-0.3.13-1.5.5-macosx-x86_64.jar:/home/aleksei/.gradle/caches/modules-2/files-2.1/org.bytedeco/openblas/0.3.13-1.5.5/f6f21392676ca7767e79a2db51dc4f66670148c6/openblas-0.3.13-1.5.5-windows-x86.jar:/home/aleksei/.gradle/caches/modules-2/files-2.1/org.bytedeco/openblas/0.3.13-1.5.5/67cf9aff479b0b153df1ab0387161f0a25d8b91f/openblas-0.3.13-1.5.5-windows-x86_64.jar:/home/aleksei/.gradle/caches/modules-2/files-2.1/org.bytedeco/javacpp/1.5.5/92e1c31aaed15a3dc12008859a37ced45fa0b730/javacpp-1.5.5.jar:/home/aleksei/.gradle/caches/modules-2/files-2.1/org.bytedeco/javacpp/1.5.5/3f4103dbc532617a91c176027bd2b52bd95a8929/javacpp-1.5.5-android-arm.jar:/home/aleksei/.gradle/caches/modules-2/files-2.1/org.bytedeco/javacpp/1.5.5/594f1483d24d1a489de29cf7b16cc19b60dbd9f0/javacpp-1.5.5-android-arm64.jar:/home/aleksei/.gradle/caches/modules-2/files-2.1/org.bytedeco/javacpp/1.5.5/42374db77c7c7f1d8620a85c26fbbc14b9c8bcd4/javacpp-1.5.5-android-x86.jar:/home/aleksei/.gradle/caches/modules-2/files-2.1/org.bytedeco/javacpp/1.5.5/82d31939f4ebd6ab9f8e547830ef721340c7c1b7/javacpp-1.5.5-android-x86_64.jar:/home/aleksei/.gradle/caches/modules-2/files-2.1/org.bytedeco/javacpp/1.5.5/9b22365a060f2e3b5bec2ff5f5f6d75ea2962eef/javacpp-1.5.5-ios-arm64.jar:/home/aleksei/.gradle/caches/modules-2/files-2.1/org.bytedeco/javacpp/1.5.5/ee20a88e18d635cc62869a20204e37cc68f6efe4/javacpp-1.5.5-ios-x86_64.jar:/home/aleksei/.gradle/caches/modules-2/files-2.1/org.bytedeco/javacpp/1.5.5/d45afe724f6c373c8070ecd3e955858dc9bbd544/javacpp-1.5.5-linux-armhf.jar:/home/aleksei/.gradle/caches/modules-2/files-2.1/org.bytedeco/javacpp/1.5.5/7397da1ad8ed5a08e8f6d389452ee0fb19bf2bcc/javacpp-1.5.5-linux-arm64.jar:/home/aleksei/.gradle/caches/modules-2/files-2.1/org.bytedeco/javacpp/1.5.5/59e6cae70d93093c8f8909f563f1360c44789c3b/javacpp-1.5.5-linux-ppc64le.jar:/home/aleksei/.gradle/caches/modules-2/files-2.1/org.bytedeco/javacpp/1.5.5/262e581c536a83501f10ddfdcc0f2e83a1a60e10/javacpp-1.5.5-linux-x86.jar:/home/aleksei/.gradle/caches/modules-2/files-2.1/org.bytedeco/javacpp/1.5.5/e5f16ef28a056fe6c0f1c26a6a02f2dc94ce0693/javacpp-1.5.5-linux-x86_64.jar:/home/aleksei/.gradle/caches/modules-2/files-2.1/org.bytedeco/javacpp/1.5.5/1ed7d9a0059182448149115cf13842e83533cfa/javacpp-1.5.5-macosx-arm64.jar:/home/aleksei/.gradle/caches/modules-2/files-2.1/org.bytedeco/javacpp/1.5.5/3525246f3ef45f824fa04004c370f35589730398/javacpp-1.5.5-macosx-x86_64.jar:/home/aleksei/.gradle/caches/modules-2/files-2.1/org.bytedeco/javacpp/1.5.5/9d6da1103af76d7f21c6f644862ab26035c0e05/javacpp-1.5.5-windows-x86.jar:/home/aleksei/.gradle/caches/modules-2/files-2.1/org.bytedeco/javacpp/1.5.5/bdcd2b6a12b6222c50edfbf6e1f46e37ffff73bf/javacpp-1.5.5-windows-x86_64.jar
Launcher Type: SUN_STANDARD

[Global flags]
     intx CICompilerCount                          = 12                                        {product} {ergonomic}
     uint ConcGCThreads                            = 3                                         {product} {ergonomic}
     uint G1ConcRefinementThreads                  = 13                                        {product} {ergonomic}
   size_t G1HeapRegionSize                         = 2097152                                   {product} {ergonomic}
    uintx GCDrainStackTargetSize                   = 64                                        {product} {ergonomic}
   size_t InitialHeapSize                          = 255852544                                 {product} {ergonomic}
   size_t MarkStackSize                            = 4194304                                   {product} {ergonomic}
   size_t MaxHeapSize                              = 4093640704                                {product} {ergonomic}
   size_t MaxNewSize                               = 2455764992                                {product} {ergonomic}
   size_t MinHeapDeltaBytes                        = 2097152                                   {product} {ergonomic}
   size_t MinHeapSize                              = 8388608                                   {product} {ergonomic}
    uintx NonNMethodCodeHeapSize                   = 7602480                                {pd product} {ergonomic}
    uintx NonProfiledCodeHeapSize                  = 122027880                              {pd product} {ergonomic}
    uintx ProfiledCodeHeapSize                     = 122027880                              {pd product} {ergonomic}
    uintx ReservedCodeCacheSize                    = 251658240                              {pd product} {ergonomic}
     bool SegmentedCodeCache                       = true                                      {product} {ergonomic}
   size_t SoftMaxHeapSize                          = 4093640704                             {manageable} {ergonomic}
     bool UseCompressedOops                        = true                           {product lp64_product} {ergonomic}
     bool UseG1GC                                  = true                                      {product} {ergonomic}

Logging:
Log output configuration:
 #0: stdout all=warning uptime,level,tags foldmultilines=false
 #1: stderr all=off uptime,level,tags foldmultilines=false

Environment Variables:
PATH=/home/aleksei/.local/bin:/usr/local/bin:/usr/bin:/usr/local/sbin:/usr/lib/jvm/default/bin:/usr/bin/site_perl:/usr/bin/vendor_perl:/usr/bin/core_perl:/usr/lib/rustup/bin
USERNAME=aleksei
SHELL=/bin/bash
DISPLAY=:0
LANG=en_GB.UTF-8
LC_NUMERIC=ru_RU.UTF-8
LC_TIME=ru_RU.UTF-8

Active Locale:
LC_ALL=LC_CTYPE=en_GB.UTF-8;LC_NUMERIC=ru_RU.UTF-8;LC_TIME=ru_RU.UTF-8;LC_COLLATE=en_GB.UTF-8;LC_MONETARY=ru_RU.UTF-8;LC_MESSAGES=en_GB.UTF-8;LC_PAPER=ru_RU.UTF-8;LC_NAME=ru_RU.UTF-8;LC_ADDRESS=ru_RU.UTF-8;LC_TELEPHONE=ru_RU.UTF-8;LC_MEASUREMENT=ru_RU.UTF-8;LC_IDENTIFICATION=ru_RU.UTF-8
LC_COLLATE=en_GB.UTF-8
LC_CTYPE=en_GB.UTF-8
LC_MESSAGES=en_GB.UTF-8
LC_MONETARY=ru_RU.UTF-8
LC_NUMERIC=ru_RU.UTF-8
LC_TIME=ru_RU.UTF-8

Signal Handlers:
   SIGSEGV: crash_handler in libjvm.so, mask=11100100010111111101111111111110, flags=SA_RESTART|SA_SIGINFO, unblocked
    SIGBUS: crash_handler in libjvm.so, mask=11100100010111111101111111111110, flags=SA_RESTART|SA_SIGINFO, unblocked
    SIGFPE: crash_handler in libjvm.so, mask=11100100010111111101111111111110, flags=SA_RESTART|SA_SIGINFO, unblocked
   SIGPIPE: javaSignalHandler in libjvm.so, mask=11100100010111111101111111111110, flags=SA_RESTART|SA_SIGINFO, blocked
   SIGXFSZ: javaSignalHandler in libjvm.so, mask=11100100010111111101111111111110, flags=SA_RESTART|SA_SIGINFO, blocked
    SIGILL: crash_handler in libjvm.so, mask=11100100010111111101111111111110, flags=SA_RESTART|SA_SIGINFO, unblocked
   SIGUSR2: SR_handler in libjvm.so, mask=00000000000000000000000000000000, flags=SA_RESTART|SA_SIGINFO, blocked
    SIGHUP: UserHandler in libjvm.so, mask=11100100010111111101111111111110, flags=SA_RESTART|SA_SIGINFO, blocked
    SIGINT: UserHandler in libjvm.so, mask=11100100010111111101111111111110, flags=SA_RESTART|SA_SIGINFO, blocked
   SIGTERM: UserHandler in libjvm.so, mask=11100100010111111101111111111110, flags=SA_RESTART|SA_SIGINFO, blocked
   SIGQUIT: UserHandler in libjvm.so, mask=11100100010111111101111111111110, flags=SA_RESTART|SA_SIGINFO, blocked
   SIGTRAP: crash_handler in libjvm.so, mask=11100100010111111101111111111110, flags=SA_RESTART|SA_SIGINFO, unblocked


Periodic native trim disabled

JNI global refs:
JNI global refs: 17, weak refs: 754

JNI global refs memory usage: 859, weak refs: 7873

Process memory usage:
Resident Set Size: 206100K (1% of 15984600K total physical memory with 7994888K free physical memory)

OOME stack traces (most recent first):
Classloader memory used:
Loader jdk.internal.loader.ClassLoaders$AppClassLoader                                 : 7147K
Loader bootstrap                                                                       : 1799K
Loader jdk.internal.loader.ClassLoaders$PlatformClassLoader                            : 19496B

---------------  S Y S T E M  ---------------

OS:
DISTRIB_ID="ManjaroLinux"
DISTRIB_RELEASE="25.0.0"
DISTRIB_CODENAME="Zetar"
DISTRIB_DESCRIPTION="Manjaro Linux"
uname: Linux 6.12.21-4-MANJARO #1 SMP PREEMPT_DYNAMIC Tue, 01 Apr 2025 18:45:30 +0000 x86_64
OS uptime: 0 days 1:28 hours
libc: glibc 2.41 NPTL 2.41 
rlimit (soft/hard): STACK 8192k/infinity , CORE infinity/infinity , NPROC 61811/61811 , NOFILE 524288/524288 , AS infinity/infinity , CPU infinity/infinity , DATA infinity/infinity , FSIZE infinity/infinity , MEMLOCK 8192k/8192k
load average: 0,54 0,64 0,59

/proc/meminfo:
MemTotal:       15984600 kB
MemFree:         4267800 kB
MemAvailable:    7994888 kB
Buffers:          180072 kB
Cached:          4477992 kB
SwapCached:            0 kB
Active:          7990740 kB
Inactive:        1877308 kB
Active(anon):    6065044 kB
Inactive(anon):        0 kB
Active(file):    1925696 kB
Inactive(file):  1877308 kB
Unevictable:      755080 kB
Mlocked:              32 kB
SwapTotal:       4194300 kB
SwapFree:        4194300 kB
Zswap:                 0 kB
Zswapped:              0 kB
Dirty:               124 kB
Writeback:             0 kB
AnonPages:       5713760 kB
Mapped:          1583576 kB
Shmem:            855412 kB
KReclaimable:     269012 kB
Slab:             458152 kB
SReclaimable:     269012 kB
SUnreclaim:       189140 kB
KernelStack:       27188 kB
PageTables:        48808 kB
SecPageTables:      2080 kB
NFS_Unstable:          0 kB
Bounce:                0 kB
WritebackTmp:          0 kB
CommitLimit:    12186600 kB
Committed_AS:   18904520 kB
VmallocTotal:   34359738367 kB
VmallocUsed:      173564 kB
VmallocChunk:          0 kB
Percpu:            12096 kB
HardwareCorrupted:     0 kB
AnonHugePages:   2381824 kB
ShmemHugePages:   692224 kB
ShmemPmdMapped:        0 kB
FileHugePages:    610304 kB
FilePmdMapped:    342016 kB
CmaTotal:              0 kB
CmaFree:               0 kB
Unaccepted:            0 kB
HugePages_Total:       0
HugePages_Free:        0
HugePages_Rsvd:        0
HugePages_Surp:        0
Hugepagesize:       2048 kB
Hugetlb:               0 kB
DirectMap4k:     1088244 kB
DirectMap2M:    15298560 kB
DirectMap1G:           0 kB

/sys/kernel/mm/transparent_hugepage/enabled: [always] madvise never
/sys/kernel/mm/transparent_hugepage/hpage_pmd_size: 2097152
/sys/kernel/mm/transparent_hugepage/defrag (defrag/compaction efforts parameter): always defer defer+madvise [madvise] never

Process Memory:
Virtual Size: 12068084K (peak: 12094520K)
Resident Set Size: 206100K (peak: 217780K) (anon: 167888K, file: 38212K, shmem: 0K)
Swapped out: 0K
C-Heap outstanding allocations: 47695K, retained: 50060K
glibc malloc tunables: (default)

/proc/sys/kernel/threads-max (system-wide limit on the number of threads): 123623
/proc/sys/vm/max_map_count (maximum number of memory map areas a process may have): 1048576
/proc/sys/vm/swappiness (control to define how aggressively the kernel swaps out anonymous memory): 60
/proc/sys/kernel/pid_max (system-wide limit on number of process identifiers): 4194304

container information not found.
Steal ticks since vm start: 0
Steal ticks percentage since vm start:  0,000

CPU: total 16 (initial active 16) (16 cores per cpu, 1 threads per core) family 6 model 154 stepping 3 microcode 0x436, cx8, cmov, fxsr, mmx, 3dnowpref, sse, sse2, sse3, ssse3, sse4.1, sse4.2, popcnt, lzcnt, tsc, tscinvbit, avx, avx2, aes, erms, clmul, bmi1, bmi2, adx, sha, fma, vzeroupper, clflush, clflushopt, clwb, serialize, rdtscp, rdpid, fsrm, f16c, pku, ospke, cet_ibt, cet_ss
CPU Model and flags from /proc/cpuinfo:
model name	: 12th Gen Intel(R) Core(TM) i7-12650H
flags		: fpu vme de pse tsc msr pae mce cx8 apic sep mtrr pge mca cmov pat pse36 clflush dts acpi mmx fxsr sse sse2 ss ht tm pbe syscall nx pdpe1gb rdtscp lm constant_tsc art arch_perfmon pebs bts rep_good nopl xtopology nonstop_tsc cpuid aperfmperf tsc_known_freq pni pclmulqdq dtes64 monitor ds_cpl vmx smx est tm2 ssse3 sdbg fma cx16 xtpr pdcm pcid sse4_1 sse4_2 x2apic movbe popcnt tsc_deadline_timer aes xsave avx f16c rdrand lahf_lm abm 3dnowprefetch cpuid_fault epb ssbd ibrs ibpb stibp ibrs_enhanced tpr_shadow flexpriority ept vpid ept_ad fsgsbase tsc_adjust bmi1 avx2 smep bmi2 erms invpcid rdseed adx smap clflushopt clwb intel_pt sha_ni xsaveopt xsavec xgetbv1 xsaves split_lock_detect user_shstk avx_vnni dtherm ida arat pln pts hwp hwp_notify hwp_act_window hwp_epp hwp_pkg_req hfi vnmi umip pku ospke waitpkg gfni vaes vpclmulqdq rdpid movdiri movdir64b fsrm md_clear serialize arch_lbr ibt flush_l1d arch_capabilities

Online cpus: 0-15
Offline cpus: 
BIOS frequency limitation: <Not Available>
Frequency switch latency (ns): 0
Available cpu frequencies: <Not Available>
Current governor: powersave
Core performance/turbo boost: <Not Available>

Memory: 4k page, physical 15984600k(7994888k free), swap 4194300k(4194300k free)
Page Sizes: 4k

vm_info: OpenJDK 64-Bit Server VM (21.0.7+9-b895.130) for linux-amd64 JRE (21.0.7+9-b895.130), built on 2025-05-13 by "builduser" with gcc 10.2.1 20210130 (Red Hat 10.2.1-11.1.0.1)

END.
