#
# A fatal error has been detected by the Java Runtime Environment:
#
#  SIGSEGV (0xb) at pc=0x000073e76843a799, pid=14674, tid=14676
#
# JRE version: OpenJDK Runtime Environment JBR-21.0.7+9-895.130-jcef (21.0.7+9) (build 21.0.7+9-b895.130)
# Java VM: OpenJDK 64-Bit Server VM JBR-21.0.7+9-895.130-jcef (21.0.7+9-b895.130, mixed mode, sharing, tiered, compressed oops, compressed class ptrs, g1 gc, linux-amd64)
# Problematic frame:
# C  [libjniopenblas_nolapack.so+0x3a799]  Java_org_bytedeco_javacpp_BytePointer_put__JB+0x49
#
# Core dump will be written. Default location: Core dumps may be processed with "/usr/lib/systemd/systemd-coredump %P %u %g %s %t %c %h" (or dumping to /home/aleksei/Documents/spbu_study/pconv/core.14674)
#
# If you would like to submit a bug report, please visit:
#   https://youtrack.jetbrains.com/issues/JBR
# The crash happened outside the Java Virtual Machine in native code.
# See problematic frame for where to report the bug.
#

---------------  S U M M A R Y ------------

Command Line: -Dfile.encoding=UTF-8 -Duser.country=GB -Duser.language=en -Duser.variant -Dawt.toolkit.name=XToolkit core.App

Host: 12th Gen Intel(R) Core(TM) i7-12650H, 16 cores, 15G, Manjaro Linux
Time: Thu Jun 12 18:06:32 2025 MSK elapsed time: 12.705724 seconds (0d 0h 0m 12s)

---------------  T H R E A D  ---------------

Current thread (0x000073e7e402cf30):  JavaThread "main"             [_thread_in_native, id=14676, stack(0x000073e7ebd00000,0x000073e7ebe00000) (1024K)]

Stack: [0x000073e7ebd00000,0x000073e7ebe00000],  sp=0x000073e7ebdfe740,  free space=1017k
Native frames: (J=compiled Java code, j=interpreted, Vv=VM code, C=native code)
C  [libjniopenblas_nolapack.so+0x3a799]  Java_org_bytedeco_javacpp_BytePointer_put__JB+0x49
Java frames: (J=compiled Java code, j=interpreted, Vv=VM code)
J 1164  org.bytedeco.javacpp.BytePointer.put(JB)Lorg/bytedeco/javacpp/BytePointer; (0 bytes) @ 0x000073e7d8a74870 [0x000073e7d8a74820+0x0000000000000050]
J 1166 c1 org.bytedeco.javacpp.BytePointer.put(B)Lorg/bytedeco/javacpp/BytePointer; (7 bytes) @ 0x000073e7d0ff215c [0x000073e7d0ff20c0+0x000000000000009c]
j  core.convoulter.Convoluter.MakeConvolution(Lcore/convoulter/Filter;)V+202
j  core.convoulter.Convoluter.convolution(Lcore/console/FilterType;)V+36
j  core.App.main([Ljava/lang/String;)V+134
v  ~StubRoutines::call_stub 0x000073e7d825fcc6

siginfo: si_signo: 11 (SIGSEGV), si_code: 2 (SEGV_ACCERR), si_addr: 0x000073e61ca00040

Registers:
RAX=0x000073e7ebdfe770, RBX=0x000073e7ebdfe770, RCX=0x0000000000000006, RDX=0x0000000000000062
RSP=0x000073e7ebdfe740, RBP=0x000073e7e402d2e8, RSI=0x000073e7ebdfe770, RDI=0x000073e7e402d2e8
R8 =0x000073e7e402efa0, R9 =0x0000000717532428, R10=0x0000000000000018, R11=0x0000000000000008
R12=0x000073e61ca00040, R13=0x0000000000000000, R14=0x0000000000000006, R15=0x000073e7e402cf30
RIP=0x000073e76843a799, EFLAGS=0x0000000000010202, CSGSFS=0x002b000000000033, ERR=0x0000000000000007
  TRAPNO=0x000000000000000e

XMM[0]=0x0000000000000000 0x401b627627627628
XMM[1]=0x0000000000000000 0x3ff0000000000000
XMM[2]=0x0000000000000000 0x3ff0000000000000
XMM[3]=0x0000000000000000 0x41ad675800000000
XMM[4]=0x0000000000000000 0x4059000000000000
XMM[5]=0x0000000000000000 0x4059000000000000
XMM[6]=0x0000000000000000 0x8349c90000000000
XMM[7]=0x0000000000000000 0x8b4808244c8b4810
XMM[8]=0x0000000000000000 0x3824548b4c40245c
XMM[9]=0x0000000000000000 0xffcab418f71fcc4a
XMM[10]=0x0000000000000000 0x00000000f7551832
XMM[11]=0x0000000000000000 0x25ba22dc1cd9ef26
XMM[12]=0x0000000000000000 0x00000000f71fcc4a
XMM[13]=0x0000000000000000 0x1323132313231323
XMM[14]=0x0000000000000000 0x2591259125912591
XMM[15]=0x0000000000000000 0x0000000000000000
  MXCSR=0x00001fa2


Register to memory mapping:

RAX=0x000073e7ebdfe770 is pointing into the stack for thread: 0x000073e7e402cf30
RBX=0x000073e7ebdfe770 is pointing into the stack for thread: 0x000073e7e402cf30
RCX=0x0000000000000006 is an unknown value
RDX=0x0000000000000062 is an unknown value
RSP=0x000073e7ebdfe740 is pointing into the stack for thread: 0x000073e7e402cf30
RBP=0x000073e7e402d2e8 points into unknown readable memory: 0x000073e7ed2d3040 | 40 30 2d ed e7 73 00 00
RSI=0x000073e7ebdfe770 is pointing into the stack for thread: 0x000073e7e402cf30
RDI=0x000073e7e402d2e8 points into unknown readable memory: 0x000073e7ed2d3040 | 40 30 2d ed e7 73 00 00
R8 =0x000073e7e402efa0 points into unknown readable memory: 0x000073e76b400878 | 78 08 40 6b e7 73 00 00
R9 =0x0000000717532428 is an oop: org.bytedeco.javacpp.BytePointer 
{0x0000000717532428} - klass: 'org/bytedeco/javacpp/BytePointer'
 - ---- fields (total size 6 words):
 - private 'deallocator' 'Lorg/bytedeco/javacpp/Pointer$Deallocator;' @12  null (0x00000000)
 - protected 'address' 'J' @16  127432159920192 (0x000073e61ca00040)
 - protected 'position' 'J' @24  0 (0x0000000000000000)
 - protected 'limit' 'J' @32  0 (0x0000000000000000)
 - protected 'capacity' 'J' @40  0 (0x0000000000000000)
R10=0x0000000000000018 is an unknown value
R11=0x0000000000000008 is an unknown value
R12=0x000073e61ca00040: <offset 0x0000000000000040> in /home/aleksei/.javacpp/cache/opencv-4.5.1-1.5.5-linux-x86_64.jar/org/bytedeco/opencv/linux-x86_64/libjniopencv_imgcodecs.so at 0x000073e61ca00000
R13=0x0 is null
R14=0x0000000000000006 is an unknown value
R15=0x000073e7e402cf30 is a thread

Top of Stack: (sp=0x000073e7ebdfe740)
0x000073e7ebdfe740:   000073e76b440db8 000073e7ebdfe7b0
0x000073e7ebdfe750:   0000000000000000 000073e7ebdfe808
0x000073e7ebdfe760:   0000000000000000 000073e7d8a748e3
0x000073e7ebdfe770:   0000000717532428 000073e61d9f429b
0x000073e7ebdfe780:   000073e76b8f8968 000073e7ebdfe7f0
0x000073e7ebdfe790:   0000000000000000 000073e7ebdfe800
0x000073e7ebdfe7a0:   0000000000000000 000073e7d8a73fea
0x000073e7ebdfe7b0:   000073e7ebdfe860 000073e7d0ff215c
0x000073e7ebdfe7c0:   ffffffffffffffff 000073e76b440db8
0x000073e7ebdfe7d0:   000073e7ebdfe860 000073e7d8a74de4
0x000073e7ebdfe7e0:   000073e7ebdfe860 000073e7d82672f2
0x000073e7ebdfe7f0:   000073e7ebdfe860 000073e7d82672f2
0x000073e7ebdfe800:   000073e7d82672f2 0000000000000006
0x000073e7ebdfe810:   0000000717532428 000073e7ebdfe818
0x000073e7ebdfe820:   000073e76b401de2 0000000000000014
0x000073e7ebdfe830:   000073e76b4034f0 0000000000000000
0x000073e7ebdfe840:   0000000717e61eb8 000073e76b4033f0
0x000073e7ebdfe850:   000073e7ebdfe808 000073e7ebdfe8f8
0x000073e7ebdfe860:   000073e7ebdfe950 000073e7d8267180
0x000073e7ebdfe870:   0000000000000003 0000000000000002
0x000073e7ebdfe880:   0000000000000005 0000000000000005
0x000073e7ebdfe890:   4056400000000000 0000000000000000
0x000073e7ebdfe8a0:   00000000000005a0 0000000000000000
0x000073e7ebdfe8b0:   000000000000059f 0000000000000780
0x000073e7ebdfe8c0:   3fb3b13b13b13b14 0000000000000000
0x000073e7ebdfe8d0:   0000000000000000 0000000000000000
0x000073e7ebdfe8e0:   0000000717e62740 0000000000000005
0x000073e7ebdfe8f0:   0000000000000005 0000000717e62718
0x000073e7ebdfe900:   0000000717e626d8 000073e7ebdfe908
0x000073e7ebdfe910:   000073e76b40334c 0000000000000003
0x000073e7ebdfe920:   000073e76b4034f0 0000000000000000
0x000073e7ebdfe930:   0000000717e61eb8 000073e76b403370 

Instructions: (pc=0x000073e76843a799)
0x000073e76843a699:   48 8b 03 48 8b 15 5d 03 21 00 4c 89 ee 48 89 df
0x000073e76843a6a9:   ff 90 28 03 00 00 4c 01 e0 4d 85 ff 48 89 44 24
0x000073e76843a6b9:   08 74 54 48 8b 03 31 d2 4c 89 fe 48 89 df ff 90
0x000073e76843a6c9:   f0 06 00 00 48 8b 7c 24 08 48 8d 34 28 4c 89 f2
0x000073e76843a6d9:   49 89 c4 e8 df 76 fd ff 48 8b 03 31 c9 4c 89 e2
0x000073e76843a6e9:   4c 89 fe 48 89 df ff 90 f8 06 00 00 48 83 c4 18
0x000073e76843a6f9:   4c 89 e8 5b 5d 41 5c 41 5d 41 5e 41 5f c3 66 0f
0x000073e76843a709:   1f 84 00 00 00 00 00 48 89 c7 4c 89 f2 48 89 ee
0x000073e76843a719:   e8 a2 76 fd ff eb d5 be 14 00 00 00 48 89 df 45
0x000073e76843a729:   31 ed e8 00 d1 ff ff 48 8b 0b 48 8d 15 c1 25 00
0x000073e76843a739:   00 48 89 c6 48 89 df ff 51 70 eb b0 90 66 2e 0f
0x000073e76843a749:   1f 84 00 00 00 00 00 41 56 41 55 41 89 ce 41 54
0x000073e76843a759:   55 49 89 d5 53 48 8b 07 48 89 fd 48 89 f3 48 8b
0x000073e76843a769:   15 9a 02 21 00 ff 90 28 03 00 00 48 85 c0 74 2d
0x000073e76843a779:   49 89 c4 48 8b 45 00 48 8b 15 79 02 21 00 48 89
0x000073e76843a789:   de 48 89 ef ff 90 28 03 00 00 49 01 c4 48 89 d8
0x000073e76843a799:   47 88 34 2c 5b 5d 41 5c 41 5d 41 5e c3 be 14 00
0x000073e76843a7a9:   00 00 48 89 ef e8 7d d0 ff ff 48 8b 4d 00 48 8d
0x000073e76843a7b9:   15 3d 25 00 00 48 89 c6 48 89 ef ff 51 70 31 c0
0x000073e76843a7c9:   eb d2 0f 1f 44 00 00 41 55 41 54 49 89 d5 55 53
0x000073e76843a7d9:   49 89 f4 48 89 fb 48 83 ec 08 48 8b 07 48 8b 15
0x000073e76843a7e9:   1b 02 21 00 ff 90 28 03 00 00 48 85 c0 74 30 48
0x000073e76843a7f9:   89 c5 48 8b 03 48 8b 15 fb 01 21 00 4c 89 e6 48
0x000073e76843a809:   89 df ff 90 28 03 00 00 48 01 c5 42 0f b7 44 2d
0x000073e76843a819:   00 48 83 c4 08 5b 5d 41 5c 41 5d c3 0f 1f 00 be
0x000073e76843a829:   14 00 00 00 48 89 df e8 fb cf ff ff 48 8b 0b 48
0x000073e76843a839:   8d 15 bc 24 00 00 48 89 c6 48 89 df ff 51 70 31
0x000073e76843a849:   c0 eb ce 0f 1f 40 00 41 56 41 55 41 89 ce 41 54
0x000073e76843a859:   55 49 89 d5 53 48 8b 07 48 89 fd 48 89 f3 48 8b
0x000073e76843a869:   15 9a 01 21 00 ff 90 28 03 00 00 48 85 c0 74 2e
0x000073e76843a879:   49 89 c4 48 8b 45 00 48 8b 15 79 01 21 00 48 89
0x000073e76843a889:   de 48 89 ef ff 90 28 03 00 00 49 01 c4 48 89 d8 


Stack slot to memory mapping:

stack at sp + 0 slots: {method} {0x000073e76b440db8} 'put' '(B)Lorg/bytedeco/javacpp/BytePointer;' in 'org/bytedeco/javacpp/BytePointer'
stack at sp + 1 slots: 0x000073e7ebdfe7b0 is pointing into the stack for thread: 0x000073e7e402cf30
stack at sp + 2 slots: 0x0 is null
stack at sp + 3 slots: 0x000073e7ebdfe808 is pointing into the stack for thread: 0x000073e7e402cf30
stack at sp + 4 slots: 0x0 is null
stack at sp + 5 slots: 0x000073e7d8a748e3 is at entry_point+195 in (nmethod*)0x000073e7d8a74690
Compiled method (n/a) 12706 1164     n 0       org.bytedeco.javacpp.BytePointer::put (native)
 total in heap  [0x000073e7d8a74690,0x000073e7d8a74bf0] = 1376
 relocation     [0x000073e7d8a747e8,0x000073e7d8a74820] = 56
 main code      [0x000073e7d8a74820,0x000073e7d8a74be5] = 965
 stub code      [0x000073e7d8a74be5,0x000073e7d8a74be8] = 3
 oops           [0x000073e7d8a74be8,0x000073e7d8a74bf0] = 8
stack at sp + 6 slots: 0x0000000717532428 is an oop: org.bytedeco.javacpp.BytePointer 
{0x0000000717532428} - klass: 'org/bytedeco/javacpp/BytePointer'
 - ---- fields (total size 6 words):
 - private 'deallocator' 'Lorg/bytedeco/javacpp/Pointer$Deallocator;' @12  null (0x00000000)
 - protected 'address' 'J' @16  127432159920192 (0x000073e61ca00040)
 - protected 'position' 'J' @24  0 (0x0000000000000000)
 - protected 'limit' 'J' @32  0 (0x0000000000000000)
 - protected 'capacity' 'J' @40  0 (0x0000000000000000)
stack at sp + 7 slots: 0x000073e61d9f429b: Java_org_bytedeco_opencv_opencv_1core_Mat_ptr__II+0x000000000000009b in /home/aleksei/.javacpp/cache/opencv-4.5.1-1.5.5-linux-x86_64.jar/org/bytedeco/opencv/linux-x86_64/libjniopencv_core.so at 0x000073e61d800000


Compiled method (n/a) 12706 1164     n 0       org.bytedeco.javacpp.BytePointer::put (native)
 total in heap  [0x000073e7d8a74690,0x000073e7d8a74bf0] = 1376
 relocation     [0x000073e7d8a747e8,0x000073e7d8a74820] = 56
 main code      [0x000073e7d8a74820,0x000073e7d8a74be5] = 965
 stub code      [0x000073e7d8a74be5,0x000073e7d8a74be8] = 3
 oops           [0x000073e7d8a74be8,0x000073e7d8a74bf0] = 8

[Constant Pool (empty)]

[MachCode]
[Entry Point]
  # {method} {0x000073e76b440e60} 'put' '(JB)Lorg/bytedeco/javacpp/BytePointer;' in 'org/bytedeco/javacpp/BytePointer'
  # this:     rsi:rsi   = 'org/bytedeco/javacpp/BytePointer'
  # parm0:    rdx:rdx   = long
  # parm1:    rcx       = byte
  #           [sp+0x50]  (sp of caller)
  0x000073e7d8a74820: 448b 5608 | 49bb 0000 | 006f e773 | 0000 4d03 | d349 3bc2 | 0f84 0600 

  0x000073e7d8a74838: ;   {runtime_call ic_miss_stub}
  0x000073e7d8a74838: 0000 e941 | 8883 ff90 
[Verified Entry Point]
  0x000073e7d8a74840: 8984 2400 | c0fe ff55 | 488b ec48 | 83ec 4090 | 4181 7f20 | 0100 0000 

  0x000073e7d8a74858: ;   {runtime_call StubRoutines (final stubs)}
  0x000073e7d8a74858: 7405 e841 | ec81 ff48 | 8934 2448 | 83fe 0048 | 8d34 2448 | 0f44 3424 

  0x000073e7d8a74870: ;   {internal_word}
  0x000073e7d8a74870: c5f8 7749 | ba70 48a7 | d8e7 7300 | 004d 8997 | a003 0000 | 4989 a798 

  0x000073e7d8a74888: ;   {external_word}
  0x000073e7d8a74888: 0300 0080 | 3da3 d789 | 1400 0f84 | 3400 0000 

  0x000073e7d8a74898: ;   {metadata({method} {0x000073e76b440e60} 'put' '(JB)Lorg/bytedeco/javacpp/BytePointer;' in 'org/bytedeco/javacpp/BytePointer')}
  0x000073e7d8a74898: 5652 5148 | be60 0e44 | 6be7 7300 | 0049 8bff | 40f6 c40f | 0f84 1200 | 0000 4883 

  0x000073e7d8a748b4: ;   {runtime_call SharedRuntime::dtrace_method_entry(JavaThread*, Method*)}
  0x000073e7d8a748b4: ec08 e815 | b014 1448 | 83c4 08e9 | 0500 0000 

  0x000073e7d8a748c4: ;   {runtime_call SharedRuntime::dtrace_method_entry(JavaThread*, Method*)}
  0x000073e7d8a748c4: e807 b014 | 1459 5a5e | 498d bfb8 | 0300 0041 | c787 4404 | 0000 0400 

  0x000073e7d8a748dc: ;   {runtime_call Java_org_bytedeco_javacpp_BytePointer_put__JB}
  0x000073e7d8a748dc: 0000 e86d | 5e9c 8fc5 | f877 41c7 | 8744 0400 | 0005 0000 | 00f0 8344 | 24c0 0049 | 3baf 4804 
  0x000073e7d8a748fc: 0000 0f87 | 0e00 0000 | 4183 bf40 | 0400 0000 | 0f84 2400 | 0000 c5f8 | 7748 8945 | f849 8bff 
  0x000073e7d8a7491c: 4c8b e448 | 83ec 0048 

  0x000073e7d8a74924: ;   {runtime_call JavaThread::check_special_condition_for_native_trans(JavaThread*)}
  0x000073e7d8a74924: 83e4 f0e8 | 04ae cb13 | 498b e44d | 33e4 488b | 45f8 41c7 | 8744 0400 | 0008 0000 | 0041 83bf 
  0x000073e7d8a74944: c004 0000 | 020f 8470 

  0x000073e7d8a7494c: ;   {external_word}
  0x000073e7d8a7494c: 0200 0080 | 3ddf d689 | 1400 0f84 | 3600 0000 | 4889 45f8 

  0x000073e7d8a74960: ;   {metadata({method} {0x000073e76b440e60} 'put' '(JB)Lorg/bytedeco/javacpp/BytePointer;' in 'org/bytedeco/javacpp/BytePointer')}
  0x000073e7d8a74960: 48be 600e | 446b e773 | 0000 498b | ff40 f6c4 | 0f0f 8412 | 0000 0048 

  0x000073e7d8a74978: ;   {runtime_call SharedRuntime::dtrace_method_exit(JavaThread*, Method*)}
  0x000073e7d8a74978: 83ec 08e8 | 60af 1414 | 4883 c408 | e905 0000 

  0x000073e7d8a74988: ;   {runtime_call SharedRuntime::dtrace_method_exit(JavaThread*, Method*)}
  0x000073e7d8a74988: 00e8 52af | 1414 488b | 45f8 49c7 | 8798 0300 | 0000 0000 | 0049 c787 | a003 0000 | 0000 0000 
  0x000073e7d8a749a8: c5f8 7748 | 85c0 0f84 | e801 0000 | a803 0f85 | 0800 0000 | 488b 00e9 | d801 0000 | a801 0f85 
  0x000073e7d8a749c8: 0900 0000 | 488b 40fe | e9c7 0100 | 0048 8b40 | ff41 807f | 4000 0f84 | b801 0000 | 4883 f800 
  0x000073e7d8a749e8: 0f84 ae01 | 0000 498b | 4f28 4883 | f900 0f84 | 1400 0000 | 4883 e908 | 4989 4f28 | 4903 4f38 
  0x000073e7d8a74a08: 4889 01e9 | 8c01 0000 | 4881 ecd0 | 0000 0048 | 8904 2448 | 894c 2408 | 4889 5424 | 1048 8974 
  0x000073e7d8a74a28: 2418 4889 | 7c24 204c | 8944 2428 | 4c89 4c24 | 304c 8954 | 2438 4c89 | 5c24 40c5 | fb11 4424 
  0x000073e7d8a74a48: 50c5 fb11 | 4c24 58c5 | fb11 5424 | 60c5 fb11 | 5c24 68c5 | fb11 6424 | 70c5 fb11 | 6c24 78c5 
  0x000073e7d8a74a68: fb11 b424 | 8000 0000 | c5fb 11bc | 2488 0000 | 00c5 7b11 | 8424 9000 | 0000 c57b | 118c 2498 
  0x000073e7d8a74a88: ;   {no_reloc}
  0x000073e7d8a74a88: 0000 00c5 | 7b11 9424 | a000 0000 | c57b 119c | 24a8 0000 | 00c5 7b11 | a424 b000 | 0000 c57b 
  0x000073e7d8a74aa8: 11ac 24b8 | 0000 00c5 | 7b11 b424 | c000 0000 | c57b 11bc | 24c8 0000 | 0049 8bf7 | 488b f840 
  0x000073e7d8a74ac8: f6c4 0f0f | 8412 0000 | 0048 83ec 

  0x000073e7d8a74ad4: ;   {runtime_call G1BarrierSetRuntime::write_ref_field_pre_entry(oopDesc*, JavaThread*)}
  0x000073e7d8a74ad4: 08e8 66d6 | b413 4883 | c408 e905 

  0x000073e7d8a74ae0: ;   {runtime_call G1BarrierSetRuntime::write_ref_field_pre_entry(oopDesc*, JavaThread*)}
  0x000073e7d8a74ae0: 0000 00e8 | 58d6 b413 | c57b 10bc | 24c8 0000 | 00c5 7b10 | b424 c000 | 0000 c57b | 10ac 24b8 
  0x000073e7d8a74b00: 0000 00c5 | 7b10 a424 | b000 0000 | c57b 109c | 24a8 0000 | 00c5 7b10 | 9424 a000 | 0000 c57b 
  0x000073e7d8a74b20: 108c 2498 | 0000 00c5 | 7b10 8424 | 9000 0000 | c5fb 10bc | 2488 0000 | 00c5 fb10 | b424 8000 
  0x000073e7d8a74b40: 0000 c5fb | 106c 2478 | c5fb 1064 | 2470 c5fb | 105c 2468 | c5fb 1054 | 2460 c5fb | 104c 2458 
  0x000073e7d8a74b60: c5fb 1044 | 2450 4c8b | 5c24 404c | 8b54 2438 | 4c8b 4c24 | 304c 8b44 | 2428 488b | 7c24 2048 
  0x000073e7d8a74b80: 8b74 2418 | 488b 5424 | 1048 8b4c | 2408 488b | 0424 4881 | c4d0 0000 | 00c5 f877 | 498b 8f28 
  0x000073e7d8a74ba0: 0400 00c7 | 8100 0100 | 0000 0000 | 00c9 4983 | 7f08 000f | 8501 0000 

  0x000073e7d8a74bb8: ;   {runtime_call StubRoutines (initial stubs)}
  0x000073e7d8a74bb8: 00c3 e941 | b07e ffc5 | f877 4889 | 45f8 4c8b | e448 83ec | 0048 83e4 

  0x000073e7d8a74bd0: ;   {runtime_call SharedRuntime::reguard_yellow_pages()}
  0x000073e7d8a74bd0: f0e8 dabb | 1414 498b | e44d 33e4 | 488b 45f8 | e96a fdff | fff4 f4f4 
[/MachCode]


Compiled method (c1) 12711 1166       3       org.bytedeco.javacpp.BytePointer::put (7 bytes)
 total in heap  [0x000073e7d0ff1f10,0x000073e7d0ff2290] = 896
 relocation     [0x000073e7d0ff2068,0x000073e7d0ff20a8] = 64
 main code      [0x000073e7d0ff20c0,0x000073e7d0ff21d8] = 280
 stub code      [0x000073e7d0ff21d8,0x000073e7d0ff2218] = 64
 oops           [0x000073e7d0ff2218,0x000073e7d0ff2220] = 8
 metadata       [0x000073e7d0ff2220,0x000073e7d0ff2230] = 16
 scopes data    [0x000073e7d0ff2230,0x000073e7d0ff2248] = 24
 scopes pcs     [0x000073e7d0ff2248,0x000073e7d0ff2288] = 64
 dependencies   [0x000073e7d0ff2288,0x000073e7d0ff2290] = 8

[Constant Pool (empty)]

[MachCode]
[Entry Point]
  # {method} {0x000073e76b440db8} 'put' '(B)Lorg/bytedeco/javacpp/BytePointer;' in 'org/bytedeco/javacpp/BytePointer'
  # this:     rsi:rsi   = 'org/bytedeco/javacpp/BytePointer'
  # parm0:    rdx       = byte
  #           [sp+0x40]  (sp of caller)
  0x000073e7d0ff20c0: 448b 5608 | 49bb 0000 | 006f e773 | 0000 4d03 | d34c 3bd0 

  0x000073e7d0ff20d4: ;   {runtime_call ic_miss_stub}
  0x000073e7d0ff20d4: 0f85 a6af | 2b07 660f | 1f44 0000 
[Verified Entry Point]
  0x000073e7d0ff20e0: 8984 2400 | c0fe ff55 | 4883 ec30 | 4181 7f20 | 0100 0000 

  0x000073e7d0ff20f4: ;   {runtime_call StubRoutines (final stubs)}
  0x000073e7d0ff20f4: 7405 e8a5 | 132a 0748 

  0x000073e7d0ff20fc: ;   {metadata(method data for {method} {0x000073e76b440db8} 'put' '(B)Lorg/bytedeco/javacpp/BytePointer;' in 'org/bytedeco/javacpp/BytePointer')}
  0x000073e7d0ff20fc: 8bca 48ba | d839 ab6b | e773 0000 | 8bba f400 | 0000 83c7 | 0289 baf4 | 0000 0081 | e7fe 0700 
  0x000073e7d0ff211c: 0085 ff0f | 8452 0000 | 0048 8bd6 

  0x000073e7d0ff2128: ;   {metadata(method data for {method} {0x000073e76b440db8} 'put' '(B)Lorg/bytedeco/javacpp/BytePointer;' in 'org/bytedeco/javacpp/BytePointer')}
  0x000073e7d0ff2128: 48bf d839 | ab6b e773 

  0x000073e7d0ff2130: ;   {metadata('org/bytedeco/javacpp/BytePointer')}
  0x000073e7d0ff2130: 0000 49ba | d857 0070 | e773 0000 | 4c89 9748 | 0100 0048 | 8387 5001 | 0000 0148 | c7c2 0000 
  0x000073e7d0ff2150: 0000 0f1f 

  0x000073e7d0ff2154: ;   {optimized virtual_call}
  0x000073e7d0ff2154: 4400 00e8 

  0x000073e7d0ff2158: ; ImmutableOopMap {}
                      ;*invokevirtual put {reexecute=0 rethrow=0 return_oop=0}
                      ; - org.bytedeco.javacpp.BytePointer::put@3 (line 256)
  0x000073e7d0ff2158: e426 a807 

  0x000073e7d0ff215c: ;   {other}
  0x000073e7d0ff215c: 0f1f 8400 | 4c02 0000 | 4883 c430 

  0x000073e7d0ff2168: ;   {poll_return}
  0x000073e7d0ff2168: 5d49 3ba7 | 4804 0000 | 0f87 1f00 

  0x000073e7d0ff2174: ;   {metadata({method} {0x000073e76b440db8} 'put' '(B)Lorg/bytedeco/javacpp/BytePointer;' in 'org/bytedeco/javacpp/BytePointer')}
  0x000073e7d0ff2174: 0000 c349 | bab8 0d44 | 6be7 7300 | 004c 8954 | 2408 48c7 | 0424 ffff 

  0x000073e7d0ff218c: ;   {runtime_call counter_overflow Runtime1 stub}
  0x000073e7d0ff218c: ffff e86d 

  0x000073e7d0ff2190: ; ImmutableOopMap {rsi=Oop }
                      ;*synchronization entry
                      ; - org.bytedeco.javacpp.BytePointer::put@-1 (line 256)
  0x000073e7d0ff2190: 2a38 07eb 

  0x000073e7d0ff2194: ;   {internal_word}
  0x000073e7d0ff2194: 9049 ba69 | 21ff d0e7 | 7300 004d | 8997 6004 

  0x000073e7d0ff21a4: ;   {runtime_call SafepointBlob}
  0x000073e7d0ff21a4: 0000 e955 | 1e2c 0749 | 8b87 f804 | 0000 49c7 | 87f8 0400 | 0000 0000 | 0049 c787 | 0005 0000 
  0x000073e7d0ff21c4: 0000 0000 | 4883 c430 

  0x000073e7d0ff21cc: ;   {runtime_call unwind_exception Runtime1 stub}
  0x000073e7d0ff21cc: 5de9 aebd | 3707 f4f4 | f4f4 f4f4 
[Stub Code]
  0x000073e7d0ff21d8: ;   {no_reloc}
  0x000073e7d0ff21d8: 0f1f 4400 

  0x000073e7d0ff21dc: ;   {static_stub}
  0x000073e7d0ff21dc: 0048 bb00 | 0000 0000 

  0x000073e7d0ff21e4: ;   {runtime_call nmethod}
  0x000073e7d0ff21e4: 0000 00e9 | fbff ffff 
[Exception Handler]
  0x000073e7d0ff21ec: ;   {runtime_call handle_exception_from_callee Runtime1 stub}
  0x000073e7d0ff21ec: e80f ef37 

  0x000073e7d0ff21f0: ;   {external_word}
  0x000073e7d0ff21f0: 0748 bf72 | 04f3 ece7 | 7300 0048 

  0x000073e7d0ff21fc: ;   {runtime_call MacroAssembler::debug64(char*, long, long*)}
  0x000073e7d0ff21fc: 83e4 f0e8 | 1ca5 a01b 

  0x000073e7d0ff2204: ;   {section_word}
  0x000073e7d0ff2204: f449 ba05 | 22ff d0e7 | 7300 0041 

  0x000073e7d0ff2210: ;   {runtime_call DeoptimizationBlob}
  0x000073e7d0ff2210: 52e9 8a10 | 2c07 f4f4 
[/MachCode]


---------------  P R O C E S S  ---------------

Threads class SMR info:
_java_thread_list=0x000073e73814bcc0, length=11, elements={
0x000073e7e402cf30, 0x000073e7e4184720, 0x000073e7e4185c80, 0x000073e7e4187410,
0x000073e7e4188a40, 0x000073e7e4189fd0, 0x000073e7e418bb80, 0x000073e7e418d230,
0x000073e7e419ac40, 0x000073e7e419dca0, 0x000073e7e433fa80
}

Java Threads: ( => current thread )
=>0x000073e7e402cf30 JavaThread "main"                              [_thread_in_native, id=14676, stack(0x000073e7ebd00000,0x000073e7ebe00000) (1024K)]
  0x000073e7e4184720 JavaThread "Reference Handler"          daemon [_thread_blocked, id=14685, stack(0x000073e7e8300000,0x000073e7e8400000) (1024K)]
  0x000073e7e4185c80 JavaThread "Finalizer"                  daemon [_thread_blocked, id=14686, stack(0x000073e7e81ff000,0x000073e7e82ff000) (1024K)]
  0x000073e7e4187410 JavaThread "Signal Dispatcher"          daemon [_thread_blocked, id=14687, stack(0x000073e7e80fe000,0x000073e7e81fe000) (1024K)]
  0x000073e7e4188a40 JavaThread "Service Thread"             daemon [_thread_blocked, id=14688, stack(0x000073e7e3f00000,0x000073e7e4000000) (1024K)]
  0x000073e7e4189fd0 JavaThread "Monitor Deflation Thread"   daemon [_thread_blocked, id=14689, stack(0x000073e7cd000000,0x000073e7cd100000) (1024K)]
  0x000073e7e418bb80 JavaThread "C2 CompilerThread0"         daemon [_thread_blocked, id=14690, stack(0x000073e7cceff000,0x000073e7ccfff000) (1024K)]
  0x000073e7e418d230 JavaThread "C1 CompilerThread0"         daemon [_thread_blocked, id=14691, stack(0x000073e7ccdfe000,0x000073e7ccefe000) (1024K)]
  0x000073e7e419ac40 JavaThread "Notification Thread"        daemon [_thread_blocked, id=14692, stack(0x000073e7cccfd000,0x000073e7ccdfd000) (1024K)]
  0x000073e7e419dca0 JavaThread "Common-Cleaner"             daemon [_thread_blocked, id=14693, stack(0x000073e7ccbfc000,0x000073e7cccfc000) (1024K)]
  0x000073e7e433fa80 JavaThread "JavaCPP Deallocator"        daemon [_thread_blocked, id=14698, stack(0x000073e7cc6f7000,0x000073e7cc7f7000) (1024K)]
Total: 11

Other Threads:
  0x000073e7e4179d80 VMThread "VM Thread"                           [id=14684, stack(0x000073e7e87dc000,0x000073e7e88dc000) (1024K)]
  0x000073e7e4167a70 WatcherThread "VM Periodic Task Thread"        [id=14683, stack(0x000073e7e88dd000,0x000073e7e89dd000) (1024K)]
  0x000073e7e4094d20 WorkerThread "GC Thread#0"                     [id=14677, stack(0x000073e7e9d26000,0x000073e7e9e26000) (1024K)]
  0x000073e764008970 WorkerThread "GC Thread#1"                     [id=14731, stack(0x000073e7cc0fe000,0x000073e7cc1fe000) (1024K)]
  0x000073e7640094a0 WorkerThread "GC Thread#2"                     [id=14732, stack(0x000073e7bdf00000,0x000073e7be000000) (1024K)]
  0x000073e764009fd0 WorkerThread "GC Thread#3"                     [id=14733, stack(0x000073e7bdb00000,0x000073e7bdc00000) (1024K)]
  0x000073e76400ab00 WorkerThread "GC Thread#4"                     [id=14734, stack(0x000073e7bd700000,0x000073e7bd800000) (1024K)]
  0x000073e7e40a5750 ConcurrentGCThread "G1 Main Marker"            [id=14678, stack(0x000073e7e9c25000,0x000073e7e9d25000) (1024K)]
  0x000073e7e40a66f0 WorkerThread "G1 Conc#0"                       [id=14679, stack(0x000073e7e9b24000,0x000073e7e9c24000) (1024K)]
  0x000073e7e414d480 ConcurrentGCThread "G1 Refine#0"               [id=14680, stack(0x000073e7e8d16000,0x000073e7e8e16000) (1024K)]
  0x000073e7e414e430 ConcurrentGCThread "G1 Service"                [id=14681, stack(0x000073e7e8c15000,0x000073e7e8d15000) (1024K)]
Total: 11

Threads with active compile tasks:
Total: 0

VM state: not at safepoint (normal execution)

VM Mutex/Monitor currently owned by a thread: None

Heap address: 0x000000070c000000, size: 3904 MB, Compressed Oops mode: Zero based, Oop shift amount: 3

CDS archive(s) mapped at: [0x000073e76f000000-0x000073e76fd2e000-0x000073e76fd2e000), size 13819904, SharedBaseAddress: 0x000073e76f000000, ArchiveRelocationMode: 1.
Compressed class space mapped at: 0x000073e770000000-0x000073e7b0000000, reserved size: 1073741824
Narrow klass base: 0x000073e76f000000, Narrow klass shift: 0, Narrow klass range: 0x100000000

GC Precious Log:
 CardTable entry size: 512
 Card Set container configuration: InlinePtr #cards 4 size 8 Array Of Cards #cards 16 size 48 Howl #buckets 8 coarsen threshold 3686 Howl Bitmap #cards 512 size 80 coarsen threshold 460 Card regions per heap region 1 cards per card region 4096
 CPUs: 16 total, 16 available
 Memory: 15609M
 Large Page Support: Disabled
 NUMA Support: Disabled
 Compressed Oops: Enabled (Zero based)
 Heap Region Size: 2M
 Heap Min Capacity: 8M
 Heap Initial Capacity: 244M
 Heap Max Capacity: 3904M
 Pre-touch: Disabled
 Parallel Workers: 13
 Concurrent Workers: 3
 Concurrent Refinement Workers: 13
 Periodic GC: Disabled

Heap:
 garbage-first heap   total 251904K, used 63529K [0x000000070c000000, 0x0000000800000000)
  region size 2048K, 32 young (65536K), 2 survivors (4096K)
 Metaspace       used 8966K, committed 9088K, reserved 1114112K
  class space    used 437K, committed 512K, reserved 1048576K

Heap Regions: E=young(eden), S=young(survivor), O=old, HS=humongous(starts), HC=humongous(continues), CS=collection set, F=free, TAMS=top-at-mark-start, PB=parsable bottom
|   0|0x000000070c000000, 0x000000070c000000, 0x000000070c200000|  0%| F|  |TAMS 0x000000070c000000| PB 0x000000070c000000| Untracked 
|   1|0x000000070c200000, 0x000000070c200000, 0x000000070c400000|  0%| F|  |TAMS 0x000000070c200000| PB 0x000000070c200000| Untracked 
|   2|0x000000070c400000, 0x000000070c400000, 0x000000070c600000|  0%| F|  |TAMS 0x000000070c400000| PB 0x000000070c400000| Untracked 
|   3|0x000000070c600000, 0x000000070c600000, 0x000000070c800000|  0%| F|  |TAMS 0x000000070c600000| PB 0x000000070c600000| Untracked 
|   4|0x000000070c800000, 0x000000070c800000, 0x000000070ca00000|  0%| F|  |TAMS 0x000000070c800000| PB 0x000000070c800000| Untracked 
|   5|0x000000070ca00000, 0x000000070ca00000, 0x000000070cc00000|  0%| F|  |TAMS 0x000000070ca00000| PB 0x000000070ca00000| Untracked 
|   6|0x000000070cc00000, 0x000000070cc00000, 0x000000070ce00000|  0%| F|  |TAMS 0x000000070cc00000| PB 0x000000070cc00000| Untracked 
|   7|0x000000070ce00000, 0x000000070ce00000, 0x000000070d000000|  0%| F|  |TAMS 0x000000070ce00000| PB 0x000000070ce00000| Untracked 
|   8|0x000000070d000000, 0x000000070d000000, 0x000000070d200000|  0%| F|  |TAMS 0x000000070d000000| PB 0x000000070d000000| Untracked 
|   9|0x000000070d200000, 0x000000070d200000, 0x000000070d400000|  0%| F|  |TAMS 0x000000070d200000| PB 0x000000070d200000| Untracked 
|  10|0x000000070d400000, 0x000000070d400000, 0x000000070d600000|  0%| F|  |TAMS 0x000000070d400000| PB 0x000000070d400000| Untracked 
|  11|0x000000070d600000, 0x000000070d600000, 0x000000070d800000|  0%| F|  |TAMS 0x000000070d600000| PB 0x000000070d600000| Untracked 
|  12|0x000000070d800000, 0x000000070d800000, 0x000000070da00000|  0%| F|  |TAMS 0x000000070d800000| PB 0x000000070d800000| Untracked 
|  13|0x000000070da00000, 0x000000070da00000, 0x000000070dc00000|  0%| F|  |TAMS 0x000000070da00000| PB 0x000000070da00000| Untracked 
|  14|0x000000070dc00000, 0x000000070dc00000, 0x000000070de00000|  0%| F|  |TAMS 0x000000070dc00000| PB 0x000000070dc00000| Untracked 
|  15|0x000000070de00000, 0x000000070de00000, 0x000000070e000000|  0%| F|  |TAMS 0x000000070de00000| PB 0x000000070de00000| Untracked 
|  16|0x000000070e000000, 0x000000070e000000, 0x000000070e200000|  0%| F|  |TAMS 0x000000070e000000| PB 0x000000070e000000| Untracked 
|  17|0x000000070e200000, 0x000000070e200000, 0x000000070e400000|  0%| F|  |TAMS 0x000000070e200000| PB 0x000000070e200000| Untracked 
|  18|0x000000070e400000, 0x000000070e400000, 0x000000070e600000|  0%| F|  |TAMS 0x000000070e400000| PB 0x000000070e400000| Untracked 
|  19|0x000000070e600000, 0x000000070e600000, 0x000000070e800000|  0%| F|  |TAMS 0x000000070e600000| PB 0x000000070e600000| Untracked 
|  20|0x000000070e800000, 0x000000070e800000, 0x000000070ea00000|  0%| F|  |TAMS 0x000000070e800000| PB 0x000000070e800000| Untracked 
|  21|0x000000070ea00000, 0x000000070ea00000, 0x000000070ec00000|  0%| F|  |TAMS 0x000000070ea00000| PB 0x000000070ea00000| Untracked 
|  22|0x000000070ec00000, 0x000000070ec00000, 0x000000070ee00000|  0%| F|  |TAMS 0x000000070ec00000| PB 0x000000070ec00000| Untracked 
|  23|0x000000070ee00000, 0x000000070ee00000, 0x000000070f000000|  0%| F|  |TAMS 0x000000070ee00000| PB 0x000000070ee00000| Untracked 
|  24|0x000000070f000000, 0x000000070f000000, 0x000000070f200000|  0%| F|  |TAMS 0x000000070f000000| PB 0x000000070f000000| Untracked 
|  25|0x000000070f200000, 0x000000070f200000, 0x000000070f400000|  0%| F|  |TAMS 0x000000070f200000| PB 0x000000070f200000| Untracked 
|  26|0x000000070f400000, 0x000000070f400000, 0x000000070f600000|  0%| F|  |TAMS 0x000000070f400000| PB 0x000000070f400000| Untracked 
|  27|0x000000070f600000, 0x000000070f600000, 0x000000070f800000|  0%| F|  |TAMS 0x000000070f600000| PB 0x000000070f600000| Untracked 
|  28|0x000000070f800000, 0x000000070f800000, 0x000000070fa00000|  0%| F|  |TAMS 0x000000070f800000| PB 0x000000070f800000| Untracked 
|  29|0x000000070fa00000, 0x000000070fa00000, 0x000000070fc00000|  0%| F|  |TAMS 0x000000070fa00000| PB 0x000000070fa00000| Untracked 
|  30|0x000000070fc00000, 0x000000070fc00000, 0x000000070fe00000|  0%| F|  |TAMS 0x000000070fc00000| PB 0x000000070fc00000| Untracked 
|  31|0x000000070fe00000, 0x000000070fe00000, 0x0000000710000000|  0%| F|  |TAMS 0x000000070fe00000| PB 0x000000070fe00000| Untracked 
|  32|0x0000000710000000, 0x0000000710000000, 0x0000000710200000|  0%| F|  |TAMS 0x0000000710000000| PB 0x0000000710000000| Untracked 
|  33|0x0000000710200000, 0x0000000710200000, 0x0000000710400000|  0%| F|  |TAMS 0x0000000710200000| PB 0x0000000710200000| Untracked 
|  34|0x0000000710400000, 0x0000000710400000, 0x0000000710600000|  0%| F|  |TAMS 0x0000000710400000| PB 0x0000000710400000| Untracked 
|  35|0x0000000710600000, 0x0000000710600000, 0x0000000710800000|  0%| F|  |TAMS 0x0000000710600000| PB 0x0000000710600000| Untracked 
|  36|0x0000000710800000, 0x0000000710800000, 0x0000000710a00000|  0%| F|  |TAMS 0x0000000710800000| PB 0x0000000710800000| Untracked 
|  37|0x0000000710a00000, 0x0000000710a00000, 0x0000000710c00000|  0%| F|  |TAMS 0x0000000710a00000| PB 0x0000000710a00000| Untracked 
|  38|0x0000000710c00000, 0x0000000710c00000, 0x0000000710e00000|  0%| F|  |TAMS 0x0000000710c00000| PB 0x0000000710c00000| Untracked 
|  39|0x0000000710e00000, 0x0000000710e00000, 0x0000000711000000|  0%| F|  |TAMS 0x0000000710e00000| PB 0x0000000710e00000| Untracked 
|  40|0x0000000711000000, 0x0000000711000000, 0x0000000711200000|  0%| F|  |TAMS 0x0000000711000000| PB 0x0000000711000000| Untracked 
|  41|0x0000000711200000, 0x0000000711200000, 0x0000000711400000|  0%| F|  |TAMS 0x0000000711200000| PB 0x0000000711200000| Untracked 
|  42|0x0000000711400000, 0x0000000711400000, 0x0000000711600000|  0%| F|  |TAMS 0x0000000711400000| PB 0x0000000711400000| Untracked 
|  43|0x0000000711600000, 0x0000000711600000, 0x0000000711800000|  0%| F|  |TAMS 0x0000000711600000| PB 0x0000000711600000| Untracked 
|  44|0x0000000711800000, 0x0000000711800000, 0x0000000711a00000|  0%| F|  |TAMS 0x0000000711800000| PB 0x0000000711800000| Untracked 
|  45|0x0000000711a00000, 0x0000000711a00000, 0x0000000711c00000|  0%| F|  |TAMS 0x0000000711a00000| PB 0x0000000711a00000| Untracked 
|  46|0x0000000711c00000, 0x0000000711c00000, 0x0000000711e00000|  0%| F|  |TAMS 0x0000000711c00000| PB 0x0000000711c00000| Untracked 
|  47|0x0000000711e00000, 0x0000000711e00000, 0x0000000712000000|  0%| F|  |TAMS 0x0000000711e00000| PB 0x0000000711e00000| Untracked 
|  48|0x0000000712000000, 0x0000000712000000, 0x0000000712200000|  0%| F|  |TAMS 0x0000000712000000| PB 0x0000000712000000| Untracked 
|  49|0x0000000712200000, 0x0000000712200000, 0x0000000712400000|  0%| F|  |TAMS 0x0000000712200000| PB 0x0000000712200000| Untracked 
|  50|0x0000000712400000, 0x0000000712400000, 0x0000000712600000|  0%| F|  |TAMS 0x0000000712400000| PB 0x0000000712400000| Untracked 
|  51|0x0000000712600000, 0x0000000712600000, 0x0000000712800000|  0%| F|  |TAMS 0x0000000712600000| PB 0x0000000712600000| Untracked 
|  52|0x0000000712800000, 0x0000000712800000, 0x0000000712a00000|  0%| F|  |TAMS 0x0000000712800000| PB 0x0000000712800000| Untracked 
|  53|0x0000000712a00000, 0x0000000712a00000, 0x0000000712c00000|  0%| F|  |TAMS 0x0000000712a00000| PB 0x0000000712a00000| Untracked 
|  54|0x0000000712c00000, 0x0000000712c00000, 0x0000000712e00000|  0%| F|  |TAMS 0x0000000712c00000| PB 0x0000000712c00000| Untracked 
|  55|0x0000000712e00000, 0x0000000712e00000, 0x0000000713000000|  0%| F|  |TAMS 0x0000000712e00000| PB 0x0000000712e00000| Untracked 
|  56|0x0000000713000000, 0x0000000713000000, 0x0000000713200000|  0%| F|  |TAMS 0x0000000713000000| PB 0x0000000713000000| Untracked 
|  57|0x0000000713200000, 0x0000000713200000, 0x0000000713400000|  0%| F|  |TAMS 0x0000000713200000| PB 0x0000000713200000| Untracked 
|  58|0x0000000713400000, 0x0000000713400000, 0x0000000713600000|  0%| F|  |TAMS 0x0000000713400000| PB 0x0000000713400000| Untracked 
|  59|0x0000000713600000, 0x0000000713600000, 0x0000000713800000|  0%| F|  |TAMS 0x0000000713600000| PB 0x0000000713600000| Untracked 
|  60|0x0000000713800000, 0x0000000713800000, 0x0000000713a00000|  0%| F|  |TAMS 0x0000000713800000| PB 0x0000000713800000| Untracked 
|  61|0x0000000713a00000, 0x0000000713a00000, 0x0000000713c00000|  0%| F|  |TAMS 0x0000000713a00000| PB 0x0000000713a00000| Untracked 
|  62|0x0000000713c00000, 0x0000000713c00000, 0x0000000713e00000|  0%| F|  |TAMS 0x0000000713c00000| PB 0x0000000713c00000| Untracked 
|  63|0x0000000713e00000, 0x0000000713e00000, 0x0000000714000000|  0%| F|  |TAMS 0x0000000713e00000| PB 0x0000000713e00000| Untracked 
|  64|0x0000000714000000, 0x0000000714000000, 0x0000000714200000|  0%| F|  |TAMS 0x0000000714000000| PB 0x0000000714000000| Untracked 
|  65|0x0000000714200000, 0x0000000714200000, 0x0000000714400000|  0%| F|  |TAMS 0x0000000714200000| PB 0x0000000714200000| Untracked 
|  66|0x0000000714400000, 0x0000000714400000, 0x0000000714600000|  0%| F|  |TAMS 0x0000000714400000| PB 0x0000000714400000| Untracked 
|  67|0x0000000714600000, 0x0000000714600000, 0x0000000714800000|  0%| F|  |TAMS 0x0000000714600000| PB 0x0000000714600000| Untracked 
|  68|0x0000000714800000, 0x0000000714800000, 0x0000000714a00000|  0%| F|  |TAMS 0x0000000714800000| PB 0x0000000714800000| Untracked 
|  69|0x0000000714a00000, 0x0000000714a00000, 0x0000000714c00000|  0%| F|  |TAMS 0x0000000714a00000| PB 0x0000000714a00000| Untracked 
|  70|0x0000000714c00000, 0x0000000714c00000, 0x0000000714e00000|  0%| F|  |TAMS 0x0000000714c00000| PB 0x0000000714c00000| Untracked 
|  71|0x0000000714e00000, 0x0000000714e00000, 0x0000000715000000|  0%| F|  |TAMS 0x0000000714e00000| PB 0x0000000714e00000| Untracked 
|  72|0x0000000715000000, 0x0000000715000000, 0x0000000715200000|  0%| F|  |TAMS 0x0000000715000000| PB 0x0000000715000000| Untracked 
|  73|0x0000000715200000, 0x0000000715200000, 0x0000000715400000|  0%| F|  |TAMS 0x0000000715200000| PB 0x0000000715200000| Untracked 
|  74|0x0000000715400000, 0x0000000715400000, 0x0000000715600000|  0%| F|  |TAMS 0x0000000715400000| PB 0x0000000715400000| Untracked 
|  75|0x0000000715600000, 0x0000000715600000, 0x0000000715800000|  0%| F|  |TAMS 0x0000000715600000| PB 0x0000000715600000| Untracked 
|  76|0x0000000715800000, 0x0000000715800000, 0x0000000715a00000|  0%| F|  |TAMS 0x0000000715800000| PB 0x0000000715800000| Untracked 
|  77|0x0000000715a00000, 0x0000000715a00000, 0x0000000715c00000|  0%| F|  |TAMS 0x0000000715a00000| PB 0x0000000715a00000| Untracked 
|  78|0x0000000715c00000, 0x0000000715c00000, 0x0000000715e00000|  0%| F|  |TAMS 0x0000000715c00000| PB 0x0000000715c00000| Untracked 
|  79|0x0000000715e00000, 0x0000000715e00000, 0x0000000716000000|  0%| F|  |TAMS 0x0000000715e00000| PB 0x0000000715e00000| Untracked 
|  80|0x0000000716000000, 0x0000000716000000, 0x0000000716200000|  0%| F|  |TAMS 0x0000000716000000| PB 0x0000000716000000| Untracked 
|  81|0x0000000716200000, 0x0000000716200000, 0x0000000716400000|  0%| F|  |TAMS 0x0000000716200000| PB 0x0000000716200000| Untracked 
|  82|0x0000000716400000, 0x0000000716400000, 0x0000000716600000|  0%| F|  |TAMS 0x0000000716400000| PB 0x0000000716400000| Untracked 
|  83|0x0000000716600000, 0x0000000716600000, 0x0000000716800000|  0%| F|  |TAMS 0x0000000716600000| PB 0x0000000716600000| Untracked 
|  84|0x0000000716800000, 0x0000000716800000, 0x0000000716a00000|  0%| F|  |TAMS 0x0000000716800000| PB 0x0000000716800000| Untracked 
|  85|0x0000000716a00000, 0x0000000716a00000, 0x0000000716c00000|  0%| F|  |TAMS 0x0000000716a00000| PB 0x0000000716a00000| Untracked 
|  86|0x0000000716c00000, 0x0000000716c00000, 0x0000000716e00000|  0%| F|  |TAMS 0x0000000716c00000| PB 0x0000000716c00000| Untracked 
|  87|0x0000000716e00000, 0x0000000716e00000, 0x0000000717000000|  0%| F|  |TAMS 0x0000000716e00000| PB 0x0000000716e00000| Untracked 
|  88|0x0000000717000000, 0x0000000717000000, 0x0000000717200000|  0%| F|  |TAMS 0x0000000717000000| PB 0x0000000717000000| Untracked 
|  89|0x0000000717200000, 0x0000000717200000, 0x0000000717400000|  0%| F|  |TAMS 0x0000000717200000| PB 0x0000000717200000| Untracked 
|  90|0x0000000717400000, 0x00000007175ea990, 0x0000000717600000| 95%| E|  |TAMS 0x0000000717400000| PB 0x0000000717400000| Complete 
|  91|0x0000000717600000, 0x0000000717800000, 0x0000000717800000|100%| E|CS|TAMS 0x0000000717600000| PB 0x0000000717600000| Complete 
|  92|0x0000000717800000, 0x0000000717a00000, 0x0000000717a00000|100%| E|CS|TAMS 0x0000000717800000| PB 0x0000000717800000| Complete 
|  93|0x0000000717a00000, 0x0000000717c00000, 0x0000000717c00000|100%| E|CS|TAMS 0x0000000717a00000| PB 0x0000000717a00000| Complete 
|  94|0x0000000717c00000, 0x0000000717cfeb70, 0x0000000717e00000| 49%| S|CS|TAMS 0x0000000717c00000| PB 0x0000000717c00000| Complete 
|  95|0x0000000717e00000, 0x0000000718000000, 0x0000000718000000|100%| S|CS|TAMS 0x0000000717e00000| PB 0x0000000717e00000| Complete 
|  96|0x0000000718000000, 0x0000000718200000, 0x0000000718200000|100%| E|CS|TAMS 0x0000000718000000| PB 0x0000000718000000| Complete 
|  97|0x0000000718200000, 0x0000000718400000, 0x0000000718400000|100%| E|CS|TAMS 0x0000000718200000| PB 0x0000000718200000| Complete 
|  98|0x0000000718400000, 0x0000000718600000, 0x0000000718600000|100%| E|CS|TAMS 0x0000000718400000| PB 0x0000000718400000| Complete 
|  99|0x0000000718600000, 0x0000000718800000, 0x0000000718800000|100%| E|CS|TAMS 0x0000000718600000| PB 0x0000000718600000| Complete 
| 100|0x0000000718800000, 0x0000000718a00000, 0x0000000718a00000|100%| E|CS|TAMS 0x0000000718800000| PB 0x0000000718800000| Complete 
| 101|0x0000000718a00000, 0x0000000718c00000, 0x0000000718c00000|100%| E|CS|TAMS 0x0000000718a00000| PB 0x0000000718a00000| Complete 
| 102|0x0000000718c00000, 0x0000000718e00000, 0x0000000718e00000|100%| E|CS|TAMS 0x0000000718c00000| PB 0x0000000718c00000| Complete 
| 103|0x0000000718e00000, 0x0000000719000000, 0x0000000719000000|100%| E|CS|TAMS 0x0000000718e00000| PB 0x0000000718e00000| Complete 
| 104|0x0000000719000000, 0x0000000719200000, 0x0000000719200000|100%| E|CS|TAMS 0x0000000719000000| PB 0x0000000719000000| Complete 
| 105|0x0000000719200000, 0x0000000719400000, 0x0000000719400000|100%| E|CS|TAMS 0x0000000719200000| PB 0x0000000719200000| Complete 
| 106|0x0000000719400000, 0x0000000719600000, 0x0000000719600000|100%| E|CS|TAMS 0x0000000719400000| PB 0x0000000719400000| Complete 
| 107|0x0000000719600000, 0x0000000719800000, 0x0000000719800000|100%| E|CS|TAMS 0x0000000719600000| PB 0x0000000719600000| Complete 
| 108|0x0000000719800000, 0x0000000719a00000, 0x0000000719a00000|100%| E|CS|TAMS 0x0000000719800000| PB 0x0000000719800000| Complete 
| 109|0x0000000719a00000, 0x0000000719c00000, 0x0000000719c00000|100%| E|CS|TAMS 0x0000000719a00000| PB 0x0000000719a00000| Complete 
| 110|0x0000000719c00000, 0x0000000719e00000, 0x0000000719e00000|100%| E|CS|TAMS 0x0000000719c00000| PB 0x0000000719c00000| Complete 
| 111|0x0000000719e00000, 0x000000071a000000, 0x000000071a000000|100%| E|CS|TAMS 0x0000000719e00000| PB 0x0000000719e00000| Complete 
| 112|0x000000071a000000, 0x000000071a200000, 0x000000071a200000|100%| E|CS|TAMS 0x000000071a000000| PB 0x000000071a000000| Complete 
| 113|0x000000071a200000, 0x000000071a400000, 0x000000071a400000|100%| E|CS|TAMS 0x000000071a200000| PB 0x000000071a200000| Complete 
| 114|0x000000071a400000, 0x000000071a600000, 0x000000071a600000|100%| E|CS|TAMS 0x000000071a400000| PB 0x000000071a400000| Complete 
| 115|0x000000071a600000, 0x000000071a800000, 0x000000071a800000|100%| E|CS|TAMS 0x000000071a600000| PB 0x000000071a600000| Complete 
| 116|0x000000071a800000, 0x000000071aa00000, 0x000000071aa00000|100%| E|CS|TAMS 0x000000071a800000| PB 0x000000071a800000| Complete 
| 117|0x000000071aa00000, 0x000000071ac00000, 0x000000071ac00000|100%| E|CS|TAMS 0x000000071aa00000| PB 0x000000071aa00000| Complete 
| 118|0x000000071ac00000, 0x000000071ae00000, 0x000000071ae00000|100%| E|CS|TAMS 0x000000071ac00000| PB 0x000000071ac00000| Complete 
| 119|0x000000071ae00000, 0x000000071b000000, 0x000000071b000000|100%| E|CS|TAMS 0x000000071ae00000| PB 0x000000071ae00000| Complete 
| 120|0x000000071b000000, 0x000000071b200000, 0x000000071b200000|100%| E|CS|TAMS 0x000000071b000000| PB 0x000000071b000000| Complete 
| 121|0x000000071b200000, 0x000000071b400000, 0x000000071b400000|100%| E|CS|TAMS 0x000000071b200000| PB 0x000000071b200000| Complete 
|1951|0x00000007ffe00000, 0x00000007fff0bb78, 0x0000000800000000| 52%| O|  |TAMS 0x00000007ffe00000| PB 0x00000007ffe00000| Untracked 

Card table byte_map: [0x000073e7e9ee1000,0x000073e7ea681000] _byte_map_base: 0x000073e7e6681000

Marking Bits: (CMBitMap*) 0x000073e7e4095840
 Bits: [0x000073e7cd100000, 0x000073e7d0e00000)

Polling page: 0x000073e7ed6f9000

Metaspace:

Usage:
  Non-class:      8,33 MB used.
      Class:    437,34 KB used.
       Both:      8,76 MB used.

Virtual space:
  Non-class space:       64,00 MB reserved,       8,38 MB ( 13%) committed,  1 nodes.
      Class space:        1,00 GB reserved,     512,00 KB ( <1%) committed,  1 nodes.
             Both:        1,06 GB reserved,       8,88 MB ( <1%) committed. 

Chunk freelists:
   Non-Class:  5,25 MB
       Class:  15,43 MB
        Both:  20,68 MB

MaxMetaspaceSize: unlimited
CompressedClassSpaceSize: 1,00 GB
Initial GC threshold: 21,00 MB
Current GC threshold: 21,00 MB
CDS: on
 - commit_granule_bytes: 65536.
 - commit_granule_words: 8192.
 - virtual_space_node_default_size: 8388608.
 - enlarge_chunks_in_place: 1.
 - use_allocation_guard: 0.


Internal statistics:

num_allocs_failed_limit: 0.
num_arena_births: 42.
num_arena_deaths: 0.
num_vsnodes_births: 2.
num_vsnodes_deaths: 0.
num_space_committed: 140.
num_space_uncommitted: 0.
num_chunks_returned_to_freelist: 0.
num_chunks_taken_from_freelist: 272.
num_chunk_merges: 0.
num_chunk_splits: 250.
num_chunks_enlarged: 238.
num_inconsistent_stats: 0.

CodeHeap 'non-profiled nmethods': size=119168Kb used=851Kb max_used=851Kb free=118316Kb
 bounds [0x000073e7d89a0000, 0x000073e7d8c10000, 0x000073e7dfe00000]
CodeHeap 'profiled nmethods': size=119164Kb used=1992Kb max_used=1992Kb free=117171Kb
 bounds [0x000073e7d0e00000, 0x000073e7d1070000, 0x000073e7d825f000]
CodeHeap 'non-nmethods': size=7428Kb used=2040Kb max_used=3213Kb free=5387Kb
 bounds [0x000073e7d825f000, 0x000073e7d858f000, 0x000073e7d89a0000]
 total_blobs=2162 nmethods=1166 adapters=902
 compilation: enabled
              stopped_count=0, restarted_count=0
 full_count=0

Compilation events (20 events):
Event: 6,499 Thread 0x000073e7e418d230 nmethod 1142 0x000073e7d0ff0190 code [0x000073e7d0ff0340, 0x000073e7d0ff05d0]
Event: 6,499 Thread 0x000073e7e418d230 1151       3       java.lang.invoke.LambdaForm$Name::<init> (66 bytes)
Event: 6,499 Thread 0x000073e7e418d230 nmethod 1151 0x000073e7d0ff0690 code [0x000073e7d0ff0840, 0x000073e7d0ff0b10]
Event: 6,499 Thread 0x000073e7e418d230 1156       3       java.lang.invoke.LambdaForm$NamedFunction::methodType (28 bytes)
Event: 6,499 Thread 0x000073e7e418d230 nmethod 1156 0x000073e7d0ff0c10 code [0x000073e7d0ff0dc0, 0x000073e7d0ff10f0]
Event: 6,499 Thread 0x000073e7e418d230 1154       1       java.lang.invoke.LambdaForm$BasicType::basicTypeClass (5 bytes)
Event: 6,499 Thread 0x000073e7e418d230 nmethod 1154 0x000073e7d8a71790 code [0x000073e7d8a71920, 0x000073e7d8a719e8]
Event: 6,499 Thread 0x000073e7e418d230 1146       3       java.lang.invoke.MethodType::erase (8 bytes)
Event: 6,499 Thread 0x000073e7e418d230 nmethod 1146 0x000073e7d0ff1210 code [0x000073e7d0ff13a0, 0x000073e7d0ff14d0]
Event: 6,508 Thread 0x000073e7e418bb80 nmethod 1149 0x000073e7d8a71a90 code [0x000073e7d8a71d00, 0x000073e7d8a72f08]
Event: 12,700 Thread 0x000073e7e418bb80 1159       4       java.lang.CharacterData::of (136 bytes)
Event: 12,700 Thread 0x000073e7e418d230 1160       3       java.lang.Class::annotationData (44 bytes)
Event: 12,700 Thread 0x000073e7e418d230 nmethod 1160 0x000073e7d0ff1590 code [0x000073e7d0ff1760, 0x000073e7d0ff1a28]
Event: 12,700 Thread 0x000073e7e418bb80 nmethod 1159 0x000073e7d8a73a90 code [0x000073e7d8a73c00, 0x000073e7d8a73ca8]
Event: 12,700 Thread 0x000073e7e418d230 1163       3       org.bytedeco.javacpp.BytePointer::get (6 bytes)
Event: 12,700 Thread 0x000073e7e418d230 nmethod 1163 0x000073e7d0ff1b90 code [0x000073e7d0ff1d40, 0x000073e7d0ff1e80]
Event: 12,701 Thread 0x000073e7e418bb80 1165       4       org.bytedeco.javacpp.BytePointer::get (6 bytes)
Event: 12,701 Thread 0x000073e7e418d230 1166       3       org.bytedeco.javacpp.BytePointer::put (7 bytes)
Event: 12,701 Thread 0x000073e7e418bb80 nmethod 1165 0x000073e7d8a74c10 code [0x000073e7d8a74da0, 0x000073e7d8a74e58]
Event: 12,701 Thread 0x000073e7e418d230 nmethod 1166 0x000073e7d0ff1f10 code [0x000073e7d0ff20c0, 0x000073e7d0ff2218]

GC Heap History (4 events):
Event: 0,201 GC heap before
{Heap before GC invocations=0 (full 0):
 garbage-first heap   total 251904K, used 27694K [0x000000070c000000, 0x0000000800000000)
  region size 2048K, 11 young (22528K), 0 survivors (0K)
 Metaspace       used 6300K, committed 6400K, reserved 1114112K
  class space    used 153K, committed 192K, reserved 1048576K
}
Event: 0,206 GC heap after
{Heap after GC invocations=1 (full 0):
 garbage-first heap   total 251904K, used 3949K [0x000000070c000000, 0x0000000800000000)
  region size 2048K, 2 young (4096K), 2 survivors (4096K)
 Metaspace       used 6300K, committed 6400K, reserved 1114112K
  class space    used 153K, committed 192K, reserved 1048576K
}
Event: 0,351 GC heap before
{Heap before GC invocations=1 (full 0):
 garbage-first heap   total 251904K, used 53101K [0x000000070c000000, 0x0000000800000000)
  region size 2048K, 26 young (53248K), 2 survivors (4096K)
 Metaspace       used 6319K, committed 6464K, reserved 1114112K
  class space    used 153K, committed 192K, reserved 1048576K
}
Event: 0,353 GC heap after
{Heap after GC invocations=2 (full 0):
 garbage-first heap   total 251904K, used 4137K [0x000000070c000000, 0x0000000800000000)
  region size 2048K, 2 young (4096K), 2 survivors (4096K)
 Metaspace       used 6319K, committed 6464K, reserved 1114112K
  class space    used 153K, committed 192K, reserved 1048576K
}

Dll operation events (20 events):
Event: 0,001 Loaded shared library /home/aleksei/App/ideaIC-2025.1.2/idea-IC-251.26094.121/jbr/lib/libjava.so
Event: 0,012 Loaded shared library /home/aleksei/App/ideaIC-2025.1.2/idea-IC-251.26094.121/jbr/lib/libzip.so
Event: 0,020 Loaded shared library /home/aleksei/App/ideaIC-2025.1.2/idea-IC-251.26094.121/jbr/lib/libnio.so
Event: 0,021 Loaded shared library /home/aleksei/App/ideaIC-2025.1.2/idea-IC-251.26094.121/jbr/lib/libzip.so
Event: 0,051 Loaded shared library /home/aleksei/App/ideaIC-2025.1.2/idea-IC-251.26094.121/jbr/lib/libjimage.so
Event: 0,073 Loaded shared library /home/aleksei/.javacpp/cache/javacpp-1.5.5-linux-x86_64.jar/org/bytedeco/javacpp/linux-x86_64/libjnijavacpp.so
Event: 0,089 Loaded shared library /home/aleksei/.javacpp/cache/openblas-0.3.13-1.5.5-linux-x86_64.jar/org/bytedeco/openblas/linux-x86_64/libgcc_s.so.1
Event: 0,091 Loaded shared library /home/aleksei/.javacpp/cache/openblas-0.3.13-1.5.5-linux-x86_64.jar/org/bytedeco/openblas/linux-x86_64/libquadmath.so.0
Event: 0,094 Loaded shared library /usr/lib/libgfortran.so.5.0.0
Event: 0,097 Loaded shared library /home/aleksei/.javacpp/cache/openblas-0.3.13-1.5.5-linux-x86_64.jar/org/bytedeco/openblas/linux-x86_64/libgfortran.so.4
Event: 0,104 Loaded shared library /home/aleksei/.javacpp/cache/openblas-0.3.13-1.5.5-linux-x86_64.jar/org/bytedeco/openblas/linux-x86_64/libopenblas_nolapack.so.0
Event: 0,119 Loaded shared library /home/aleksei/.javacpp/cache/openblas-0.3.13-1.5.5-linux-x86_64.jar/org/bytedeco/openblas/linux-x86_64/libjniopenblas_nolapack.so
Event: 0,167 Loaded shared library /home/aleksei/.javacpp/cache/openblas-0.3.13-1.5.5-linux-x86_64.jar/org/bytedeco/openblas/linux-x86_64/libopenblas.so.0
Event: 0,174 Loaded shared library /home/aleksei/.javacpp/cache/openblas-0.3.13-1.5.5-linux-x86_64.jar/org/bytedeco/openblas/linux-x86_64/libjniopenblas.so
Event: 0,408 Loaded shared library /home/aleksei/.javacpp/cache/opencv-4.5.1-1.5.5-linux-x86_64.jar/org/bytedeco/opencv/linux-x86_64/libopencv_core.so.4.5
Event: 0,417 Loaded shared library /home/aleksei/.javacpp/cache/opencv-4.5.1-1.5.5-linux-x86_64.jar/org/bytedeco/opencv/linux-x86_64/libopencv_imgproc.so.4.5
Event: 0,425 Loaded shared library /home/aleksei/.javacpp/cache/opencv-4.5.1-1.5.5-linux-x86_64.jar/org/bytedeco/opencv/linux-x86_64/libjniopencv_core.so
Event: 0,459 Loaded shared library /home/aleksei/.javacpp/cache/opencv-4.5.1-1.5.5-linux-x86_64.jar/org/bytedeco/opencv/linux-x86_64/libjniopencv_imgproc.so
Event: 0,464 Loaded shared library /home/aleksei/.javacpp/cache/opencv-4.5.1-1.5.5-linux-x86_64.jar/org/bytedeco/opencv/linux-x86_64/libopencv_imgcodecs.so.4.5
Event: 0,465 Loaded shared library /home/aleksei/.javacpp/cache/opencv-4.5.1-1.5.5-linux-x86_64.jar/org/bytedeco/opencv/linux-x86_64/libjniopencv_imgcodecs.so

Deoptimization events (20 events):
Event: 0,482 Thread 0x000073e7e402cf30 Uncommon trap: trap_request=0xffffff45 fr.pc=0x000073e7d89c3b28 relative=0x00000000000004c8
Event: 0,482 Thread 0x000073e7e402cf30 Uncommon trap: reason=unstable_if action=reinterpret pc=0x000073e7d89c3b28 method=java.lang.AbstractStringBuilder.inflateIfNeededFor(Ljava/lang/String;)V @ 14 c2
Event: 0,482 Thread 0x000073e7e402cf30 DEOPT PACKING pc=0x000073e7d89c3b28 sp=0x000073e7ebdfe6a0
Event: 0,482 Thread 0x000073e7e402cf30 DEOPT UNPACKING pc=0x000073e7d82b2f99 sp=0x000073e7ebdfe5a8 mode 2
Event: 0,482 Thread 0x000073e7e402cf30 Uncommon trap: trap_request=0xffffff45 fr.pc=0x000073e7d89c0e90 relative=0x00000000000000f0
Event: 0,482 Thread 0x000073e7e402cf30 Uncommon trap: reason=unstable_if action=reinterpret pc=0x000073e7d89c0e90 method=java.lang.String.getBytes([BIB)V @ 5 c2
Event: 0,482 Thread 0x000073e7e402cf30 DEOPT PACKING pc=0x000073e7d89c0e90 sp=0x000073e7ebdfe5d0
Event: 0,482 Thread 0x000073e7e402cf30 DEOPT UNPACKING pc=0x000073e7d82b2f99 sp=0x000073e7ebdfe598 mode 2
Event: 0,482 Thread 0x000073e7e402cf30 Uncommon trap: trap_request=0xffffff45 fr.pc=0x000073e7d89ccd50 relative=0x0000000000000510
Event: 0,482 Thread 0x000073e7e402cf30 Uncommon trap: reason=unstable_if action=reinterpret pc=0x000073e7d89ccd50 method=java.lang.AbstractStringBuilder.isLatin1()Z @ 10 c2
Event: 0,482 Thread 0x000073e7e402cf30 DEOPT PACKING pc=0x000073e7d89ccd50 sp=0x000073e7ebdfe710
Event: 0,482 Thread 0x000073e7e402cf30 DEOPT UNPACKING pc=0x000073e7d82b2f99 sp=0x000073e7ebdfe5a8 mode 2
Event: 6,494 Thread 0x000073e7e402cf30 Uncommon trap: trap_request=0xffffff45 fr.pc=0x000073e7d8a6ae04 relative=0x0000000000000584
Event: 6,494 Thread 0x000073e7e402cf30 Uncommon trap: reason=unstable_if action=reinterpret pc=0x000073e7d8a6ae04 method=java.util.regex.Matcher.search(I)Z @ 30 c2
Event: 6,494 Thread 0x000073e7e402cf30 DEOPT PACKING pc=0x000073e7d8a6ae04 sp=0x000073e7ebdfe730
Event: 6,494 Thread 0x000073e7e402cf30 DEOPT UNPACKING pc=0x000073e7d82b2f99 sp=0x000073e7ebdfe720 mode 2
Event: 6,499 Thread 0x000073e7e402cf30 Uncommon trap: trap_request=0xffffff45 fr.pc=0x000073e7d8a2a4fc relative=0x0000000000000cfc
Event: 6,499 Thread 0x000073e7e402cf30 Uncommon trap: reason=unstable_if action=reinterpret pc=0x000073e7d8a2a4fc method=jdk.internal.loader.URLClassPath$FileLoader.getResource(Ljava/lang/String;Z)Ljdk/internal/loader/Resource; @ 128 c2
Event: 6,499 Thread 0x000073e7e402cf30 DEOPT PACKING pc=0x000073e7d8a2a4fc sp=0x000073e7ebdfde20
Event: 6,499 Thread 0x000073e7e402cf30 DEOPT UNPACKING pc=0x000073e7d82b2f99 sp=0x000073e7ebdfddf0 mode 2

Classes loaded (20 events):
Event: 0,476 Loading class jdk/internal/jimage/decompressor/ResourceDecompressor done
Event: 0,476 Loading class jdk/internal/jimage/decompressor/ZipDecompressor done
Event: 0,476 Loading class sun/net/www/protocol/jrt/Handler
Event: 0,476 Loading class sun/net/www/protocol/jrt/Handler done
Event: 0,478 Loading class sun/util/resources/LocaleData$CommonResourceBundleProvider
Event: 0,478 Loading class sun/util/resources/LocaleData$LocaleDataResourceBundleProvider
Event: 0,478 Loading class java/util/spi/ResourceBundleProvider
Event: 0,478 Loading class java/util/spi/ResourceBundleProvider done
Event: 0,478 Loading class sun/util/resources/LocaleData$LocaleDataResourceBundleProvider done
Event: 0,478 Loading class sun/util/resources/LocaleData$CommonResourceBundleProvider done
Event: 0,479 Loading class java/util/ArrayList$SubList$1
Event: 0,479 Loading class java/util/ArrayList$SubList$1 done
Event: 0,479 Loading class sun/text/resources/cldr/FormatData_en
Event: 0,479 Loading class sun/text/resources/cldr/FormatData_en done
Event: 0,479 Loading class sun/util/resources/Bundles$2
Event: 0,479 Loading class sun/util/resources/Bundles$2 done
Event: 6,494 Loading class java/util/regex/Matcher$ImmutableMatchResult
Event: 6,494 Loading class java/util/regex/Matcher$ImmutableMatchResult done
Event: 6,499 Loading class java/lang/NoSuchFieldError
Event: 6,499 Loading class java/lang/NoSuchFieldError done

Classes unloaded (0 events):
No events

Classes redefined (0 events):
No events

Internal exceptions (6 events):
Event: 0,045 Thread 0x000073e7e402cf30 Exception <a 'java/lang/NoSuchMethodError'{0x000000071aefac40}: 'int java.lang.invoke.DirectMethodHandle$Holder.invokeStaticInit(java.lang.Object, java.lang.Object, java.lang.Object, java.lang.Object)'> (0x000000071aefac40) 
thrown [src/hotspot/share/interpreter/linkResolver.cpp, line 783]
Event: 0,046 Thread 0x000073e7e402cf30 Exception <a 'java/lang/NoSuchMethodError'{0x000000071af04900}: 'java.lang.Object java.lang.invoke.DirectMethodHandle$Holder.invokeInterface(java.lang.Object, java.lang.Object)'> (0x000000071af04900) 
thrown [src/hotspot/share/interpreter/linkResolver.cpp, line 783]
Event: 0,047 Thread 0x000073e7e402cf30 Exception <a 'java/lang/IncompatibleClassChangeError'{0x000000071af07b98}: Found class java.lang.Object, but interface was expected> (0x000000071af07b98) 
thrown [src/hotspot/share/interpreter/linkResolver.cpp, line 851]
Event: 0,047 Thread 0x000073e7e402cf30 Exception <a 'java/lang/NoSuchMethodError'{0x000000071af0a828}: 'void java.lang.invoke.DirectMethodHandle$Holder.invokeStatic(java.lang.Object, java.lang.Object)'> (0x000000071af0a828) 
thrown [src/hotspot/share/interpreter/linkResolver.cpp, line 783]
Event: 0,047 Thread 0x000073e7e402cf30 Exception <a 'java/lang/NoSuchMethodError'{0x000000071af0dc38}: 'void java.lang.invoke.DirectMethodHandle$Holder.invokeStaticInit(java.lang.Object, java.lang.Object)'> (0x000000071af0dc38) 
thrown [src/hotspot/share/interpreter/linkResolver.cpp, line 783]
Event: 0,047 Thread 0x000073e7e402cf30 Exception <a 'java/lang/NoSuchMethodError'{0x000000071af14c00}: 'int java.lang.invoke.DirectMethodHandle$Holder.invokeStaticInit(java.lang.Object, java.lang.Object)'> (0x000000071af14c00) 
thrown [src/hotspot/share/interpreter/linkResolver.cpp, line 783]

ZGC Phase Switch (0 events):
No events

VM Operations (16 events):
Event: 0,053 Executing VM operation: HandshakeAllThreads (Deoptimize)
Event: 0,053 Executing VM operation: HandshakeAllThreads (Deoptimize) done
Event: 0,083 Executing VM operation: HandshakeAllThreads (Deoptimize)
Event: 0,083 Executing VM operation: HandshakeAllThreads (Deoptimize) done
Event: 0,201 Executing VM operation: G1CollectForAllocation (G1 Evacuation Pause)
Event: 0,206 Executing VM operation: G1CollectForAllocation (G1 Evacuation Pause) done
Event: 0,351 Executing VM operation: G1CollectForAllocation (G1 Evacuation Pause)
Event: 0,353 Executing VM operation: G1CollectForAllocation (G1 Evacuation Pause) done
Event: 0,474 Executing VM operation: HandshakeAllThreads (Deoptimize)
Event: 0,474 Executing VM operation: HandshakeAllThreads (Deoptimize) done
Event: 0,476 Executing VM operation: HandshakeAllThreads (Deoptimize)
Event: 0,476 Executing VM operation: HandshakeAllThreads (Deoptimize) done
Event: 1,476 Executing VM operation: Cleanup
Event: 1,476 Executing VM operation: Cleanup done
Event: 7,476 Executing VM operation: Cleanup
Event: 7,476 Executing VM operation: Cleanup done

Memory protections (20 events):
Event: 0,000 Protecting memory [0x000073e7ebd00000,0x000073e7ebd04000] with protection modes 0
Event: 0,012 Protecting memory [0x000073e7e8300000,0x000073e7e8304000] with protection modes 0
Event: 0,012 Protecting memory [0x000073e7e81ff000,0x000073e7e8203000] with protection modes 0
Event: 0,012 Protecting memory [0x000073e7e80fe000,0x000073e7e8102000] with protection modes 0
Event: 0,012 Protecting memory [0x000073e7e3f00000,0x000073e7e3f04000] with protection modes 0
Event: 0,012 Protecting memory [0x000073e7cd000000,0x000073e7cd004000] with protection modes 0
Event: 0,012 Protecting memory [0x000073e7cceff000,0x000073e7ccf03000] with protection modes 0
Event: 0,013 Protecting memory [0x000073e7ccdfe000,0x000073e7cce02000] with protection modes 0
Event: 0,016 Protecting memory [0x000073e7cccfd000,0x000073e7ccd01000] with protection modes 0
Event: 0,017 Protecting memory [0x000073e7ccbfc000,0x000073e7ccc00000] with protection modes 0
Event: 0,024 Protecting memory [0x000073e7ccafb000,0x000073e7ccaff000] with protection modes 0
Event: 0,024 Protecting memory [0x000073e7cc9fa000,0x000073e7cc9fe000] with protection modes 0
Event: 0,029 Protecting memory [0x000073e7cc8f9000,0x000073e7cc8fd000] with protection modes 0
Event: 0,029 Protecting memory [0x000073e7cc7f8000,0x000073e7cc7fc000] with protection modes 0
Event: 0,077 Protecting memory [0x000073e7cc6f7000,0x000073e7cc6fb000] with protection modes 0
Event: 0,096 Protecting memory [0x000073e7cc300000,0x000073e7cc304000] with protection modes 0
Event: 0,097 Protecting memory [0x000073e7cc1ff000,0x000073e7cc203000] with protection modes 0
Event: 0,313 Protecting memory [0x000073e7bc2ff000,0x000073e7bc303000] with protection modes 0
Event: 0,313 Protecting memory [0x000073e7bc1fe000,0x000073e7bc202000] with protection modes 0
Event: 0,313 Protecting memory [0x000073e7bc0fd000,0x000073e7bc101000] with protection modes 0

Nmethod flushes (0 events):
No events

Events (20 events):
Event: 0,017 Thread 0x000073e7e402cf30 Thread added: 0x000073e7e419dca0
Event: 0,024 Thread 0x000073e7e418d230 Thread added: 0x000073e74402c900
Event: 0,024 Thread 0x000073e7e418bb80 Thread added: 0x000073e750096e00
Event: 0,029 Thread 0x000073e7e418d230 Thread added: 0x000073e7440564b0
Event: 0,029 Thread 0x000073e7e418d230 Thread added: 0x000073e7440577a0
Event: 0,077 Thread 0x000073e7e402cf30 Thread added: 0x000073e7e433fa80
Event: 0,096 Thread 0x000073e7440577a0 Thread added: 0x000073e72c0fcf70
Event: 0,097 Thread 0x000073e7e418d230 Thread added: 0x000073e744131050
Event: 0,313 Thread 0x000073e7e418d230 Thread added: 0x000073e74416c350
Event: 0,313 Thread 0x000073e7e418d230 Thread added: 0x000073e74416d670
Event: 0,313 Thread 0x000073e7e418d230 Thread added: 0x000073e74416e970
Event: 5,482 Thread 0x000073e74416e970 Thread exited: 0x000073e74416e970
Event: 5,482 Thread 0x000073e750096e00 Thread exited: 0x000073e750096e00
Event: 5,483 Thread 0x000073e74402c900 Thread exited: 0x000073e74402c900
Event: 6,494 Thread 0x000073e74416d670 Thread exited: 0x000073e74416d670
Event: 6,494 Thread 0x000073e74416c350 Thread exited: 0x000073e74416c350
Event: 6,494 Thread 0x000073e744131050 Thread exited: 0x000073e744131050
Event: 6,494 Thread 0x000073e72c0fcf70 Thread exited: 0x000073e72c0fcf70
Event: 6,494 Thread 0x000073e7440577a0 Thread exited: 0x000073e7440577a0
Event: 6,495 Thread 0x000073e7440564b0 Thread exited: 0x000073e7440564b0


Dynamic libraries:
70c000000-71b400000 rw-p 00000000 00:00 0 
71b400000-7ffe00000 ---p 00000000 00:00 0 
7ffe00000-7fff0c000 rw-p 00d70000 103:06 10757205                        /home/aleksei/App/ideaIC-2025.1.2/idea-IC-251.26094.121/jbr/lib/server/classes.jsa
7fff0c000-800000000 rw-p 00000000 00:00 0 
5ef54d0b2000-5ef54d0b3000 r--p 00000000 103:06 10757496                  /home/aleksei/App/ideaIC-2025.1.2/idea-IC-251.26094.121/jbr/bin/java
5ef54d0b3000-5ef54d0b4000 r-xp 00001000 103:06 10757496                  /home/aleksei/App/ideaIC-2025.1.2/idea-IC-251.26094.121/jbr/bin/java
5ef54d0b4000-5ef54d0b5000 r--p 00002000 103:06 10757496                  /home/aleksei/App/ideaIC-2025.1.2/idea-IC-251.26094.121/jbr/bin/java
5ef54d0b5000-5ef54d0b6000 r--p 00002000 103:06 10757496                  /home/aleksei/App/ideaIC-2025.1.2/idea-IC-251.26094.121/jbr/bin/java
5ef54d0b6000-5ef54d0b7000 rw-p 00003000 103:06 10757496                  /home/aleksei/App/ideaIC-2025.1.2/idea-IC-251.26094.121/jbr/bin/java
5ef575472000-5ef5754ba000 rw-p 00000000 00:00 0                          [heap]
73e600000000-73e6004cc000 rw-p 00000000 00:00 0 
73e6004cc000-73e604000000 ---p 00000000 00:00 0 
73e604000000-73e60463b000 rw-p 00000000 00:00 0 
73e60463b000-73e608000000 ---p 00000000 00:00 0 
73e608000000-73e608021000 rw-p 00000000 00:00 0 
73e608021000-73e60c000000 ---p 00000000 00:00 0 
73e60c000000-73e60c86e000 rw-p 00000000 00:00 0 
73e60c86e000-73e610000000 ---p 00000000 00:00 0 
73e610000000-73e610021000 rw-p 00000000 00:00 0 
73e610021000-73e614000000 ---p 00000000 00:00 0 
73e614000000-73e614021000 rw-p 00000000 00:00 0 
73e614021000-73e618000000 ---p 00000000 00:00 0 
73e618000000-73e618021000 rw-p 00000000 00:00 0 
73e618021000-73e61c000000 ---p 00000000 00:00 0 
73e61c470000-73e61ca00000 rw-p 00000000 00:00 0 
73e61ca00000-73e61ca30000 r-xp 00000000 103:06 10881099                  /home/aleksei/.javacpp/cache/opencv-4.5.1-1.5.5-linux-x86_64.jar/org/bytedeco/opencv/linux-x86_64/libjniopencv_imgcodecs.so
73e61ca30000-73e61cc2f000 ---p 00030000 103:06 10881099                  /home/aleksei/.javacpp/cache/opencv-4.5.1-1.5.5-linux-x86_64.jar/org/bytedeco/opencv/linux-x86_64/libjniopencv_imgcodecs.so
73e61cc2f000-73e61cc30000 r--p 0002f000 103:06 10881099                  /home/aleksei/.javacpp/cache/opencv-4.5.1-1.5.5-linux-x86_64.jar/org/bytedeco/opencv/linux-x86_64/libjniopencv_imgcodecs.so
73e61cc30000-73e61cc31000 rw-p 00030000 103:06 10881099                  /home/aleksei/.javacpp/cache/opencv-4.5.1-1.5.5-linux-x86_64.jar/org/bytedeco/opencv/linux-x86_64/libjniopencv_imgcodecs.so
73e61ce00000-73e61d14e000 r-xp 00000000 103:06 10881097                  /home/aleksei/.javacpp/cache/opencv-4.5.1-1.5.5-linux-x86_64.jar/org/bytedeco/opencv/linux-x86_64/libopencv_imgcodecs.so.4.5
73e61d14e000-73e61d34d000 ---p 0034e000 103:06 10881097                  /home/aleksei/.javacpp/cache/opencv-4.5.1-1.5.5-linux-x86_64.jar/org/bytedeco/opencv/linux-x86_64/libopencv_imgcodecs.so.4.5
73e61d34d000-73e61d357000 r--p 0034d000 103:06 10881097                  /home/aleksei/.javacpp/cache/opencv-4.5.1-1.5.5-linux-x86_64.jar/org/bytedeco/opencv/linux-x86_64/libopencv_imgcodecs.so.4.5
73e61d357000-73e61d35b000 rw-p 00357000 103:06 10881097                  /home/aleksei/.javacpp/cache/opencv-4.5.1-1.5.5-linux-x86_64.jar/org/bytedeco/opencv/linux-x86_64/libopencv_imgcodecs.so.4.5
73e61d35b000-73e61d3c5000 rw-p 00000000 00:00 0 
73e61d400000-73e61d553000 r-xp 00000000 103:06 10881096                  /home/aleksei/.javacpp/cache/opencv-4.5.1-1.5.5-linux-x86_64.jar/org/bytedeco/opencv/linux-x86_64/libjniopencv_imgproc.so
73e61d553000-73e61d753000 ---p 00153000 103:06 10881096                  /home/aleksei/.javacpp/cache/opencv-4.5.1-1.5.5-linux-x86_64.jar/org/bytedeco/opencv/linux-x86_64/libjniopencv_imgproc.so
73e61d753000-73e61d756000 r--p 00153000 103:06 10881096                  /home/aleksei/.javacpp/cache/opencv-4.5.1-1.5.5-linux-x86_64.jar/org/bytedeco/opencv/linux-x86_64/libjniopencv_imgproc.so
73e61d756000-73e61d757000 rw-p 00156000 103:06 10881096                  /home/aleksei/.javacpp/cache/opencv-4.5.1-1.5.5-linux-x86_64.jar/org/bytedeco/opencv/linux-x86_64/libjniopencv_imgproc.so
73e61d800000-73e61db2f000 r-xp 00000000 103:06 10881095                  /home/aleksei/.javacpp/cache/opencv-4.5.1-1.5.5-linux-x86_64.jar/org/bytedeco/opencv/linux-x86_64/libjniopencv_core.so
73e61db2f000-73e61dd2f000 ---p 0032f000 103:06 10881095                  /home/aleksei/.javacpp/cache/opencv-4.5.1-1.5.5-linux-x86_64.jar/org/bytedeco/opencv/linux-x86_64/libjniopencv_core.so
73e61dd2f000-73e61dd3b000 r--p 0032f000 103:06 10881095                  /home/aleksei/.javacpp/cache/opencv-4.5.1-1.5.5-linux-x86_64.jar/org/bytedeco/opencv/linux-x86_64/libjniopencv_core.so
73e61dd3b000-73e61dd3e000 rw-p 0033b000 103:06 10881095                  /home/aleksei/.javacpp/cache/opencv-4.5.1-1.5.5-linux-x86_64.jar/org/bytedeco/opencv/linux-x86_64/libjniopencv_core.so
73e61dd3e000-73e61dd3f000 rw-p 00000000 00:00 0 
73e61de00000-73e61e3ab000 r-xp 00000000 103:06 10881093                  /home/aleksei/.javacpp/cache/opencv-4.5.1-1.5.5-linux-x86_64.jar/org/bytedeco/opencv/linux-x86_64/libopencv_imgproc.so.4.5
73e61e3ab000-73e61e5aa000 ---p 005ab000 103:06 10881093                  /home/aleksei/.javacpp/cache/opencv-4.5.1-1.5.5-linux-x86_64.jar/org/bytedeco/opencv/linux-x86_64/libopencv_imgproc.so.4.5
73e61e5aa000-73e61e5c5000 r--p 005aa000 103:06 10881093                  /home/aleksei/.javacpp/cache/opencv-4.5.1-1.5.5-linux-x86_64.jar/org/bytedeco/opencv/linux-x86_64/libopencv_imgproc.so.4.5
73e61e5c5000-73e61e5ce000 rw-p 005c5000 103:06 10881093                  /home/aleksei/.javacpp/cache/opencv-4.5.1-1.5.5-linux-x86_64.jar/org/bytedeco/opencv/linux-x86_64/libopencv_imgproc.so.4.5
73e61e5ce000-73e61e66e000 rw-p 00000000 00:00 0 
73e61e800000-73e61ebfb000 r-xp 00000000 103:06 10881085                  /home/aleksei/.javacpp/cache/opencv-4.5.1-1.5.5-linux-x86_64.jar/org/bytedeco/opencv/linux-x86_64/libopencv_core.so.4.5
73e61ebfb000-73e61edfa000 ---p 003fb000 103:06 10881085                  /home/aleksei/.javacpp/cache/opencv-4.5.1-1.5.5-linux-x86_64.jar/org/bytedeco/opencv/linux-x86_64/libopencv_core.so.4.5
73e61edfa000-73e61ee08000 r--p 003fa000 103:06 10881085                  /home/aleksei/.javacpp/cache/opencv-4.5.1-1.5.5-linux-x86_64.jar/org/bytedeco/opencv/linux-x86_64/libopencv_core.so.4.5
73e61ee08000-73e61ee0e000 rw-p 00408000 103:06 10881085                  /home/aleksei/.javacpp/cache/opencv-4.5.1-1.5.5-linux-x86_64.jar/org/bytedeco/opencv/linux-x86_64/libopencv_core.so.4.5
73e61ee0e000-73e61ee14000 rw-p 00000000 00:00 0 
73e61f000000-73e62083f000 r-xp 00000000 103:06 10252867                  /home/aleksei/.javacpp/cache/openblas-0.3.13-1.5.5-linux-x86_64.jar/org/bytedeco/openblas/linux-x86_64/libjniopenblas.so
73e62083f000-73e620a3f000 ---p 0183f000 103:06 10252867                  /home/aleksei/.javacpp/cache/openblas-0.3.13-1.5.5-linux-x86_64.jar/org/bytedeco/openblas/linux-x86_64/libjniopenblas.so
73e620a3f000-73e620a40000 r--p 0183f000 103:06 10252867                  /home/aleksei/.javacpp/cache/openblas-0.3.13-1.5.5-linux-x86_64.jar/org/bytedeco/openblas/linux-x86_64/libjniopenblas.so
73e620a40000-73e620a48000 rw-p 01840000 103:06 10252867                  /home/aleksei/.javacpp/cache/openblas-0.3.13-1.5.5-linux-x86_64.jar/org/bytedeco/openblas/linux-x86_64/libjniopenblas.so
73e620a48000-73e620a49000 rw-p 00000000 00:00 0 
73e620c00000-73e630c00000 rw-p 00000000 00:00 0 
73e630dff000-73e630e00000 ---p 00000000 00:00 0 
73e630e00000-73e631600000 rw-p 00000000 00:00 0 
73e631600000-73e639600000 rw-p 00000000 00:00 0 
73e6397ff000-73e639800000 ---p 00000000 00:00 0 
73e639800000-73e63a000000 rw-p 00000000 00:00 0 
73e63a000000-73e642000000 rw-p 00000000 00:00 0 
73e6421ff000-73e642200000 ---p 00000000 00:00 0 
73e642200000-73e642a00000 rw-p 00000000 00:00 0 
73e642a00000-73e64aa00000 rw-p 00000000 00:00 0 
73e64abff000-73e64ac00000 ---p 00000000 00:00 0 
73e64ac00000-73e64b400000 rw-p 00000000 00:00 0 
73e64b400000-73e653400000 rw-p 00000000 00:00 0 
73e6535ff000-73e653600000 ---p 00000000 00:00 0 
73e653600000-73e653e00000 rw-p 00000000 00:00 0 
73e653e00000-73e65be00000 rw-p 00000000 00:00 0 
73e65bfff000-73e65c000000 ---p 00000000 00:00 0 
73e65c000000-73e65c800000 rw-p 00000000 00:00 0 
73e65c800000-73e664800000 rw-p 00000000 00:00 0 
73e6649ff000-73e664a00000 ---p 00000000 00:00 0 
73e664a00000-73e665200000 rw-p 00000000 00:00 0 
73e665200000-73e66d200000 rw-p 00000000 00:00 0 
73e66d3ff000-73e66d400000 ---p 00000000 00:00 0 
73e66d400000-73e66dc00000 rw-p 00000000 00:00 0 
73e66dc00000-73e675c00000 rw-p 00000000 00:00 0 
73e675dff000-73e675e00000 ---p 00000000 00:00 0 
73e675e00000-73e676600000 rw-p 00000000 00:00 0 
73e676600000-73e67e600000 rw-p 00000000 00:00 0 
73e67e7ff000-73e67e800000 ---p 00000000 00:00 0 
73e67e800000-73e67f000000 rw-p 00000000 00:00 0 
73e67f000000-73e687000000 rw-p 00000000 00:00 0 
73e6871ff000-73e687200000 ---p 00000000 00:00 0 
73e687200000-73e687a00000 rw-p 00000000 00:00 0 
73e687a00000-73e68fa00000 rw-p 00000000 00:00 0 
73e68fbff000-73e68fc00000 ---p 00000000 00:00 0 
73e68fc00000-73e690400000 rw-p 00000000 00:00 0 
73e690400000-73e698400000 rw-p 00000000 00:00 0 
73e6985ff000-73e698600000 ---p 00000000 00:00 0 
73e698600000-73e698e00000 rw-p 00000000 00:00 0 
73e698e00000-73e6a0e00000 rw-p 00000000 00:00 0 
73e6a0ffe000-73e6a0fff000 ---p 00000000 00:00 0 
73e6a0fff000-73e6a17ff000 rw-p 00000000 00:00 0 
73e6a17ff000-73e6a1800000 ---p 00000000 00:00 0 
73e6a1800000-73e6a2000000 rw-p 00000000 00:00 0 
73e6a2000000-73e6a3cfc000 r-xp 00000000 103:06 10252697                  /home/aleksei/.javacpp/cache/openblas-0.3.13-1.5.5-linux-x86_64.jar/org/bytedeco/openblas/linux-x86_64/libopenblas.so.0
73e6a3cfc000-73e6a3efc000 ---p 01cfc000 103:06 10252697                  /home/aleksei/.javacpp/cache/openblas-0.3.13-1.5.5-linux-x86_64.jar/org/bytedeco/openblas/linux-x86_64/libopenblas.so.0
73e6a3efc000-73e6a3f02000 r--p 01cfc000 103:06 10252697                  /home/aleksei/.javacpp/cache/openblas-0.3.13-1.5.5-linux-x86_64.jar/org/bytedeco/openblas/linux-x86_64/libopenblas.so.0
73e6a3f02000-73e6a3f18000 rw-p 01d02000 103:06 10252697                  /home/aleksei/.javacpp/cache/openblas-0.3.13-1.5.5-linux-x86_64.jar/org/bytedeco/openblas/linux-x86_64/libopenblas.so.0
73e6a3f18000-73e6a3f24000 rw-p 00000000 00:00 0 
73e6a4000000-73e6bc000000 rw-p 00000000 00:00 0 
73e6bc1ff000-73e6bc200000 ---p 00000000 00:00 0 
73e6bc200000-73e6bca00000 rw-p 00000000 00:00 0 
73e6bca00000-73e6c4a00000 rw-p 00000000 00:00 0 
73e6c4bfe000-73e6c4bff000 ---p 00000000 00:00 0 
73e6c4bff000-73e6c53ff000 rw-p 00000000 00:00 0 
73e6c53ff000-73e6c5400000 ---p 00000000 00:00 0 
73e6c5400000-73e6c5c00000 rw-p 00000000 00:00 0 
73e6c5c00000-73e6cdc00000 rw-p 00000000 00:00 0 
73e6cddff000-73e6cde00000 ---p 00000000 00:00 0 
73e6cde00000-73e6ce600000 rw-p 00000000 00:00 0 
73e6ce600000-73e6d6600000 rw-p 00000000 00:00 0 
73e6d67ff000-73e6d6800000 ---p 00000000 00:00 0 
73e6d6800000-73e6d7000000 rw-p 00000000 00:00 0 
73e6d7000000-73e6df000000 rw-p 00000000 00:00 0 
73e6df1ff000-73e6df200000 ---p 00000000 00:00 0 
73e6df200000-73e6dfa00000 rw-p 00000000 00:00 0 
73e6dfa00000-73e6e7a00000 rw-p 00000000 00:00 0 
73e6e7bff000-73e6e7c00000 ---p 00000000 00:00 0 
73e6e7c00000-73e6e8400000 rw-p 00000000 00:00 0 
73e6e8400000-73e6f0400000 rw-p 00000000 00:00 0 
73e6f05ff000-73e6f0600000 ---p 00000000 00:00 0 
73e6f0600000-73e6f0e00000 rw-p 00000000 00:00 0 
73e6f0e00000-73e6f8e00000 rw-p 00000000 00:00 0 
73e6f8fff000-73e6f9000000 ---p 00000000 00:00 0 
73e6f9000000-73e6f9800000 rw-p 00000000 00:00 0 
73e6f9800000-73e701800000 rw-p 00000000 00:00 0 
73e7019ff000-73e701a00000 ---p 00000000 00:00 0 
73e701a00000-73e702200000 rw-p 00000000 00:00 0 
73e702200000-73e712200000 rw-p 00000000 00:00 0 
73e7123ff000-73e712400000 ---p 00000000 00:00 0 
73e712400000-73e712c00000 rw-p 00000000 00:00 0 
73e712c00000-73e71ac00000 rw-p 00000000 00:00 0 
73e71adff000-73e71ae00000 ---p 00000000 00:00 0 
73e71ae00000-73e71b600000 rw-p 00000000 00:00 0 
73e71b600000-73e723600000 rw-p 00000000 00:00 0 
73e7237ff000-73e723800000 ---p 00000000 00:00 0 
73e723800000-73e724000000 rw-p 00000000 00:00 0 
73e724000000-73e724b52000 rw-p 00000000 00:00 0 
73e724b52000-73e728000000 ---p 00000000 00:00 0 
73e728000000-73e7286a4000 rw-p 00000000 00:00 0 
73e7286a4000-73e72c000000 ---p 00000000 00:00 0 
73e72c000000-73e72c88a000 rw-p 00000000 00:00 0 
73e72c88a000-73e730000000 ---p 00000000 00:00 0 
73e730000000-73e730021000 rw-p 00000000 00:00 0 
73e730021000-73e734000000 ---p 00000000 00:00 0 
73e734000000-73e7341af000 rw-p 00000000 00:00 0 
73e7341af000-73e738000000 ---p 00000000 00:00 0 
73e738000000-73e738af4000 rw-p 00000000 00:00 0 
73e738af4000-73e73c000000 ---p 00000000 00:00 0 
73e73c000000-73e73c021000 rw-p 00000000 00:00 0 
73e73c021000-73e740000000 ---p 00000000 00:00 0 
73e740000000-73e740288000 rw-p 00000000 00:00 0 
73e740288000-73e744000000 ---p 00000000 00:00 0 
73e744000000-73e744178000 rw-p 00000000 00:00 0 
73e744178000-73e748000000 ---p 00000000 00:00 0 
73e748000000-73e748021000 rw-p 00000000 00:00 0 
73e748021000-73e74c000000 ---p 00000000 00:00 0 
73e74c000000-73e74c021000 rw-p 00000000 00:00 0 
73e74c021000-73e750000000 ---p 00000000 00:00 0 
73e750000000-73e7508ef000 rw-p 00000000 00:00 0 
73e7508ef000-73e754000000 ---p 00000000 00:00 0 
73e754000000-73e754021000 rw-p 00000000 00:00 0 
73e754021000-73e758000000 ---p 00000000 00:00 0 
73e758000000-73e758021000 rw-p 00000000 00:00 0 
73e758021000-73e75c000000 ---p 00000000 00:00 0 
73e75c000000-73e75c021000 rw-p 00000000 00:00 0 
73e75c021000-73e760000000 ---p 00000000 00:00 0 
73e760000000-73e760021000 rw-p 00000000 00:00 0 
73e760021000-73e764000000 ---p 00000000 00:00 0 
73e764000000-73e764021000 rw-p 00000000 00:00 0 
73e764021000-73e768000000 ---p 00000000 00:00 0 
73e76815d000-73e768400000 rw-p 00000000 00:00 0 
73e768400000-73e768449000 r-xp 00000000 103:06 10251275                  /home/aleksei/.javacpp/cache/openblas-0.3.13-1.5.5-linux-x86_64.jar/org/bytedeco/openblas/linux-x86_64/libjniopenblas_nolapack.so
73e768449000-73e768649000 ---p 00049000 103:06 10251275                  /home/aleksei/.javacpp/cache/openblas-0.3.13-1.5.5-linux-x86_64.jar/org/bytedeco/openblas/linux-x86_64/libjniopenblas_nolapack.so
73e768649000-73e76864a000 r--p 00049000 103:06 10251275                  /home/aleksei/.javacpp/cache/openblas-0.3.13-1.5.5-linux-x86_64.jar/org/bytedeco/openblas/linux-x86_64/libjniopenblas_nolapack.so
73e76864a000-73e76864b000 rw-p 0004a000 103:06 10251275                  /home/aleksei/.javacpp/cache/openblas-0.3.13-1.5.5-linux-x86_64.jar/org/bytedeco/openblas/linux-x86_64/libjniopenblas_nolapack.so
73e7687ff000-73e768800000 ---p 00000000 00:00 0 
73e768800000-73e769000000 rw-p 00000000 00:00 0 
73e769000000-73e76acfc000 r-xp 00000000 103:06 10251272                  /home/aleksei/.javacpp/cache/openblas-0.3.13-1.5.5-linux-x86_64.jar/org/bytedeco/openblas/linux-x86_64/libopenblas_nolapack.so.0
73e76acfc000-73e76aefc000 ---p 01cfc000 103:06 10251272                  /home/aleksei/.javacpp/cache/openblas-0.3.13-1.5.5-linux-x86_64.jar/org/bytedeco/openblas/linux-x86_64/libopenblas_nolapack.so.0
73e76aefc000-73e76af02000 r--p 01cfc000 103:06 10251272                  /home/aleksei/.javacpp/cache/openblas-0.3.13-1.5.5-linux-x86_64.jar/org/bytedeco/openblas/linux-x86_64/libopenblas_nolapack.so.0
73e76af02000-73e76af18000 rw-p 01d02000 103:06 10251272                  /home/aleksei/.javacpp/cache/openblas-0.3.13-1.5.5-linux-x86_64.jar/org/bytedeco/openblas/linux-x86_64/libopenblas_nolapack.so.0
73e76af18000-73e76af24000 rw-p 00000000 00:00 0 
73e76b000000-73e76b1a0000 rw-p 00000000 00:00 0 
73e76b1a0000-73e76b400000 ---p 00000000 00:00 0 
73e76b400000-73e76b4a0000 rw-p 00000000 00:00 0 
73e76b4a0000-73e76bac0000 rw-p 00000000 00:00 0 
73e76bac0000-73e76f000000 ---p 00000000 00:00 0 
73e76f000000-73e76fd2e000 rw-p 00001000 103:06 10757205                  /home/aleksei/App/ideaIC-2025.1.2/idea-IC-251.26094.121/jbr/lib/server/classes.jsa
73e76fd2e000-73e770000000 ---p 00000000 00:00 0 
73e770000000-73e770040000 rw-p 00000000 00:00 0 
73e770040000-73e770060000 rw-p 00000000 00:00 0 
73e770060000-73e770080000 ---p 00000000 00:00 0 
73e770080000-73e7700a0000 rw-p 00000000 00:00 0 
73e7700a0000-73e7b0000000 ---p 00000000 00:00 0 
73e7b0000000-73e7b0021000 rw-p 00000000 00:00 0 
73e7b0021000-73e7b4000000 ---p 00000000 00:00 0 
73e7b4000000-73e7b4021000 rw-p 00000000 00:00 0 
73e7b4021000-73e7b8000000 ---p 00000000 00:00 0 
73e7b8000000-73e7b8021000 rw-p 00000000 00:00 0 
73e7b8021000-73e7bc000000 ---p 00000000 00:00 0 
73e7bc0fc000-73e7bc0fd000 ---p 00000000 00:00 0 
73e7bc0fd000-73e7bc101000 ---p 00000000 00:00 0 
73e7bc101000-73e7bc1fd000 rw-p 00000000 00:00 0 
73e7bc1fd000-73e7bc1fe000 ---p 00000000 00:00 0 
73e7bc1fe000-73e7bc202000 ---p 00000000 00:00 0 
73e7bc202000-73e7bc2fe000 rw-p 00000000 00:00 0 
73e7bc2fe000-73e7bc2ff000 ---p 00000000 00:00 0 
73e7bc2ff000-73e7bc303000 ---p 00000000 00:00 0 
73e7bc303000-73e7bc3ff000 rw-p 00000000 00:00 0 
73e7bc3ff000-73e7bc400000 ---p 00000000 00:00 0 
73e7bc400000-73e7bcc00000 rw-p 00000000 00:00 0 
73e7bcc00000-73e7bcd6c000 r-xp 00000000 103:06 10250393                  /home/aleksei/.javacpp/cache/openblas-0.3.13-1.5.5-linux-x86_64.jar/org/bytedeco/openblas/linux-x86_64/libgfortran.so.4
73e7bcd6c000-73e7bcf6b000 ---p 0016c000 103:06 10250393                  /home/aleksei/.javacpp/cache/openblas-0.3.13-1.5.5-linux-x86_64.jar/org/bytedeco/openblas/linux-x86_64/libgfortran.so.4
73e7bcf6b000-73e7bcf6e000 rw-p 0016b000 103:06 10250393                  /home/aleksei/.javacpp/cache/openblas-0.3.13-1.5.5-linux-x86_64.jar/org/bytedeco/openblas/linux-x86_64/libgfortran.so.4
73e7bd000000-73e7bd01c000 r--p 00000000 103:06 12063993                  /usr/lib/libgfortran.so.5.0.0
73e7bd01c000-73e7bd2f9000 r-xp 0001c000 103:06 12063993                  /usr/lib/libgfortran.so.5.0.0
73e7bd2f9000-73e7bd323000 r--p 002f9000 103:06 12063993                  /usr/lib/libgfortran.so.5.0.0
73e7bd323000-73e7bd325000 r--p 00323000 103:06 12063993                  /usr/lib/libgfortran.so.5.0.0
73e7bd325000-73e7bd326000 rw-p 00325000 103:06 12063993                  /usr/lib/libgfortran.so.5.0.0
73e7bd400000-73e7bd43f000 r-xp 00000000 103:06 10250391                  /home/aleksei/.javacpp/cache/openblas-0.3.13-1.5.5-linux-x86_64.jar/org/bytedeco/openblas/linux-x86_64/libquadmath.so.0
73e7bd43f000-73e7bd63e000 ---p 0003f000 103:06 10250391                  /home/aleksei/.javacpp/cache/openblas-0.3.13-1.5.5-linux-x86_64.jar/org/bytedeco/openblas/linux-x86_64/libquadmath.so.0
73e7bd63e000-73e7bd63f000 rw-p 0003e000 103:06 10250391                  /home/aleksei/.javacpp/cache/openblas-0.3.13-1.5.5-linux-x86_64.jar/org/bytedeco/openblas/linux-x86_64/libquadmath.so.0
73e7bd6ff000-73e7bd700000 ---p 00000000 00:00 0 
73e7bd700000-73e7bd800000 rw-p 00000000 00:00 0 
73e7bd800000-73e7bd816000 r-xp 00000000 103:06 10250389                  /home/aleksei/.javacpp/cache/openblas-0.3.13-1.5.5-linux-x86_64.jar/org/bytedeco/openblas/linux-x86_64/libgcc_s.so.1
73e7bd816000-73e7bda15000 ---p 00016000 103:06 10250389                  /home/aleksei/.javacpp/cache/openblas-0.3.13-1.5.5-linux-x86_64.jar/org/bytedeco/openblas/linux-x86_64/libgcc_s.so.1
73e7bda15000-73e7bda16000 rw-p 00015000 103:06 10250389                  /home/aleksei/.javacpp/cache/openblas-0.3.13-1.5.5-linux-x86_64.jar/org/bytedeco/openblas/linux-x86_64/libgcc_s.so.1
73e7bdaff000-73e7bdb00000 ---p 00000000 00:00 0 
73e7bdb00000-73e7bdc00000 rw-p 00000000 00:00 0 
73e7bdc00000-73e7bdc97000 r--p 00000000 103:06 12065959                  /usr/lib/libstdc++.so.6.0.33
73e7bdc97000-73e7bdde4000 r-xp 00097000 103:06 12065959                  /usr/lib/libstdc++.so.6.0.33
73e7bdde4000-73e7bde74000 r--p 001e4000 103:06 12065959                  /usr/lib/libstdc++.so.6.0.33
73e7bde74000-73e7bde81000 r--p 00274000 103:06 12065959                  /usr/lib/libstdc++.so.6.0.33
73e7bde81000-73e7bde82000 rw-p 00281000 103:06 12065959                  /usr/lib/libstdc++.so.6.0.33
73e7bde82000-73e7bde86000 rw-p 00000000 00:00 0 
73e7bdeff000-73e7bdf00000 ---p 00000000 00:00 0 
73e7bdf00000-73e7be000000 rw-p 00000000 00:00 0 
73e7be000000-73e7c0021000 rw-p 00000000 00:00 0 
73e7c0021000-73e7c4000000 ---p 00000000 00:00 0 
73e7c4000000-73e7c4021000 rw-p 00000000 00:00 0 
73e7c4021000-73e7c8000000 ---p 00000000 00:00 0 
73e7c8000000-73e7c8021000 rw-p 00000000 00:00 0 
73e7c8021000-73e7cc000000 ---p 00000000 00:00 0 
73e7cc0fd000-73e7cc0fe000 ---p 00000000 00:00 0 
73e7cc0fe000-73e7cc1fe000 rw-p 00000000 00:00 0 
73e7cc1fe000-73e7cc1ff000 ---p 00000000 00:00 0 
73e7cc1ff000-73e7cc203000 ---p 00000000 00:00 0 
73e7cc203000-73e7cc2ff000 rw-p 00000000 00:00 0 
73e7cc2ff000-73e7cc300000 ---p 00000000 00:00 0 
73e7cc300000-73e7cc304000 ---p 00000000 00:00 0 
73e7cc304000-73e7cc400000 rw-p 00000000 00:00 0 
73e7cc400000-73e7cc40d000 r-xp 00000000 103:06 10250383                  /home/aleksei/.javacpp/cache/javacpp-1.5.5-linux-x86_64.jar/org/bytedeco/javacpp/linux-x86_64/libjnijavacpp.so
73e7cc40d000-73e7cc60c000 ---p 0000d000 103:06 10250383                  /home/aleksei/.javacpp/cache/javacpp-1.5.5-linux-x86_64.jar/org/bytedeco/javacpp/linux-x86_64/libjnijavacpp.so
73e7cc60c000-73e7cc60d000 r--p 0000c000 103:06 10250383                  /home/aleksei/.javacpp/cache/javacpp-1.5.5-linux-x86_64.jar/org/bytedeco/javacpp/linux-x86_64/libjnijavacpp.so
73e7cc60d000-73e7cc60e000 rw-p 0000d000 103:06 10250383                  /home/aleksei/.javacpp/cache/javacpp-1.5.5-linux-x86_64.jar/org/bytedeco/javacpp/linux-x86_64/libjnijavacpp.so
73e7cc6f6000-73e7cc6f7000 ---p 00000000 00:00 0 
73e7cc6f7000-73e7cc6fb000 ---p 00000000 00:00 0 
73e7cc6fb000-73e7cc7f7000 rw-p 00000000 00:00 0 
73e7cc7f7000-73e7cc7f8000 ---p 00000000 00:00 0 
73e7cc7f8000-73e7cc7fc000 ---p 00000000 00:00 0 
73e7cc7fc000-73e7cc8f8000 rw-p 00000000 00:00 0 
73e7cc8f8000-73e7cc8f9000 ---p 00000000 00:00 0 
73e7cc8f9000-73e7cc8fd000 ---p 00000000 00:00 0 
73e7cc8fd000-73e7cc9f9000 rw-p 00000000 00:00 0 
73e7cc9f9000-73e7cc9fa000 ---p 00000000 00:00 0 
73e7cc9fa000-73e7cc9fe000 ---p 00000000 00:00 0 
73e7cc9fe000-73e7ccafa000 rw-p 00000000 00:00 0 
73e7ccafa000-73e7ccafb000 ---p 00000000 00:00 0 
73e7ccafb000-73e7ccaff000 ---p 00000000 00:00 0 
73e7ccaff000-73e7ccbfb000 rw-p 00000000 00:00 0 
73e7ccbfb000-73e7ccbfc000 ---p 00000000 00:00 0 
73e7ccbfc000-73e7ccc00000 ---p 00000000 00:00 0 
73e7ccc00000-73e7cccfc000 rw-p 00000000 00:00 0 
73e7cccfc000-73e7cccfd000 ---p 00000000 00:00 0 
73e7cccfd000-73e7ccd01000 ---p 00000000 00:00 0 
73e7ccd01000-73e7ccdfd000 rw-p 00000000 00:00 0 
73e7ccdfd000-73e7ccdfe000 ---p 00000000 00:00 0 
73e7ccdfe000-73e7cce02000 ---p 00000000 00:00 0 
73e7cce02000-73e7ccefe000 rw-p 00000000 00:00 0 
73e7ccefe000-73e7cceff000 ---p 00000000 00:00 0 
73e7cceff000-73e7ccf03000 ---p 00000000 00:00 0 
73e7ccf03000-73e7ccfff000 rw-p 00000000 00:00 0 
73e7ccfff000-73e7cd000000 ---p 00000000 00:00 0 
73e7cd000000-73e7cd004000 ---p 00000000 00:00 0 
73e7cd004000-73e7cd100000 rw-p 00000000 00:00 0 
73e7cd100000-73e7cd4d0000 rw-p 00000000 00:00 0 
73e7cd4d0000-73e7d0df8000 ---p 00000000 00:00 0 
73e7d0df8000-73e7d0e00000 rw-p 00000000 00:00 0 
73e7d0e00000-73e7d1070000 rwxp 00000000 00:00 0 
73e7d1070000-73e7d825f000 ---p 00000000 00:00 0 
73e7d825f000-73e7d858f000 rwxp 00000000 00:00 0 
73e7d858f000-73e7d89a0000 ---p 00000000 00:00 0 
73e7d89a0000-73e7d8c10000 rwxp 00000000 00:00 0 
73e7d8c10000-73e7dfe00000 ---p 00000000 00:00 0 
73e7dfe00000-73e7e3e63000 r--s 00000000 103:06 10757190                  /home/aleksei/App/ideaIC-2025.1.2/idea-IC-251.26094.121/jbr/lib/modules
73e7e3eff000-73e7e3f00000 ---p 00000000 00:00 0 
73e7e3f00000-73e7e3f04000 ---p 00000000 00:00 0 
73e7e3f04000-73e7e4000000 rw-p 00000000 00:00 0 
73e7e4000000-73e7e4a06000 rw-p 00000000 00:00 0 
73e7e4a06000-73e7e8000000 ---p 00000000 00:00 0 
73e7e80fd000-73e7e80fe000 ---p 00000000 00:00 0 
73e7e80fe000-73e7e8102000 ---p 00000000 00:00 0 
73e7e8102000-73e7e81fe000 rw-p 00000000 00:00 0 
73e7e81fe000-73e7e81ff000 ---p 00000000 00:00 0 
73e7e81ff000-73e7e8203000 ---p 00000000 00:00 0 
73e7e8203000-73e7e82ff000 rw-p 00000000 00:00 0 
73e7e82ff000-73e7e8300000 ---p 00000000 00:00 0 
73e7e8300000-73e7e8304000 ---p 00000000 00:00 0 
73e7e8304000-73e7e8400000 rw-p 00000000 00:00 0 
73e7e8400000-73e7e86ef000 r--p 00000000 103:06 12093564                  /usr/lib/locale/locale-archive
73e7e8772000-73e7e8776000 r--p 00000000 103:06 12063952                  /usr/lib/libgcc_s.so.1
73e7e8776000-73e7e879a000 r-xp 00004000 103:06 12063952                  /usr/lib/libgcc_s.so.1
73e7e879a000-73e7e879e000 r--p 00028000 103:06 12063952                  /usr/lib/libgcc_s.so.1
73e7e879e000-73e7e879f000 r--p 0002b000 103:06 12063952                  /usr/lib/libgcc_s.so.1
73e7e879f000-73e7e87a0000 rw-p 0002c000 103:06 12063952                  /usr/lib/libgcc_s.so.1
73e7e87cb000-73e7e87ce000 r--p 00000000 103:06 10757193                  /home/aleksei/App/ideaIC-2025.1.2/idea-IC-251.26094.121/jbr/lib/libnet.so
73e7e87ce000-73e7e87d6000 r-xp 00003000 103:06 10757193                  /home/aleksei/App/ideaIC-2025.1.2/idea-IC-251.26094.121/jbr/lib/libnet.so
73e7e87d6000-73e7e87d8000 r--p 0000b000 103:06 10757193                  /home/aleksei/App/ideaIC-2025.1.2/idea-IC-251.26094.121/jbr/lib/libnet.so
73e7e87d8000-73e7e87d9000 ---p 0000d000 103:06 10757193                  /home/aleksei/App/ideaIC-2025.1.2/idea-IC-251.26094.121/jbr/lib/libnet.so
73e7e87d9000-73e7e87da000 r--p 0000d000 103:06 10757193                  /home/aleksei/App/ideaIC-2025.1.2/idea-IC-251.26094.121/jbr/lib/libnet.so
73e7e87da000-73e7e87db000 rw-p 00000000 00:00 0 
73e7e87db000-73e7e87dc000 ---p 00000000 00:00 0 
73e7e87dc000-73e7e88dc000 rw-p 00000000 00:00 0 
73e7e88dc000-73e7e88dd000 ---p 00000000 00:00 0 
73e7e88dd000-73e7e89dd000 rw-p 00000000 00:00 0 
73e7e8af0000-73e7e8af7000 r--s 00000000 103:06 12093565                  /usr/lib/gconv/gconv-modules.cache
73e7e8af7000-73e7e8c14000 rw-p 00000000 00:00 0 
73e7e8c14000-73e7e8c15000 ---p 00000000 00:00 0 
73e7e8c15000-73e7e8d15000 rw-p 00000000 00:00 0 
73e7e8d15000-73e7e8d16000 ---p 00000000 00:00 0 
73e7e8d16000-73e7e8e16000 rw-p 00000000 00:00 0 
73e7e8e16000-73e7e9b23000 rw-p 00000000 00:00 0 
73e7e9b23000-73e7e9b24000 ---p 00000000 00:00 0 
73e7e9b24000-73e7e9c24000 rw-p 00000000 00:00 0 
73e7e9c24000-73e7e9c25000 ---p 00000000 00:00 0 
73e7e9c25000-73e7e9d25000 rw-p 00000000 00:00 0 
73e7e9d25000-73e7e9d26000 ---p 00000000 00:00 0 
73e7e9d26000-73e7e9e26000 rw-p 00000000 00:00 0 
73e7e9e26000-73e7e9f5b000 rw-p 00000000 00:00 0 
73e7e9f5b000-73e7ea680000 ---p 00000000 00:00 0 
73e7ea680000-73e7ea6fb000 rw-p 00000000 00:00 0 
73e7ea6fb000-73e7eae20000 ---p 00000000 00:00 0 
73e7eae20000-73e7ebb33000 rw-p 00000000 00:00 0 
73e7ebb33000-73e7ebc17000 ---p 00000000 00:00 0 
73e7ebc17000-73e7ebc1c000 rw-p 00000000 00:00 0 
73e7ebc1c000-73e7ebd00000 ---p 00000000 00:00 0 
73e7ebd00000-73e7ebd04000 ---p 00000000 00:00 0 
73e7ebd04000-73e7ebe00000 rw-p 00000000 00:00 0 
73e7ebe00000-73e7ec0a3000 r--p 00000000 103:06 10757202                  /home/aleksei/App/ideaIC-2025.1.2/idea-IC-251.26094.121/jbr/lib/server/libjvm.so
73e7ec0a3000-73e7ecf11000 r-xp 002a3000 103:06 10757202                  /home/aleksei/App/ideaIC-2025.1.2/idea-IC-251.26094.121/jbr/lib/server/libjvm.so
73e7ecf11000-73e7ed1f7000 r--p 01111000 103:06 10757202                  /home/aleksei/App/ideaIC-2025.1.2/idea-IC-251.26094.121/jbr/lib/server/libjvm.so
73e7ed1f7000-73e7ed1f8000 ---p 013f7000 103:06 10757202                  /home/aleksei/App/ideaIC-2025.1.2/idea-IC-251.26094.121/jbr/lib/server/libjvm.so
73e7ed1f8000-73e7ed2cc000 r--p 013f7000 103:06 10757202                  /home/aleksei/App/ideaIC-2025.1.2/idea-IC-251.26094.121/jbr/lib/server/libjvm.so
73e7ed2cc000-73e7ed2fc000 rw-p 014cb000 103:06 10757202                  /home/aleksei/App/ideaIC-2025.1.2/idea-IC-251.26094.121/jbr/lib/server/libjvm.so
73e7ed2fc000-73e7ed372000 rw-p 00000000 00:00 0 
73e7ed374000-73e7ed375000 r--p 00000000 103:06 12191649                  /usr/share/locale/en_GB/LC_MESSAGES/libc.mo
73e7ed375000-73e7ed37c000 r--p 00000000 103:06 10757213                  /home/aleksei/App/ideaIC-2025.1.2/idea-IC-251.26094.121/jbr/lib/libnio.so
73e7ed37c000-73e7ed385000 r-xp 00007000 103:06 10757213                  /home/aleksei/App/ideaIC-2025.1.2/idea-IC-251.26094.121/jbr/lib/libnio.so
73e7ed385000-73e7ed389000 r--p 00010000 103:06 10757213                  /home/aleksei/App/ideaIC-2025.1.2/idea-IC-251.26094.121/jbr/lib/libnio.so
73e7ed389000-73e7ed38a000 ---p 00014000 103:06 10757213                  /home/aleksei/App/ideaIC-2025.1.2/idea-IC-251.26094.121/jbr/lib/libnio.so
73e7ed38a000-73e7ed38b000 r--p 00014000 103:06 10757213                  /home/aleksei/App/ideaIC-2025.1.2/idea-IC-251.26094.121/jbr/lib/libnio.so
73e7ed38b000-73e7ed38c000 rw-p 00015000 103:06 10757213                  /home/aleksei/App/ideaIC-2025.1.2/idea-IC-251.26094.121/jbr/lib/libnio.so
73e7ed38c000-73e7ed38e000 r--p 00000000 103:06 10757174                  /home/aleksei/App/ideaIC-2025.1.2/idea-IC-251.26094.121/jbr/lib/libzip.so
73e7ed38e000-73e7ed392000 r-xp 00002000 103:06 10757174                  /home/aleksei/App/ideaIC-2025.1.2/idea-IC-251.26094.121/jbr/lib/libzip.so
73e7ed392000-73e7ed394000 r--p 00006000 103:06 10757174                  /home/aleksei/App/ideaIC-2025.1.2/idea-IC-251.26094.121/jbr/lib/libzip.so
73e7ed394000-73e7ed395000 r--p 00007000 103:06 10757174                  /home/aleksei/App/ideaIC-2025.1.2/idea-IC-251.26094.121/jbr/lib/libzip.so
73e7ed395000-73e7ed39d000 rw-p 00000000 00:00 0 
73e7ed39d000-73e7ed3a5000 ---p 00000000 00:00 0 
73e7ed3a5000-73e7ed3b2000 r--p 00000000 103:06 10757191                  /home/aleksei/App/ideaIC-2025.1.2/idea-IC-251.26094.121/jbr/lib/libjava.so
73e7ed3b2000-73e7ed3c0000 r-xp 0000d000 103:06 10757191                  /home/aleksei/App/ideaIC-2025.1.2/idea-IC-251.26094.121/jbr/lib/libjava.so
73e7ed3c0000-73e7ed3c5000 r--p 0001b000 103:06 10757191                  /home/aleksei/App/ideaIC-2025.1.2/idea-IC-251.26094.121/jbr/lib/libjava.so
73e7ed3c5000-73e7ed3c6000 ---p 00020000 103:06 10757191                  /home/aleksei/App/ideaIC-2025.1.2/idea-IC-251.26094.121/jbr/lib/libjava.so
73e7ed3c6000-73e7ed3c7000 r--p 00020000 103:06 10757191                  /home/aleksei/App/ideaIC-2025.1.2/idea-IC-251.26094.121/jbr/lib/libjava.so
73e7ed3c7000-73e7ed3c8000 rw-p 00021000 103:06 10757191                  /home/aleksei/App/ideaIC-2025.1.2/idea-IC-251.26094.121/jbr/lib/libjava.so
73e7ed3c8000-73e7ed3c9000 rw-p 00000000 00:00 0 
73e7ed3c9000-73e7ed3d8000 r--p 00000000 103:06 12071231                  /usr/lib/libm.so.6
73e7ed3d8000-73e7ed45e000 r-xp 0000f000 103:06 12071231                  /usr/lib/libm.so.6
73e7ed45e000-73e7ed4bf000 r--p 00095000 103:06 12071231                  /usr/lib/libm.so.6
73e7ed4bf000-73e7ed4c0000 r--p 000f5000 103:06 12071231                  /usr/lib/libm.so.6
73e7ed4c0000-73e7ed4c1000 rw-p 000f6000 103:06 12071231                  /usr/lib/libm.so.6
73e7ed4c1000-73e7ed4c2000 r--p 00000000 103:06 12073204                  /usr/lib/librt.so.1
73e7ed4c2000-73e7ed4c3000 r-xp 00001000 103:06 12073204                  /usr/lib/librt.so.1
73e7ed4c3000-73e7ed4c4000 r--p 00002000 103:06 12073204                  /usr/lib/librt.so.1
73e7ed4c4000-73e7ed4c5000 r--p 00002000 103:06 12073204                  /usr/lib/librt.so.1
73e7ed4c5000-73e7ed4c6000 rw-p 00003000 103:06 12073204                  /usr/lib/librt.so.1
73e7ed4c6000-73e7ed4ca000 rw-p 00000000 00:00 0 
73e7ed4ca000-73e7ed4ee000 r--p 00000000 103:06 12071221                  /usr/lib/libc.so.6
73e7ed4ee000-73e7ed65f000 r-xp 00024000 103:06 12071221                  /usr/lib/libc.so.6
73e7ed65f000-73e7ed6ae000 r--p 00195000 103:06 12071221                  /usr/lib/libc.so.6
73e7ed6ae000-73e7ed6b2000 r--p 001e3000 103:06 12071221                  /usr/lib/libc.so.6
73e7ed6b2000-73e7ed6b4000 rw-p 001e7000 103:06 12071221                  /usr/lib/libc.so.6
73e7ed6b4000-73e7ed6bc000 rw-p 00000000 00:00 0 
73e7ed6bc000-73e7ed6bd000 r--p 00000000 103:06 12071226                  /usr/lib/libdl.so.2
73e7ed6bd000-73e7ed6be000 r-xp 00001000 103:06 12071226                  /usr/lib/libdl.so.2
73e7ed6be000-73e7ed6bf000 r--p 00002000 103:06 12071226                  /usr/lib/libdl.so.2
73e7ed6bf000-73e7ed6c0000 r--p 00002000 103:06 12071226                  /usr/lib/libdl.so.2
73e7ed6c0000-73e7ed6c1000 rw-p 00003000 103:06 12071226                  /usr/lib/libdl.so.2
73e7ed6c1000-73e7ed6c2000 r--p 00000000 103:06 12073198                  /usr/lib/libpthread.so.0
73e7ed6c2000-73e7ed6c3000 r-xp 00001000 103:06 12073198                  /usr/lib/libpthread.so.0
73e7ed6c3000-73e7ed6c4000 r--p 00002000 103:06 12073198                  /usr/lib/libpthread.so.0
73e7ed6c4000-73e7ed6c5000 r--p 00002000 103:06 12073198                  /usr/lib/libpthread.so.0
73e7ed6c5000-73e7ed6c6000 rw-p 00003000 103:06 12073198                  /usr/lib/libpthread.so.0
73e7ed6c6000-73e7ed6c8000 r--p 00000000 103:06 10757047                  /home/aleksei/App/ideaIC-2025.1.2/idea-IC-251.26094.121/jbr/lib/libjli.so
73e7ed6c8000-73e7ed6d2000 r-xp 00002000 103:06 10757047                  /home/aleksei/App/ideaIC-2025.1.2/idea-IC-251.26094.121/jbr/lib/libjli.so
73e7ed6d2000-73e7ed6d5000 r--p 0000c000 103:06 10757047                  /home/aleksei/App/ideaIC-2025.1.2/idea-IC-251.26094.121/jbr/lib/libjli.so
73e7ed6d5000-73e7ed6d6000 ---p 0000f000 103:06 10757047                  /home/aleksei/App/ideaIC-2025.1.2/idea-IC-251.26094.121/jbr/lib/libjli.so
73e7ed6d6000-73e7ed6d7000 r--p 0000f000 103:06 10757047                  /home/aleksei/App/ideaIC-2025.1.2/idea-IC-251.26094.121/jbr/lib/libjli.so
73e7ed6d7000-73e7ed6d8000 rw-p 00010000 103:06 10757047                  /home/aleksei/App/ideaIC-2025.1.2/idea-IC-251.26094.121/jbr/lib/libjli.so
73e7ed6d8000-73e7ed6db000 r--p 00000000 103:06 12066069                  /usr/lib/libz.so.1.3.1
73e7ed6db000-73e7ed6e9000 r-xp 00003000 103:06 12066069                  /usr/lib/libz.so.1.3.1
73e7ed6e9000-73e7ed6ef000 r--p 00011000 103:06 12066069                  /usr/lib/libz.so.1.3.1
73e7ed6ef000-73e7ed6f0000 r--p 00017000 103:06 12066069                  /usr/lib/libz.so.1.3.1
73e7ed6f0000-73e7ed6f1000 rw-p 00018000 103:06 12066069                  /usr/lib/libz.so.1.3.1
73e7ed6f1000-73e7ed6f9000 rw-s 00000000 00:24 82                         /tmp/hsperfdata_aleksei/14674
73e7ed6f9000-73e7ed6fa000 ---p 00000000 00:00 0 
73e7ed6fa000-73e7ed6fb000 r--p 00000000 00:00 0 
73e7ed6fb000-73e7ed6fc000 ---p 00000000 00:00 0 
73e7ed6fc000-73e7ed6ff000 r--p 00000000 103:06 10757054                  /home/aleksei/App/ideaIC-2025.1.2/idea-IC-251.26094.121/jbr/lib/libjimage.so
73e7ed6ff000-73e7ed713000 r-xp 00003000 103:06 10757054                  /home/aleksei/App/ideaIC-2025.1.2/idea-IC-251.26094.121/jbr/lib/libjimage.so
73e7ed713000-73e7ed719000 r--p 00017000 103:06 10757054                  /home/aleksei/App/ideaIC-2025.1.2/idea-IC-251.26094.121/jbr/lib/libjimage.so
73e7ed719000-73e7ed71b000 r--p 0001c000 103:06 10757054                  /home/aleksei/App/ideaIC-2025.1.2/idea-IC-251.26094.121/jbr/lib/libjimage.so
73e7ed71b000-73e7ed71c000 rw-p 0001e000 103:06 10757054                  /home/aleksei/App/ideaIC-2025.1.2/idea-IC-251.26094.121/jbr/lib/libjimage.so
73e7ed71c000-73e7ed71e000 rw-p 00000000 00:00 0 
73e7ed71e000-73e7ed722000 r--p 00000000 00:00 0                          [vvar]
73e7ed722000-73e7ed724000 r-xp 00000000 00:00 0                          [vdso]
73e7ed724000-73e7ed725000 r--p 00000000 103:06 12071212                  /usr/lib/ld-linux-x86-64.so.2
73e7ed725000-73e7ed74e000 r-xp 00001000 103:06 12071212                  /usr/lib/ld-linux-x86-64.so.2
73e7ed74e000-73e7ed759000 r--p 0002a000 103:06 12071212                  /usr/lib/ld-linux-x86-64.so.2
73e7ed759000-73e7ed75b000 r--p 00034000 103:06 12071212                  /usr/lib/ld-linux-x86-64.so.2
73e7ed75b000-73e7ed75c000 rw-p 00036000 103:06 12071212                  /usr/lib/ld-linux-x86-64.so.2
73e7ed75c000-73e7ed75d000 rw-p 00000000 00:00 0 
7ffe40b97000-7ffe40bba000 rw-p 00000000 00:00 0                          [stack]
ffffffffff600000-ffffffffff601000 --xp 00000000 00:00 0                  [vsyscall]
Total number of mappings: 442


VM Arguments:
jvm_args: -Dfile.encoding=UTF-8 -Duser.country=GB -Duser.language=en -Duser.variant -Dawt.toolkit.name=XToolkit 
java_command: core.App
java_class_path (initial): /home/aleksei/Documents/spbu_study/pconv/build/classes/java/main:/home/aleksei/Documents/spbu_study/pconv/build/resources/main:/home/aleksei/.gradle/caches/modules-2/files-2.1/org.bytedeco/opencv-platform/4.5.1-1.5.5/d95b9cb9b23f3b2f3f186068777062d28430ea55/opencv-platform-4.5.1-1.5.5.jar:/home/aleksei/.gradle/caches/modules-2/files-2.1/org.bytedeco/openblas-platform/0.3.13-1.5.5/d79835fa1be959dca3b11f22c4f8bb7293cd4179/openblas-platform-0.3.13-1.5.5.jar:/home/aleksei/.gradle/caches/modules-2/files-2.1/org.bytedeco/opencv/4.5.1-1.5.5/fb962fa32b97d7cae58c840a009e1e25e8a9efb9/opencv-4.5.1-1.5.5.jar:/home/aleksei/.gradle/caches/modules-2/files-2.1/org.bytedeco/opencv/4.5.1-1.5.5/63b92909abf966336eb20c00ff8f9da178f3a088/opencv-4.5.1-1.5.5-android-arm.jar:/home/aleksei/.gradle/caches/modules-2/files-2.1/org.bytedeco/opencv/4.5.1-1.5.5/dc132fff689ce5da1a2d244f6060ee919f142941/opencv-4.5.1-1.5.5-android-arm64.jar:/home/aleksei/.gradle/caches/modules-2/files-2.1/org.bytedeco/opencv/4.5.1-1.5.5/7d2a61b3329291e770d2d607f0376c506119ba50/opencv-4.5.1-1.5.5-android-x86.jar:/home/aleksei/.gradle/caches/modules-2/files-2.1/org.bytedeco/opencv/4.5.1-1.5.5/7a9ec115628f1b996e5cc1e27d503030d8f00407/opencv-4.5.1-1.5.5-android-x86_64.jar:/home/aleksei/.gradle/caches/modules-2/files-2.1/org.bytedeco/opencv/4.5.1-1.5.5/73a7cdd7c572a170c7d14d63eb9549e5b2a79323/opencv-4.5.1-1.5.5-ios-arm64.jar:/home/aleksei/.gradle/caches/modules-2/files-2.1/org.bytedeco/opencv/4.5.1-1.5.5/553e06bebc01739f9da600448377c998c450a283/opencv-4.5.1-1.5.5-ios-x86_64.jar:/home/aleksei/.gradle/caches/modules-2/files-2.1/org.bytedeco/opencv/4.5.1-1.5.5/fb8b3d1467046bac24508405acabc3db0643d581/opencv-4.5.1-1.5.5-linux-x86.jar:/home/aleksei/.gradle/caches/modules-2/files-2.1/org.bytedeco/opencv/4.5.1-1.5.5/25b04906df9c60ae57ea8c45012cb20d36086299/opencv-4.5.1-1.5.5-linux-x86_64.jar:/home/aleksei/.gradle/caches/modules-2/files-2.1/org.bytedeco/opencv/4.5.1-1.5.5/d938362aa23446abe36a3e274816f42601467a4f/opencv-4.5.1-1.5.5-linux-armhf.jar:/home/aleksei/.gradle/caches/modules-2/files-2.1/org.bytedeco/opencv/4.5.1-1.5.5/4a0c4355ad2d8e321440245250b62da515f3ae14/opencv-4.5.1-1.5.5-linux-arm64.jar:/home/aleksei/.gradle/caches/modules-2/files-2.1/org.bytedeco/opencv/4.5.1-1.5.5/b813303169072935cb14fb5987ecc8f92e1eae34/opencv-4.5.1-1.5.5-linux-ppc64le.jar:/home/aleksei/.gradle/caches/modules-2/files-2.1/org.bytedeco/opencv/4.5.1-1.5.5/a079d9d2aff9af6e11456e071fc2e122cbd8d94b/opencv-4.5.1-1.5.5-macosx-x86_64.jar:/home/aleksei/.gradle/caches/modules-2/files-2.1/org.bytedeco/opencv/4.5.1-1.5.5/6aa51b0161dfdfde81e43015042447da868a834c/opencv-4.5.1-1.5.5-windows-x86.jar:/home/aleksei/.gradle/caches/modules-2/files-2.1/org.bytedeco/opencv/4.5.1-1.5.5/33097aa8cb366539340e5e9fd2ef36ea1303ad65/opencv-4.5.1-1.5.5-windows-x86_64.jar:/home/aleksei/.gradle/caches/modules-2/files-2.1/org.bytedeco/javacpp-platform/1.5.5/ce1aae20dac967f042cd30d78e61c55af8477852/javacpp-platform-1.5.5.jar:/home/aleksei/.gradle/caches/modules-2/files-2.1/org.bytedeco/openblas/0.3.13-1.5.5/9dcba9271c67a29d273277ce44b1b91e7240754b/openblas-0.3.13-1.5.5.jar:/home/aleksei/.gradle/caches/modules-2/files-2.1/org.bytedeco/openblas/0.3.13-1.5.5/2ec94abc15c4343c1a1aac22ec506428ba2de0a8/openblas-0.3.13-1.5.5-android-arm.jar:/home/aleksei/.gradle/caches/modules-2/files-2.1/org.bytedeco/openblas/0.3.13-1.5.5/f89e3bf3da02cfea77828873a3e4cf6cf481136c/openblas-0.3.13-1.5.5-android-arm64.jar:/home/aleksei/.gradle/caches/modules-2/files-2.1/org.bytedeco/openblas/0.3.13-1.5.5/12b9d8fdab5894901c3ca75c37bcb4dfab8dbbba/openblas-0.3.13-1.5.5-android-x86.jar:/home/aleksei/.gradle/caches/modules-2/files-2.1/org.bytedeco/openblas/0.3.13-1.5.5/c4fcdf66d92dd4f2da7e2ad61df8c21130c622df/openblas-0.3.13-1.5.5-android-x86_64.jar:/home/aleksei/.gradle/caches/modules-2/files-2.1/org.bytedeco/openblas/0.3.13-1.5.5/6e4a768da2bf4c9979ed688a0f9b1afa25831ebb/openblas-0.3.13-1.5.5-ios-arm64.jar:/home/aleksei/.gradle/caches/modules-2/files-2.1/org.bytedeco/openblas/0.3.13-1.5.5/a065f80bd93d871cc4ce67e241987055af3edd00/openblas-0.3.13-1.5.5-ios-x86_64.jar:/home/aleksei/.gradle/caches/modules-2/files-2.1/org.bytedeco/openblas/0.3.13-1.5.5/7e534273ba7ecbe50c9ffa66363e83299ad6501f/openblas-0.3.13-1.5.5-linux-x86.jar:/home/aleksei/.gradle/caches/modules-2/files-2.1/org.bytedeco/openblas/0.3.13-1.5.5/80fbca129017f61f5767291da018b394f9a2dec3/openblas-0.3.13-1.5.5-linux-x86_64.jar:/home/aleksei/.gradle/caches/modules-2/files-2.1/org.bytedeco/openblas/0.3.13-1.5.5/25917895cc4d047728ce0f6edd010507123d16b3/openblas-0.3.13-1.5.5-linux-armhf.jar:/home/aleksei/.gradle/caches/modules-2/files-2.1/org.bytedeco/openblas/0.3.13-1.5.5/9084552cec07acaf2bc2889a4eaebed8bc48c8bc/openblas-0.3.13-1.5.5-linux-arm64.jar:/home/aleksei/.gradle/caches/modules-2/files-2.1/org.bytedeco/openblas/0.3.13-1.5.5/89146e024449ecf692aa17ae5fa2e90655aff33b/openblas-0.3.13-1.5.5-linux-ppc64le.jar:/home/aleksei/.gradle/caches/modules-2/files-2.1/org.bytedeco/openblas/0.3.13-1.5.5/e67413c8a139b87d8c6356549299bdc2343d7305/openblas-0.3.13-1.5.5-macosx-x86_64.jar:/home/aleksei/.gradle/caches/modules-2/files-2.1/org.bytedeco/openblas/0.3.13-1.5.5/f6f21392676ca7767e79a2db51dc4f66670148c6/openblas-0.3.13-1.5.5-windows-x86.jar:/home/aleksei/.gradle/caches/modules-2/files-2.1/org.bytedeco/openblas/0.3.13-1.5.5/67cf9aff479b0b153df1ab0387161f0a25d8b91f/openblas-0.3.13-1.5.5-windows-x86_64.jar:/home/aleksei/.gradle/caches/modules-2/files-2.1/org.bytedeco/javacpp/1.5.5/92e1c31aaed15a3dc12008859a37ced45fa0b730/javacpp-1.5.5.jar:/home/aleksei/.gradle/caches/modules-2/files-2.1/org.bytedeco/javacpp/1.5.5/3f4103dbc532617a91c176027bd2b52bd95a8929/javacpp-1.5.5-android-arm.jar:/home/aleksei/.gradle/caches/modules-2/files-2.1/org.bytedeco/javacpp/1.5.5/594f1483d24d1a489de29cf7b16cc19b60dbd9f0/javacpp-1.5.5-android-arm64.jar:/home/aleksei/.gradle/caches/modules-2/files-2.1/org.bytedeco/javacpp/1.5.5/42374db77c7c7f1d8620a85c26fbbc14b9c8bcd4/javacpp-1.5.5-android-x86.jar:/home/aleksei/.gradle/caches/modules-2/files-2.1/org.bytedeco/javacpp/1.5.5/82d31939f4ebd6ab9f8e547830ef721340c7c1b7/javacpp-1.5.5-android-x86_64.jar:/home/aleksei/.gradle/caches/modules-2/files-2.1/org.bytedeco/javacpp/1.5.5/9b22365a060f2e3b5bec2ff5f5f6d75ea2962eef/javacpp-1.5.5-ios-arm64.jar:/home/aleksei/.gradle/caches/modules-2/files-2.1/org.bytedeco/javacpp/1.5.5/ee20a88e18d635cc62869a20204e37cc68f6efe4/javacpp-1.5.5-ios-x86_64.jar:/home/aleksei/.gradle/caches/modules-2/files-2.1/org.bytedeco/javacpp/1.5.5/d45afe724f6c373c8070ecd3e955858dc9bbd544/javacpp-1.5.5-linux-armhf.jar:/home/aleksei/.gradle/caches/modules-2/files-2.1/org.bytedeco/javacpp/1.5.5/7397da1ad8ed5a08e8f6d389452ee0fb19bf2bcc/javacpp-1.5.5-linux-arm64.jar:/home/aleksei/.gradle/caches/modules-2/files-2.1/org.bytedeco/javacpp/1.5.5/59e6cae70d93093c8f8909f563f1360c44789c3b/javacpp-1.5.5-linux-ppc64le.jar:/home/aleksei/.gradle/caches/modules-2/files-2.1/org.bytedeco/javacpp/1.5.5/262e581c536a83501f10ddfdcc0f2e83a1a60e10/javacpp-1.5.5-linux-x86.jar:/home/aleksei/.gradle/caches/modules-2/files-2.1/org.bytedeco/javacpp/1.5.5/e5f16ef28a056fe6c0f1c26a6a02f2dc94ce0693/javacpp-1.5.5-linux-x86_64.jar:/home/aleksei/.gradle/caches/modules-2/files-2.1/org.bytedeco/javacpp/1.5.5/1ed7d9a0059182448149115cf13842e83533cfa/javacpp-1.5.5-macosx-arm64.jar:/home/aleksei/.gradle/caches/modules-2/files-2.1/org.bytedeco/javacpp/1.5.5/3525246f3ef45f824fa04004c370f35589730398/javacpp-1.5.5-macosx-x86_64.jar:/home/aleksei/.gradle/caches/modules-2/files-2.1/org.bytedeco/javacpp/1.5.5/9d6da1103af76d7f21c6f644862ab26035c0e05/javacpp-1.5.5-windows-x86.jar:/home/aleksei/.gradle/caches/modules-2/files-2.1/org.bytedeco/javacpp/1.5.5/bdcd2b6a12b6222c50edfbf6e1f46e37ffff73bf/javacpp-1.5.5-windows-x86_64.jar
Launcher Type: SUN_STANDARD

[Global flags]
     intx CICompilerCount                          = 12                                        {product} {ergonomic}
     uint ConcGCThreads                            = 3                                         {product} {ergonomic}
     uint G1ConcRefinementThreads                  = 13                                        {product} {ergonomic}
   size_t G1HeapRegionSize                         = 2097152                                   {product} {ergonomic}
    uintx GCDrainStackTargetSize                   = 64                                        {product} {ergonomic}
   size_t InitialHeapSize                          = 255852544                                 {product} {ergonomic}
   size_t MarkStackSize                            = 4194304                                   {product} {ergonomic}
   size_t MaxHeapSize                              = 4093640704                                {product} {ergonomic}
   size_t MaxNewSize                               = 2455764992                                {product} {ergonomic}
   size_t MinHeapDeltaBytes                        = 2097152                                   {product} {ergonomic}
   size_t MinHeapSize                              = 8388608                                   {product} {ergonomic}
    uintx NonNMethodCodeHeapSize                   = 7602480                                {pd product} {ergonomic}
    uintx NonProfiledCodeHeapSize                  = 122027880                              {pd product} {ergonomic}
    uintx ProfiledCodeHeapSize                     = 122027880                              {pd product} {ergonomic}
    uintx ReservedCodeCacheSize                    = 251658240                              {pd product} {ergonomic}
     bool SegmentedCodeCache                       = true                                      {product} {ergonomic}
   size_t SoftMaxHeapSize                          = 4093640704                             {manageable} {ergonomic}
     bool UseCompressedOops                        = true                           {product lp64_product} {ergonomic}
     bool UseG1GC                                  = true                                      {product} {ergonomic}

Logging:
Log output configuration:
 #0: stdout all=warning uptime,level,tags foldmultilines=false
 #1: stderr all=off uptime,level,tags foldmultilines=false

Environment Variables:
PATH=/home/aleksei/.local/bin:/usr/local/bin:/usr/bin:/usr/local/sbin:/usr/lib/jvm/default/bin:/usr/bin/site_perl:/usr/bin/vendor_perl:/usr/bin/core_perl:/usr/lib/rustup/bin
USERNAME=aleksei
SHELL=/bin/bash
DISPLAY=:0
LANG=en_GB.UTF-8
LC_NUMERIC=ru_RU.UTF-8
LC_TIME=ru_RU.UTF-8

Active Locale:
LC_ALL=LC_CTYPE=en_GB.UTF-8;LC_NUMERIC=ru_RU.UTF-8;LC_TIME=ru_RU.UTF-8;LC_COLLATE=en_GB.UTF-8;LC_MONETARY=ru_RU.UTF-8;LC_MESSAGES=en_GB.UTF-8;LC_PAPER=ru_RU.UTF-8;LC_NAME=ru_RU.UTF-8;LC_ADDRESS=ru_RU.UTF-8;LC_TELEPHONE=ru_RU.UTF-8;LC_MEASUREMENT=ru_RU.UTF-8;LC_IDENTIFICATION=ru_RU.UTF-8
LC_COLLATE=en_GB.UTF-8
LC_CTYPE=en_GB.UTF-8
LC_MESSAGES=en_GB.UTF-8
LC_MONETARY=ru_RU.UTF-8
LC_NUMERIC=ru_RU.UTF-8
LC_TIME=ru_RU.UTF-8

Signal Handlers:
   SIGSEGV: crash_handler in libjvm.so, mask=11100100010111111101111111111110, flags=SA_RESTART|SA_SIGINFO, unblocked
    SIGBUS: crash_handler in libjvm.so, mask=11100100010111111101111111111110, flags=SA_RESTART|SA_SIGINFO, unblocked
    SIGFPE: crash_handler in libjvm.so, mask=11100100010111111101111111111110, flags=SA_RESTART|SA_SIGINFO, unblocked
   SIGPIPE: javaSignalHandler in libjvm.so, mask=11100100010111111101111111111110, flags=SA_RESTART|SA_SIGINFO, blocked
   SIGXFSZ: javaSignalHandler in libjvm.so, mask=11100100010111111101111111111110, flags=SA_RESTART|SA_SIGINFO, blocked
    SIGILL: crash_handler in libjvm.so, mask=11100100010111111101111111111110, flags=SA_RESTART|SA_SIGINFO, unblocked
   SIGUSR2: SR_handler in libjvm.so, mask=00000000000000000000000000000000, flags=SA_RESTART|SA_SIGINFO, blocked
    SIGHUP: UserHandler in libjvm.so, mask=11100100010111111101111111111110, flags=SA_RESTART|SA_SIGINFO, blocked
    SIGINT: UserHandler in libjvm.so, mask=11100100010111111101111111111110, flags=SA_RESTART|SA_SIGINFO, blocked
   SIGTERM: UserHandler in libjvm.so, mask=11100100010111111101111111111110, flags=SA_RESTART|SA_SIGINFO, blocked
   SIGQUIT: UserHandler in libjvm.so, mask=11100100010111111101111111111110, flags=SA_RESTART|SA_SIGINFO, blocked
   SIGTRAP: crash_handler in libjvm.so, mask=11100100010111111101111111111110, flags=SA_RESTART|SA_SIGINFO, unblocked


Periodic native trim disabled

JNI global refs:
JNI global refs: 17, weak refs: 754

JNI global refs memory usage: 859, weak refs: 7873

Process memory usage:
Resident Set Size: 216284K (1% of 15984600K total physical memory with 7957252K free physical memory)

OOME stack traces (most recent first):
Classloader memory used:
Loader jdk.internal.loader.ClassLoaders$AppClassLoader                                 : 7147K
Loader bootstrap                                                                       : 1799K
Loader jdk.internal.loader.ClassLoaders$PlatformClassLoader                            : 19496B

---------------  S Y S T E M  ---------------

OS:
DISTRIB_ID="ManjaroLinux"
DISTRIB_RELEASE="25.0.0"
DISTRIB_CODENAME="Zetar"
DISTRIB_DESCRIPTION="Manjaro Linux"
uname: Linux 6.12.21-4-MANJARO #1 SMP PREEMPT_DYNAMIC Tue, 01 Apr 2025 18:45:30 +0000 x86_64
OS uptime: 0 days 1:27 hours
libc: glibc 2.41 NPTL 2.41 
rlimit (soft/hard): STACK 8192k/infinity , CORE infinity/infinity , NPROC 61811/61811 , NOFILE 524288/524288 , AS infinity/infinity , CPU infinity/infinity , DATA infinity/infinity , FSIZE infinity/infinity , MEMLOCK 8192k/8192k
load average: 0,75 0,71 0,61

/proc/meminfo:
MemTotal:       15984600 kB
MemFree:         4389380 kB
MemAvailable:    7957252 kB
Buffers:          179752 kB
Cached:          4325336 kB
SwapCached:            0 kB
Active:          8003704 kB
Inactive:        1712132 kB
Active(anon):    6068400 kB
Inactive(anon):        0 kB
Active(file):    1935304 kB
Inactive(file):  1712132 kB
Unevictable:      757488 kB
Mlocked:              32 kB
SwapTotal:       4194300 kB
SwapFree:        4194300 kB
Zswap:                 0 kB
Zswapped:              0 kB
Dirty:               236 kB
Writeback:             0 kB
AnonPages:       5717800 kB
Mapped:          1604088 kB
Shmem:            858004 kB
KReclaimable:     265364 kB
Slab:             453500 kB
SReclaimable:     265364 kB
SUnreclaim:       188136 kB
KernelStack:       26784 kB
PageTables:        48568 kB
SecPageTables:      2080 kB
NFS_Unstable:          0 kB
Bounce:                0 kB
WritebackTmp:          0 kB
CommitLimit:    12186600 kB
Committed_AS:   18871296 kB
VmallocTotal:   34359738367 kB
VmallocUsed:      173212 kB
VmallocChunk:          0 kB
Percpu:            12096 kB
HardwareCorrupted:     0 kB
AnonHugePages:   2383872 kB
ShmemHugePages:   692224 kB
ShmemPmdMapped:        0 kB
FileHugePages:    575488 kB
FilePmdMapped:    342016 kB
CmaTotal:              0 kB
CmaFree:               0 kB
Unaccepted:            0 kB
HugePages_Total:       0
HugePages_Free:        0
HugePages_Rsvd:        0
HugePages_Surp:        0
Hugepagesize:       2048 kB
Hugetlb:               0 kB
DirectMap4k:     1037044 kB
DirectMap2M:    15349760 kB
DirectMap1G:           0 kB

/sys/kernel/mm/transparent_hugepage/enabled: [always] madvise never
/sys/kernel/mm/transparent_hugepage/hpage_pmd_size: 2097152
/sys/kernel/mm/transparent_hugepage/defrag (defrag/compaction efforts parameter): always defer defer+madvise [madvise] never

Process Memory:
Virtual Size: 12001520K (peak: 12001520K)
Resident Set Size: 216284K (peak: 221988K) (anon: 178216K, file: 38068K, shmem: 0K)
Swapped out: 0K
C-Heap outstanding allocations: 47729K, retained: 58262K
glibc malloc tunables: (default)

/proc/sys/kernel/threads-max (system-wide limit on the number of threads): 123623
/proc/sys/vm/max_map_count (maximum number of memory map areas a process may have): 1048576
/proc/sys/vm/swappiness (control to define how aggressively the kernel swaps out anonymous memory): 60
/proc/sys/kernel/pid_max (system-wide limit on number of process identifiers): 4194304

container information not found.
Steal ticks since vm start: 0
Steal ticks percentage since vm start:  0,000

CPU: total 16 (initial active 16) (8 cores per cpu, 2 threads per core) family 6 model 154 stepping 3 microcode 0x436, cx8, cmov, fxsr, ht, mmx, 3dnowpref, sse, sse2, sse3, ssse3, sse4.1, sse4.2, popcnt, lzcnt, tsc, tscinvbit, avx, avx2, aes, erms, clmul, bmi1, bmi2, adx, sha, fma, vzeroupper, clflush, clflushopt, clwb, serialize, rdtscp, rdpid, fsrm, f16c, pku, ospke, cet_ibt, cet_ss
CPU Model and flags from /proc/cpuinfo:
model name	: 12th Gen Intel(R) Core(TM) i7-12650H
flags		: fpu vme de pse tsc msr pae mce cx8 apic sep mtrr pge mca cmov pat pse36 clflush dts acpi mmx fxsr sse sse2 ss ht tm pbe syscall nx pdpe1gb rdtscp lm constant_tsc art arch_perfmon pebs bts rep_good nopl xtopology nonstop_tsc cpuid aperfmperf tsc_known_freq pni pclmulqdq dtes64 monitor ds_cpl vmx smx est tm2 ssse3 sdbg fma cx16 xtpr pdcm pcid sse4_1 sse4_2 x2apic movbe popcnt tsc_deadline_timer aes xsave avx f16c rdrand lahf_lm abm 3dnowprefetch cpuid_fault epb ssbd ibrs ibpb stibp ibrs_enhanced tpr_shadow flexpriority ept vpid ept_ad fsgsbase tsc_adjust bmi1 avx2 smep bmi2 erms invpcid rdseed adx smap clflushopt clwb intel_pt sha_ni xsaveopt xsavec xgetbv1 xsaves split_lock_detect user_shstk avx_vnni dtherm ida arat pln pts hwp hwp_notify hwp_act_window hwp_epp hwp_pkg_req hfi vnmi umip pku ospke waitpkg gfni vaes vpclmulqdq rdpid movdiri movdir64b fsrm md_clear serialize arch_lbr ibt flush_l1d arch_capabilities

Online cpus: 0-15
Offline cpus: 
BIOS frequency limitation: <Not Available>
Frequency switch latency (ns): 0
Available cpu frequencies: <Not Available>
Current governor: powersave
Core performance/turbo boost: <Not Available>

Memory: 4k page, physical 15984600k(7957252k free), swap 4194300k(4194300k free)
Page Sizes: 4k

vm_info: OpenJDK 64-Bit Server VM (21.0.7+9-b895.130) for linux-amd64 JRE (21.0.7+9-b895.130), built on 2025-05-13 by "builduser" with gcc 10.2.1 20210130 (Red Hat 10.2.1-11.1.0.1)

END.
