#
# A fatal error has been detected by the Java Runtime Environment:
#
#  SIGSEGV (0xb) at pc=0x00007f06d443a799, pid=69918, tid=69921
#
# JRE version: OpenJDK Runtime Environment JBR-21.0.7+9-895.130-jcef (21.0.7+9) (build 21.0.7+9-b895.130)
# Java VM: OpenJDK 64-Bit Server VM JBR-21.0.7+9-895.130-jcef (21.0.7+9-b895.130, mixed mode, sharing, tiered, compressed oops, compressed class ptrs, g1 gc, linux-amd64)
# Problematic frame:
# C  [libjniopenblas_nolapack.so+0x3a799]  Java_org_bytedeco_javacpp_BytePointer_put__JB+0x49
#
# Core dump will be written. Default location: Core dumps may be processed with "/usr/lib/systemd/systemd-coredump %P %u %g %s %t %c %h" (or dumping to /home/aleksei/Documents/spbu_study/pconv/core.69918)
#
# If you would like to submit a bug report, please visit:
#   https://youtrack.jetbrains.com/issues/JBR
# The crash happened outside the Java Virtual Machine in native code.
# See problematic frame for where to report the bug.
#

---------------  S U M M A R Y ------------

Command Line: -Dfile.encoding=UTF-8 -Duser.country=GB -Duser.language=en -Duser.variant -Dawt.toolkit.name=XToolkit core.App

Host: 12th Gen Intel(R) Core(TM) i7-12650H, 16 cores, 15G, Manjaro Linux
Time: Thu Jun 12 19:36:25 2025 MSK elapsed time: 14.280799 seconds (0d 0h 0m 14s)

---------------  T H R E A D  ---------------

Current thread (0x00007f079402cf30):  JavaThread "main"             [_thread_in_native, id=69921, stack(0x00007f0798d00000,0x00007f0798e00000) (1024K)]

Stack: [0x00007f0798d00000,0x00007f0798e00000],  sp=0x00007f0798dfe800,  free space=1018k
Native frames: (J=compiled Java code, j=interpreted, Vv=VM code, C=native code)
C  [libjniopenblas_nolapack.so+0x3a799]  Java_org_bytedeco_javacpp_BytePointer_put__JB+0x49
Java frames: (J=compiled Java code, j=interpreted, Vv=VM code)
J 1157  org.bytedeco.javacpp.BytePointer.put(JB)Lorg/bytedeco/javacpp/BytePointer; (0 bytes) @ 0x00007f0788a59e70 [0x00007f0788a59e20+0x0000000000000050]
J 1169% c2 core.convoulter.Convoluter.MakeConvolution(Lcore/convoulter/Filter;)V (220 bytes) @ 0x00007f0788a5b228 [0x00007f0788a5af40+0x00000000000002e8]
j  core.convoulter.Convoluter.convolution(Lcore/console/FilterType;)V+58
j  core.App.main([Ljava/lang/String;)V+118
v  ~StubRoutines::call_stub 0x00007f078825fcc6

siginfo: si_signo: 11 (SIGSEGV), si_code: 2 (SEGV_ACCERR), si_addr: 0x00007f05cc400040

Registers:
RAX=0x00007f0798dfe830, RBX=0x00007f0798dfe830, RCX=0x0000000000000041, RDX=0x0000000000000062
RSP=0x00007f0798dfe800, RBP=0x00007f079402d2e8, RSI=0x00007f0798dfe830, RDI=0x00007f079402d2e8
R8 =0x000000071200f0a8, R9 =0x000000071af880b8, R10=0x0000000000000018, R11=0x0000000000000018
R12=0x00007f05cc400040, R13=0x0000000000000000, R14=0x0000000000000041, R15=0x00007f079402cf30
RIP=0x00007f06d443a799, EFLAGS=0x0000000000010202, CSGSFS=0x002b000000000033, ERR=0x0000000000000007
  TRAPNO=0x000000000000000e

XMM[0]=0x0000000000000000 0x4050400000000000
XMM[1]=0x0000000000000000 0xc060000000000000
XMM[2]=0x0000000000000000 0x0000000000000000
XMM[3]=0x0000000000000000 0x4050400000000000
XMM[4]=0x0000000000000000 0xc060000000000000
XMM[5]=0x0000000000000000 0x0000000000000000
XMM[6]=0x0000000000000000 0x405fc00000000000
XMM[7]=0x0000000000000000 0xc74911911ae2e800
XMM[8]=0x0000000000000000 0xc4f640ff8b490000
XMM[9]=0x0000000000000000 0xffcab418f71fcc4a
XMM[10]=0x0000000000000000 0x00000000f7551832
XMM[11]=0x0000000000000000 0x25ba22dc1cd9ef26
XMM[12]=0x0000000000000000 0x00000000f71fcc4a
XMM[13]=0x0000000000000000 0xbfe69edfc686963b
XMM[14]=0x0000000000000000 0x400921fb54442d18
XMM[15]=0x0000000000000000 0x0000000000000000
  MXCSR=0x00001fa2


Register to memory mapping:

RAX=0x00007f0798dfe830 is pointing into the stack for thread: 0x00007f079402cf30
RBX=0x00007f0798dfe830 is pointing into the stack for thread: 0x00007f079402cf30
RCX=0x0000000000000041 is an unknown value
RDX=0x0000000000000062 is an unknown value
RSP=0x00007f0798dfe800 is pointing into the stack for thread: 0x00007f079402cf30
RBP=0x00007f079402d2e8 points into unknown readable memory: 0x00007f079a2d3040 | 40 30 2d 9a 07 7f 00 00
RSI=0x00007f0798dfe830 is pointing into the stack for thread: 0x00007f079402cf30
RDI=0x00007f079402d2e8 points into unknown readable memory: 0x00007f079a2d3040 | 40 30 2d 9a 07 7f 00 00
R8 =0x000000071200f0a8 is an oop: [[I 
{0x000000071200f0a8} - klass: {type array int}[]
 - length: 3
R9 =0x000000071af880b8 is an oop: org.bytedeco.javacpp.BytePointer 
{0x000000071af880b8} - klass: 'org/bytedeco/javacpp/BytePointer'
 - ---- fields (total size 6 words):
 - private 'deallocator' 'Lorg/bytedeco/javacpp/Pointer$Deallocator;' @12  null (0x00000000)
 - protected 'address' 'J' @16  139662878310464 (0x00007f05cc400040)
 - protected 'position' 'J' @24  0 (0x0000000000000000)
 - protected 'limit' 'J' @32  0 (0x0000000000000000)
 - protected 'capacity' 'J' @40  0 (0x0000000000000000)
R10=0x0000000000000018 is an unknown value
R11=0x0000000000000018 is an unknown value
R12=0x00007f05cc400040: <offset 0x0000000000000040> in /home/aleksei/.javacpp/cache/opencv-4.5.1-1.5.5-linux-x86_64.jar/org/bytedeco/opencv/linux-x86_64/libjniopencv_core.so at 0x00007f05cc400000
R13=0x0 is null
R14=0x0000000000000041 is an unknown value
R15=0x00007f079402cf30 is a thread

Top of Stack: (sp=0x00007f0798dfe800)
0x00007f0798dfe800:   0000000000000003 00007f0798dfe870
0x00007f0798dfe810:   0000000000000000 000000071201c448
0x00007f0798dfe820:   00007f07181a78f8 00007f0788a59eea
0x00007f0798dfe830:   000000071af880b8 000000071af87eb8
0x00007f0798dfe840:   000000071201c528 00007f0798dfe880
0x00007f0798dfe850:   00000000e2408ab8 00007f07000005a0
0x00007f0798dfe860:   000000071af87ea0 0000000000000003
0x00007f0798dfe870:   0000000000000003 00007f0788a5b228
0x00007f0798dfe880:   00000003000005a0 0000000100000003
0x00007f0798dfe890:   000000071200f0a8 000000071200f090
0x00007f0798dfe8a0:   0000000000000000 0000000300000001
0x00007f0798dfe8b0:   3ff0000000000000 0000059f00000780
0x00007f0798dfe8c0:   4050400000000000 00000d1f00000002
0x00007f0798dfe8d0:   deaddeaf00000000 0000000000000000
0x00007f0798dfe8e0:   deaddeaf00000000 000000071761a630
0x00007f0798dfe8f0:   00007f0798dfe958 00007f0788267180
0x00007f0798dfe900:   0000000000000000 000000071761a5c8
0x00007f0798dfe910:   00007f0798dfe910 00007f0718403012
0x00007f0798dfe920:   0000000000000003 00007f07184033c0
0x00007f0798dfe930:   0000000000000000 000000071200f0c8
0x00007f0798dfe940:   00007f0718403040 00007f0798dfe900
0x00007f0798dfe950:   00007f0798dfe968 00007f0798dfe9c0
0x00007f0798dfe960:   00007f0788267180 000000071200f138
0x00007f0798dfe970:   000000071200f090 00007f0798dfe978
0x00007f0798dfe980:   00007f0718400736 0000000000000005
0x00007f0798dfe990:   00007f07184008e0 0000000000000000
0x00007f0798dfe9a0:   000000071200f150 00007f07184007e0
0x00007f0798dfe9b0:   00007f0798dfe968 00007f0798dfe9e8
0x00007f0798dfe9c0:   00007f0798dfea50 00007f078825fcc6
0x00007f0798dfe9d0:   000000071200f288 000000071200f1f8
0x00007f0798dfe9e0:   000000071200f1d8 000000071200f1c8
0x00007f0798dfe9f0:   00007f0700001fa2 00007f0798dfeb70 

Instructions: (pc=0x00007f06d443a799)
0x00007f06d443a699:   48 8b 03 48 8b 15 5d 03 21 00 4c 89 ee 48 89 df
0x00007f06d443a6a9:   ff 90 28 03 00 00 4c 01 e0 4d 85 ff 48 89 44 24
0x00007f06d443a6b9:   08 74 54 48 8b 03 31 d2 4c 89 fe 48 89 df ff 90
0x00007f06d443a6c9:   f0 06 00 00 48 8b 7c 24 08 48 8d 34 28 4c 89 f2
0x00007f06d443a6d9:   49 89 c4 e8 df 76 fd ff 48 8b 03 31 c9 4c 89 e2
0x00007f06d443a6e9:   4c 89 fe 48 89 df ff 90 f8 06 00 00 48 83 c4 18
0x00007f06d443a6f9:   4c 89 e8 5b 5d 41 5c 41 5d 41 5e 41 5f c3 66 0f
0x00007f06d443a709:   1f 84 00 00 00 00 00 48 89 c7 4c 89 f2 48 89 ee
0x00007f06d443a719:   e8 a2 76 fd ff eb d5 be 14 00 00 00 48 89 df 45
0x00007f06d443a729:   31 ed e8 00 d1 ff ff 48 8b 0b 48 8d 15 c1 25 00
0x00007f06d443a739:   00 48 89 c6 48 89 df ff 51 70 eb b0 90 66 2e 0f
0x00007f06d443a749:   1f 84 00 00 00 00 00 41 56 41 55 41 89 ce 41 54
0x00007f06d443a759:   55 49 89 d5 53 48 8b 07 48 89 fd 48 89 f3 48 8b
0x00007f06d443a769:   15 9a 02 21 00 ff 90 28 03 00 00 48 85 c0 74 2d
0x00007f06d443a779:   49 89 c4 48 8b 45 00 48 8b 15 79 02 21 00 48 89
0x00007f06d443a789:   de 48 89 ef ff 90 28 03 00 00 49 01 c4 48 89 d8
0x00007f06d443a799:   47 88 34 2c 5b 5d 41 5c 41 5d 41 5e c3 be 14 00
0x00007f06d443a7a9:   00 00 48 89 ef e8 7d d0 ff ff 48 8b 4d 00 48 8d
0x00007f06d443a7b9:   15 3d 25 00 00 48 89 c6 48 89 ef ff 51 70 31 c0
0x00007f06d443a7c9:   eb d2 0f 1f 44 00 00 41 55 41 54 49 89 d5 55 53
0x00007f06d443a7d9:   49 89 f4 48 89 fb 48 83 ec 08 48 8b 07 48 8b 15
0x00007f06d443a7e9:   1b 02 21 00 ff 90 28 03 00 00 48 85 c0 74 30 48
0x00007f06d443a7f9:   89 c5 48 8b 03 48 8b 15 fb 01 21 00 4c 89 e6 48
0x00007f06d443a809:   89 df ff 90 28 03 00 00 48 01 c5 42 0f b7 44 2d
0x00007f06d443a819:   00 48 83 c4 08 5b 5d 41 5c 41 5d c3 0f 1f 00 be
0x00007f06d443a829:   14 00 00 00 48 89 df e8 fb cf ff ff 48 8b 0b 48
0x00007f06d443a839:   8d 15 bc 24 00 00 48 89 c6 48 89 df ff 51 70 31
0x00007f06d443a849:   c0 eb ce 0f 1f 40 00 41 56 41 55 41 89 ce 41 54
0x00007f06d443a859:   55 49 89 d5 53 48 8b 07 48 89 fd 48 89 f3 48 8b
0x00007f06d443a869:   15 9a 01 21 00 ff 90 28 03 00 00 48 85 c0 74 2e
0x00007f06d443a879:   49 89 c4 48 8b 45 00 48 8b 15 79 01 21 00 48 89
0x00007f06d443a889:   de 48 89 ef ff 90 28 03 00 00 49 01 c4 48 89 d8 


Stack slot to memory mapping:

stack at sp + 0 slots: 0x0000000000000003 is an unknown value
stack at sp + 1 slots: 0x00007f0798dfe870 is pointing into the stack for thread: 0x00007f079402cf30
stack at sp + 2 slots: 0x0 is null
stack at sp + 3 slots: 0x000000071201c448 is an oop: java.util.concurrent.locks.ReentrantLock$NonfairSync 
{0x000000071201c448} - klass: 'java/util/concurrent/locks/ReentrantLock$NonfairSync'
 - ---- fields (total size 4 words):
 - private transient 'exclusiveOwnerThread' 'Ljava/lang/Thread;' @12  null (0x00000000)
 - private volatile 'state' 'I' @16  0 (0x00000000)
 - private volatile transient 'head' 'Ljava/util/concurrent/locks/AbstractQueuedSynchronizer$Node;' @20  null (0x00000000)
 - private volatile transient 'tail' 'Ljava/util/concurrent/locks/AbstractQueuedSynchronizer$Node;' @24  null (0x00000000)
stack at sp + 4 slots: 0x00007f07181a78f8 is pointing into metadata
stack at sp + 5 slots: 0x00007f0788a59eea is at entry_point+202 in (nmethod*)0x00007f0788a59c90
Compiled method (n/a) 14283 1157     n 0       org.bytedeco.javacpp.BytePointer::put (native)
 total in heap  [0x00007f0788a59c90,0x00007f0788a5a1f8] = 1384
 relocation     [0x00007f0788a59de8,0x00007f0788a59e20] = 56
 main code      [0x00007f0788a59e20,0x00007f0788a5a1ec] = 972
 stub code      [0x00007f0788a5a1ec,0x00007f0788a5a1f0] = 4
 oops           [0x00007f0788a5a1f0,0x00007f0788a5a1f8] = 8
stack at sp + 6 slots: 0x000000071af880b8 is an oop: org.bytedeco.javacpp.BytePointer 
{0x000000071af880b8} - klass: 'org/bytedeco/javacpp/BytePointer'
 - ---- fields (total size 6 words):
 - private 'deallocator' 'Lorg/bytedeco/javacpp/Pointer$Deallocator;' @12  null (0x00000000)
 - protected 'address' 'J' @16  139662878310464 (0x00007f05cc400040)
 - protected 'position' 'J' @24  0 (0x0000000000000000)
 - protected 'limit' 'J' @32  0 (0x0000000000000000)
 - protected 'capacity' 'J' @40  0 (0x0000000000000000)
stack at sp + 7 slots: 0x000000071af87eb8 is an oop: java.lang.String 
{0x000000071af87eb8} - klass: 'java/lang/String'
 - string: "1440"
 - ---- fields (total size 3 words):
 - private 'hash' 'I' @12  0 (0x00000000)
 - private final 'coder' 'B' @16  0 (0x00)
 - private 'hashIsZero' 'Z' @17  false (0x00)
 - injected 'flags' 'B' @18  0 (0x00)
 - private final 'value' '[B' @20  [B{0x000000071af87ea0} (0xe35f0fd4)


Compiled method (n/a) 14283 1157     n 0       org.bytedeco.javacpp.BytePointer::put (native)
 total in heap  [0x00007f0788a59c90,0x00007f0788a5a1f8] = 1384
 relocation     [0x00007f0788a59de8,0x00007f0788a59e20] = 56
 main code      [0x00007f0788a59e20,0x00007f0788a5a1ec] = 972
 stub code      [0x00007f0788a5a1ec,0x00007f0788a5a1f0] = 4
 oops           [0x00007f0788a5a1f0,0x00007f0788a5a1f8] = 8

[Constant Pool (empty)]

[MachCode]
[Entry Point]
  # {method} {0x00007f0718446230} 'put' '(JB)Lorg/bytedeco/javacpp/BytePointer;' in 'org/bytedeco/javacpp/BytePointer'
  # this:     rsi:rsi   = 'org/bytedeco/javacpp/BytePointer'
  # parm0:    rdx:rdx   = long
  # parm1:    rcx       = byte
  #           [sp+0x50]  (sp of caller)
  0x00007f0788a59e20: 448b 5608 | 49bb 0000 | 0023 077f | 0000 4d03 | d349 3bc2 | 0f84 0600 

  0x00007f0788a59e38: ;   {runtime_call ic_miss_stub}
  0x00007f0788a59e38: 0000 e941 | 3285 ff90 
[Verified Entry Point]
  0x00007f0788a59e40: 8984 2400 | c0fe ff55 | 488b ec48 | 83ec 4090 | 4181 7f20 | 0100 0000 

  0x00007f0788a59e58: ;   {runtime_call StubRoutines (final stubs)}
  0x00007f0788a59e58: 7405 e841 | 9683 ff48 | 8934 2448 | 83fe 0048 | 8d34 2448 | 0f44 3424 

  0x00007f0788a59e70: ;   {internal_word}
  0x00007f0788a59e70: c5f8 7749 | ba70 9ea5 | 8807 7f00 | 004d 8997 | a003 0000 | 4989 a798 

  0x00007f0788a59e88: ;   {external_word}
  0x00007f0788a59e88: 0300 0080 | 3da3 818b | 1100 0f84 | 3400 0000 

  0x00007f0788a59e98: ;   {metadata({method} {0x00007f0718446230} 'put' '(JB)Lorg/bytedeco/javacpp/BytePointer;' in 'org/bytedeco/javacpp/BytePointer')}
  0x00007f0788a59e98: 5652 5148 | be30 6244 | 1807 7f00 | 0049 8bff | 40f6 c40f | 0f84 1200 | 0000 4883 

  0x00007f0788a59eb4: ;   {runtime_call SharedRuntime::dtrace_method_entry(JavaThread*, Method*)}
  0x00007f0788a59eb4: ec08 e815 | 5a16 1148 | 83c4 08e9 | 0500 0000 

  0x00007f0788a59ec4: ;   {runtime_call SharedRuntime::dtrace_method_entry(JavaThread*, Method*)}
  0x00007f0788a59ec4: e807 5a16 | 1159 5a5e | 498d bfb8 | 0300 0041 | c787 4404 | 0000 0400 

  0x00007f0788a59edc: ;   {runtime_call Java_org_bytedeco_javacpp_BytePointer_put__JB}
  0x00007f0788a59edc: 0000 48b8 | 50a7 43d4 | 067f 0000 | ffd0 c5f8 | 7741 c787 | 4404 0000 | 0500 0000 | f083 4424 
  0x00007f0788a59efc: c000 493b | af48 0400 | 000f 870e | 0000 0041 | 83bf 4004 | 0000 000f | 8424 0000 | 00c5 f877 
  0x00007f0788a59f1c: 4889 45f8 | 498b ff4c | 8be4 4883 | ec00 4883 

  0x00007f0788a59f2c: ;   {runtime_call JavaThread::check_special_condition_for_native_trans(JavaThread*)}
  0x00007f0788a59f2c: e4f0 e8fd | 57cd 1049 | 8be4 4d33 | e448 8b45 | f841 c787 | 4404 0000 | 0800 0000 | 4183 bfc0 
  0x00007f0788a59f4c: 0400 0002 | 0f84 7002 

  0x00007f0788a59f54: ;   {external_word}
  0x00007f0788a59f54: 0000 803d | d880 8b11 | 000f 8436 | 0000 0048 

  0x00007f0788a59f64: ;   {metadata({method} {0x00007f0718446230} 'put' '(JB)Lorg/bytedeco/javacpp/BytePointer;' in 'org/bytedeco/javacpp/BytePointer')}
  0x00007f0788a59f64: 8945 f848 | be30 6244 | 1807 7f00 | 0049 8bff | 40f6 c40f | 0f84 1200 | 0000 4883 

  0x00007f0788a59f80: ;   {runtime_call SharedRuntime::dtrace_method_exit(JavaThread*, Method*)}
  0x00007f0788a59f80: ec08 e859 | 5916 1148 | 83c4 08e9 | 0500 0000 

  0x00007f0788a59f90: ;   {runtime_call SharedRuntime::dtrace_method_exit(JavaThread*, Method*)}
  0x00007f0788a59f90: e84b 5916 | 1148 8b45 | f849 c787 | 9803 0000 | 0000 0000 | 49c7 87a0 | 0300 0000 | 0000 00c5 
  0x00007f0788a59fb0: f877 4885 | c00f 84e8 | 0100 00a8 | 030f 8508 | 0000 0048 | 8b00 e9d8 | 0100 00a8 | 010f 8509 
  0x00007f0788a59fd0: 0000 0048 | 8b40 fee9 | c701 0000 | 488b 40ff | 4180 7f40 | 000f 84b8 | 0100 0048 | 83f8 000f 
  0x00007f0788a59ff0: 84ae 0100 | 0049 8b4f | 2848 83f9 | 000f 8414 | 0000 0048 | 83e9 0849 | 894f 2849 | 034f 3848 
  0x00007f0788a5a010: 8901 e98c | 0100 0048 | 81ec d000 | 0000 4889 | 0424 4889 | 4c24 0848 | 8954 2410 | 4889 7424 
  0x00007f0788a5a030: 1848 897c | 2420 4c89 | 4424 284c | 894c 2430 | 4c89 5424 | 384c 895c | 2440 c5fb | 1144 2450 
  0x00007f0788a5a050: c5fb 114c | 2458 c5fb | 1154 2460 | c5fb 115c | 2468 c5fb | 1164 2470 | c5fb 116c | 2478 c5fb 
  0x00007f0788a5a070: 11b4 2480 | 0000 00c5 | fb11 bc24 | 8800 0000 | c57b 1184 | 2490 0000 | 00c5 7b11 

  0x00007f0788a5a08c: ;   {no_reloc}
  0x00007f0788a5a08c: 8c24 9800 | 0000 c57b | 1194 24a0 | 0000 00c5 | 7b11 9c24 | a800 0000 | c57b 11a4 | 24b0 0000 
  0x00007f0788a5a0ac: 00c5 7b11 | ac24 b800 | 0000 c57b | 11b4 24c0 | 0000 00c5 | 7b11 bc24 | c800 0000 | 498b f748 
  0x00007f0788a5a0cc: 8bf8 40f6 | c40f 0f84 | 1200 0000 | 4883 ec08 

  0x00007f0788a5a0dc: ;   {runtime_call G1BarrierSetRuntime::write_ref_field_pre_entry(oopDesc*, JavaThread*)}
  0x00007f0788a5a0dc: e85f 80b6 | 1048 83c4 | 08e9 0500 

  0x00007f0788a5a0e8: ;   {runtime_call G1BarrierSetRuntime::write_ref_field_pre_entry(oopDesc*, JavaThread*)}
  0x00007f0788a5a0e8: 0000 e851 | 80b6 10c5 | 7b10 bc24 | c800 0000 | c57b 10b4 | 24c0 0000 | 00c5 7b10 | ac24 b800 
  0x00007f0788a5a108: 0000 c57b | 10a4 24b0 | 0000 00c5 | 7b10 9c24 | a800 0000 | c57b 1094 | 24a0 0000 | 00c5 7b10 
  0x00007f0788a5a128: 8c24 9800 | 0000 c57b | 1084 2490 | 0000 00c5 | fb10 bc24 | 8800 0000 | c5fb 10b4 | 2480 0000 
  0x00007f0788a5a148: 00c5 fb10 | 6c24 78c5 | fb10 6424 | 70c5 fb10 | 5c24 68c5 | fb10 5424 | 60c5 fb10 | 4c24 58c5 
  0x00007f0788a5a168: fb10 4424 | 504c 8b5c | 2440 4c8b | 5424 384c | 8b4c 2430 | 4c8b 4424 | 2848 8b7c | 2420 488b 
  0x00007f0788a5a188: 7424 1848 | 8b54 2410 | 488b 4c24 | 0848 8b04 | 2448 81c4 | d000 0000 | c5f8 7749 | 8b8f 2804 
  0x00007f0788a5a1a8: 0000 c781 | 0001 0000 | 0000 0000 | c949 837f | 0800 0f85 | 0100 0000 

  0x00007f0788a5a1c0: ;   {runtime_call StubRoutines (initial stubs)}
  0x00007f0788a5a1c0: c3e9 3a5a | 80ff c5f8 | 7748 8945 | f84c 8be4 | 4883 ec00 | 4883 e4f0 

  0x00007f0788a5a1d8: ;   {runtime_call SharedRuntime::reguard_yellow_pages()}
  0x00007f0788a5a1d8: e8d3 6516 | 1149 8be4 | 4d33 e448 | 8b45 f8e9 | 6afd ffff 
[Stub Code]
  0x00007f0788a5a1ec: f4f4 f4f4 
[/MachCode]


Compiled method (c2) 14289 1169 %     4       core.convoulter.Convoluter::MakeConvolution @ 80 (220 bytes)
 total in heap  [0x00007f0788a5ad10,0x00007f0788a5bb68] = 3672
 relocation     [0x00007f0788a5ae68,0x00007f0788a5af18] = 176
 constants      [0x00007f0788a5af20,0x00007f0788a5af40] = 32
 main code      [0x00007f0788a5af40,0x00007f0788a5b5a0] = 1632
 stub code      [0x00007f0788a5b5a0,0x00007f0788a5b610] = 112
 oops           [0x00007f0788a5b610,0x00007f0788a5b618] = 8
 metadata       [0x00007f0788a5b618,0x00007f0788a5b680] = 104
 scopes data    [0x00007f0788a5b680,0x00007f0788a5b950] = 720
 scopes pcs     [0x00007f0788a5b950,0x00007f0788a5ba90] = 320
 dependencies   [0x00007f0788a5ba90,0x00007f0788a5bab8] = 40
 handler table  [0x00007f0788a5bab8,0x00007f0788a5bb48] = 144
 nul chk table  [0x00007f0788a5bb48,0x00007f0788a5bb68] = 32


[Constant Pool]
             Address          hex4                    hex8      
  0x00007f0788a5af20:   0x00000000      0x405fc00000000000      
  0x00007f0788a5af24:   0x405fc000                              
  0x00007f0788a5af28:   0x00000000      0xc060000000000000      
  0x00007f0788a5af2c:   0xc0600000                              
  0x00007f0788a5af30:   0xf4f4f4f4      0xf4f4f4f4f4f4f4f4      
  0x00007f0788a5af34:   0xf4f4f4f4                              
  0x00007f0788a5af38:   0xf4f4f4f4      0xf4f4f4f4f4f4f4f4      
  0x00007f0788a5af3c:   0xf4f4f4f4                              

[MachCode]
[Verified Entry Point]
  # {method} {0x00007f07184032c0} 'MakeConvolution' '(Lcore/convoulter/Filter;)V' in 'core/convoulter/Convoluter'
  0x00007f0788a5af40: ;   {no_reloc}
  0x00007f0788a5af40: e81b 4e0b | 1166 6666 | 0f1f 8400 | 0000 0000 | 8984 2400 | c0fe ff55 | 4883 ec70 | 4181 7f20 
  0x00007f0788a5af60: 0100 0000 | 0f85 2706 | 0000 4c8b | ae90 0000 | 004c 8b76 | 7044 8b5e | 1844 895c | 242c 448b 
  0x00007f0788a5af80: 9680 0000 | 0044 8954 | 2404 448b | 5e78 4489 | 5c24 08c5 | fb10 4660 | c5fb 1144 | 2420 c5fb 
  0x00007f0788a5afa0: 1046 50c5 | fb11 4424 | 3044 8b56 | 4844 8954 | 2438 448b | 5e40 4489 | 5c24 3c8b | 6e38 8b5e 
  0x00007f0788a5afc0: 30c5 fb10 | 4620 c5fb | 1144 2440 | 488b fe49 | bae0 22bc | 9907 7f00 | 0041 ffd2 

  0x00007f0788a5afdc: ;   {other}
  0x00007f0788a5afdc: 0f1f 8400 | 0000 0000 | 4d85 ed0f | 8498 0400 | 0045 8b55 

  0x00007f0788a5aff0: ;   {metadata('core/convoulter/Convoluter')}
  0x00007f0788a5aff0: 0841 81fa | 700c 0001 | 0f85 ae04 | 0000 4d8b | cd4d 8bc6 | 4d85 f60f | 8480 0400 | 0045 8b56 
  0x00007f0788a5b010: ;   {metadata({type array int}[])}
  0x00007f0788a5b010: 0841 81fa | c82a 0000 | 0f85 9104 | 0000 8b4c | 2408 c1e9 | 1f03 4c24 | 088b 7c24 | 04c1 ef1f 
  0x00007f0788a5b030: 037c 2404 | d1f9 d1ff | 895c 2450 | 892c 24e9 | 1d01 0000 | 0f1f 8400 | 0000 0000 | 6666 6690 
  0x00007f0788a5b050: c5fb 1144 | 2440 8b44 | 242c 448b | 5c24 3c3d | 0000 0080 | 7508 33d2 | 4183 fbff | 7404 9941 
  0x00007f0788a5b070: f7fb 448b | da8b 4424 | 4c03 c54c | 8b54 2408 | 458b 520c | 448b 4424 | 383d 0000 | 0080 7508 
  0x00007f0788a5b090: 33d2 4183 | f8ff 7404 | 9941 f7f8 | 4585 d20f | 84e0 0200 | 004b 8d34 | d48b ca41 

  0x00007f0788a5b0ac: ;   {optimized virtual_call}
  0x00007f0788a5b0ac: 8bd3 90e8 

  0x00007f0788a5b0b0: ; ImmutableOopMap {[8]=Oop [24]=Oop }
                      ;*invokevirtual ptr {reexecute=0 rethrow=0 return_oop=1}
                      ; - core.convoulter.Convoluter::MakeConvolution@139 (line 49)
  0x00007f0788a5b0b0: 0ce4 ffff 

  0x00007f0788a5b0b4: ;   {other}
  0x00007f0788a5b0b4: 0f1f 8400 | a403 0000 | 4885 c00f | 84db 0200 | 0048 8bf0 

  0x00007f0788a5b0c8: ;   {optimized virtual_call}
  0x00007f0788a5b0c8: 33d2 90e8 

  0x00007f0788a5b0cc: ; ImmutableOopMap {[8]=Oop [24]=Oop }
                      ;*invokevirtual get {reexecute=0 rethrow=0 return_oop=0}
                      ; - org.bytedeco.javacpp.BytePointer::get@2 (line 252)
                      ; - core.convoulter.Convoluter::MakeConvolution@142 (line 49)
  0x00007f0788a5b0cc: 70e9 ffff 

  0x00007f0788a5b0d0: ;   {other}
  0x00007f0788a5b0d0: 0f1f 8400 | c003 0001 | 4c8b 5424 | 1844 8b5c | 2448 478b | 549a 1047 | 8b5c d40c | 413b eb0f 
  0x00007f0788a5b0f0: 83bf 0200 | 0049 c1e2 | 0341 0faf | 44aa 10c5 | fb2a c0c5 | fb10 4c24 | 40c5 f358 | c0ff c53b 
  0x00007f0788a5b110: 6c24 100f | 8c37 ffff | ff4c 8b44 | 2418 8b5c | 2448 8b54 | 2410 4c8b | 4c24 088b | 4c24 148b 
  0x00007f0788a5b130: 7c24 284d | 8b97 5004 

  0x00007f0788a5b138: ; ImmutableOopMap {r8=Oop r9=Oop }
                      ;*goto {reexecute=1 rethrow=0 return_oop=0}
                      ; - (reexecute) core.convoulter.Convoluter::MakeConvolution@167 (line 45)
  0x00007f0788a5b138: 0000 ffc3 

  0x00007f0788a5b13c: ;   {poll}
  0x00007f0788a5b13c: 4185 0244 | 8b54 2450 | 448b 5c24 | 3cc5 fb11 | 4424 4044 | 8954 2450 | 895c 242c | 8954 2408 
  0x00007f0788a5b15c: 4489 5c24 | 3c8b 5c24 | 2c3b 5c24 | 040f 8c04 | 0100 0045 | 8b59 0c45 | 85db 0f84 | d402 0000 
  0x00007f0788a5b17c: 897c 2428 | 894c 240c | 4c89 4c24 | 184c 8944 | 2410 4b8d | 34dc 8b14 | 248b 4c24 

  0x00007f0788a5b198: ;   {optimized virtual_call}
  0x00007f0788a5b198: 5066 90e8 

  0x00007f0788a5b19c: ; ImmutableOopMap {[16]=Oop [24]=Oop }
                      ;*invokevirtual ptr {reexecute=0 rethrow=0 return_oop=1}
                      ; - core.convoulter.Convoluter::MakeConvolution@178 (line 56)
  0x00007f0788a5b19c: 20e3 ffff 

  0x00007f0788a5b1a0: ;   {other}
  0x00007f0788a5b1a0: 0f1f 8400 | 9004 0003 | c5fb 1044 | 2440 c5fb | 5944 2430 | c5fb 5844 

  0x00007f0788a5b1b8: ;   {section_word}
  0x00007f0788a5b1b8: 2420 c5fb | 1035 5efd | ffff c4e3 | 794b e600 | c4e3 494b | e800 c5db | 5ddd c5d9 | c2ec 03c4 
  0x00007f0788a5b1d8: e361 4bc4 

  0x00007f0788a5b1dc: ;   {section_word}
  0x00007f0788a5b1dc: 50c5 fb10 | 2543 fdff | ffc4 e359 | 4bd0 40c4 | e379 4bcc | 40c5 f35f | dac5 f1c2 | d103 c4e3 
  0x00007f0788a5b1fc: 614b c120 | c57b 2cd8 | 4181 fb00 | 0000 800f | 846b 0300 | 0041 0fbe | cb48 85c0 | 0f84 4a02 
  0x00007f0788a5b21c: 0000 488b 

  0x00007f0788a5b220: ;   {optimized virtual_call}
  0x00007f0788a5b220: f033 d2e8 

  0x00007f0788a5b224: ; ImmutableOopMap {[16]=Oop [24]=Oop }
                      ;*invokevirtual put {reexecute=0 rethrow=0 return_oop=1}
                      ; - org.bytedeco.javacpp.BytePointer::put@3 (line 256)
                      ; - core.convoulter.Convoluter::MakeConvolution@203 (line 56)
  0x00007f0788a5b224: 18ec ffff 

  0x00007f0788a5b228: ;   {other}
  0x00007f0788a5b228: 0f1f 8400 | 1805 0004 | 4d8b 9f50 | 0400 0044 | 8b54 2450 

  0x00007f0788a5b23c: ; ImmutableOopMap {[16]=Oop [24]=Oop }
                      ;*goto {reexecute=1 rethrow=0 return_oop=0}
                      ; - (reexecute) core.convoulter.Convoluter::MakeConvolution@210 (line 43)
                      ;   {poll}
  0x00007f0788a5b23c: 41ff c241 | 8503 443b | 5424 3c0f | 8dc1 0000 | 0044 8b5c | 243c c5f9 | 57c0 33db | 4c8b 4424 
  0x00007f0788a5b25c: 108b 5424 | 084c 8b4c | 2418 8b4c | 240c 8b7c | 2428 e9d6 | feff ff8b | 5424 0885 | d27f 0bc5 
  0x00007f0788a5b27c: fb10 4424 | 40e9 adfe | ffff 448b | 5424 3845 | 85d2 0f84 | 6801 0000 | 448b 5c24 | 3c45 85db 
  0x00007f0788a5b29c: 0f84 5f01 | 0000 4d85 | c90f 8456 | 0100 0041 | 8b70 0c3b | de0f 834a | 0100 004c | 894c 2408 
  0x00007f0788a5b2bc: 8954 2410 | 4889 4424 | f88b 4424 | 2c89 4424 | 4848 8b44 | 24f8 4c89 | 4424 1844 | 8b4c 2450 
  0x00007f0788a5b2dc: 897c 2428 | 442b cf44 | 8b04 2489 | 4c24 1444 | 2bc1 4403 | 4c24 2c44 | 0344 2438 | 4489 4424 
  0x00007f0788a5b2fc: 4c44 034c | 243c 4489 | 4c24 2c33 | ede9 48fd | ffff 448b | 0424 41ff | c044 3b44 | 2438 7d56 
  0x00007f0788a5b31c: ;   {oop(a 'java/lang/Class'{0x00000007ffe81448} = 'java/lang/System')}
  0x00007f0788a5b31c: 49ba 4814 | e8ff 0700 | 0000 418b | 6a74 85ed | 0f84 6301 | 0000 4489 | 0424 418b 

  0x00007f0788a5b338: ;   {static_call}
  0x00007f0788a5b338: f066 90e8 

  0x00007f0788a5b33c: ; ImmutableOopMap {rbp=NarrowOop [16]=Oop [24]=Oop }
                      ;*invokestatic toString {reexecute=0 rethrow=0 return_oop=1}
                      ; - java.lang.String::valueOf@1 (line 4572)
                      ; - java.io.PrintStream::println@11 (line 1078)
                      ; - core.convoulter.Convoluter::MakeConvolution@61 (line 42)
  0x00007f0788a5b33c: 200f 5bf8 

  0x00007f0788a5b340: ;   {other}
  0x00007f0788a5b340: 0f1f 8400 | 3006 0006 | 498d 34ec 

  0x00007f0788a5b34c: ;   {optimized virtual_call}
  0x00007f0788a5b34c: 488b d0e8 

  0x00007f0788a5b350: ; ImmutableOopMap {[16]=Oop [24]=Oop }
                      ;*invokevirtual writeln {reexecute=0 rethrow=0 return_oop=0}
                      ; - java.io.PrintStream::println@14 (line 1078)
                      ; - core.convoulter.Convoluter::MakeConvolution@61 (line 42)
  0x00007f0788a5b350: ccd8 5af8 

  0x00007f0788a5b354: ;   {other}
  0x00007f0788a5b354: 0f1f 8400 | 4406 0007 | 448b 5c24 | 3c45 85db | 0f8e 1201 | 0000 4533 | d2e9 e0fe | ffff 4883 
  0x00007f0788a5b374: ;   {poll_return}
  0x00007f0788a5b374: c470 5d49 | 3ba7 4804 | 0000 0f87 | e201 0000 | c3be f6ff | ffff 418b | eb89 1424 

  0x00007f0788a5b390: ;   {runtime_call UncommonTrapBlob}
  0x00007f0788a5b390: 6666 90e8 

  0x00007f0788a5b394: ; ImmutableOopMap {}
                      ;*invokevirtual ptr {reexecute=0 rethrow=0 return_oop=0}
                      ; - core.convoulter.Convoluter::MakeConvolution@139 (line 49)
  0x00007f0788a5b394: 687b 85ff 

  0x00007f0788a5b398: ;   {other}
  0x00007f0788a5b398: 0f1f 8400 | 8806 0008 | bef6 ffff 

  0x00007f0788a5b3a4: ;   {runtime_call UncommonTrapBlob}
  0x00007f0788a5b3a4: ff66 90e8 

  0x00007f0788a5b3a8: ; ImmutableOopMap {}
                      ;*invokevirtual get {reexecute=0 rethrow=0 return_oop=0}
                      ; - core.convoulter.Convoluter::MakeConvolution@142 (line 49)
  0x00007f0788a5b3a8: 547b 85ff 

  0x00007f0788a5b3ac: ;   {other}
  0x00007f0788a5b3ac: 0f1f 8400 | 9c06 0009 | bee4 ffff | ffc5 fb10 | 4424 30c5 | fb11 4424 | 2844 8b5c | 2438 4489 
  0x00007f0788a5b3cc: 5c24 1444 | 8b44 243c | 4489 4424 | 3044 8b44 | 2448 4489 | 4424 3889 | 4424 3c44 | 8954 2448 
  0x00007f0788a5b3ec: ;   {runtime_call UncommonTrapBlob}
  0x00007f0788a5b3ec: 6666 90e8 

  0x00007f0788a5b3f0: ; ImmutableOopMap {[8]=Oop [24]=Oop [72]=NarrowOop }
                      ;*iaload {reexecute=0 rethrow=0 return_oop=0}
                      ; - core.convoulter.Convoluter::MakeConvolution@152 (line 49)
  0x00007f0788a5b3f0: 0c7b 85ff 

  0x00007f0788a5b3f4: ;   {other}
  0x00007f0788a5b3f4: 0f1f 8400 | e406 000a | 448b 5c24 | 3cbe 76ff | ffff 498b | e94c 8944 | 2410 c5fb | 1044 2420 
  0x00007f0788a5b414: c5fb 1144 | 2418 c5fb | 1044 2430 | c5fb 1144 | 2420 4889 | 4424 f88b | 4424 3889 | 4424 0c48 
  0x00007f0788a5b434: 8b44 24f8 | 4489 5c24 | 2889 5c24 

  0x00007f0788a5b440: ;   {runtime_call UncommonTrapBlob}
  0x00007f0788a5b440: 3866 90e8 

  0x00007f0788a5b444: ; ImmutableOopMap {rbp=Oop [16]=Oop }
                      ;*if_icmpge {reexecute=1 rethrow=0 return_oop=0}
                      ; - (reexecute) core.convoulter.Convoluter::MakeConvolution@92 (line 46)
  0x00007f0788a5b444: b87a 85ff 

  0x00007f0788a5b448: ;   {other}
  0x00007f0788a5b448: 0f1f 8400 | 3807 000b | bef6 ffff | ff8b 2c24 

  0x00007f0788a5b458: ;   {runtime_call UncommonTrapBlob}
  0x00007f0788a5b458: 6666 90e8 

  0x00007f0788a5b45c: ; ImmutableOopMap {}
                      ;*invokevirtual ptr {reexecute=0 rethrow=0 return_oop=0}
                      ; - core.convoulter.Convoluter::MakeConvolution@178 (line 56)
  0x00007f0788a5b45c: a07a 85ff 

  0x00007f0788a5b460: ;   {other}
  0x00007f0788a5b460: 0f1f 8400 | 5007 000c | bef6 ffff 

  0x00007f0788a5b46c: ;   {runtime_call UncommonTrapBlob}
  0x00007f0788a5b46c: ff8b e9e8 

  0x00007f0788a5b470: ; ImmutableOopMap {}
                      ;*invokevirtual put {reexecute=0 rethrow=0 return_oop=0}
                      ; - core.convoulter.Convoluter::MakeConvolution@203 (line 56)
  0x00007f0788a5b470: 8c7a 85ff 

  0x00007f0788a5b474: ;   {other}
  0x00007f0788a5b474: 0f1f 8400 | 6407 000d | 448b 0424 | e98d feff | ff45 33c9 | e974 fbff | ff45 33c0 | e989 fbff 
  0x00007f0788a5b494: ffbe f6ff | ffff 418b 

  0x00007f0788a5b49c: ;   {runtime_call UncommonTrapBlob}
  0x00007f0788a5b49c: e866 90e8 

  0x00007f0788a5b4a0: ; ImmutableOopMap {}
                      ;*invokevirtual println {reexecute=0 rethrow=0 return_oop=0}
                      ; - core.convoulter.Convoluter::MakeConvolution@61 (line 42)
  0x00007f0788a5b4a0: 5c7a 85ff 

  0x00007f0788a5b4a4: ;   {other}
  0x00007f0788a5b4a4: 0f1f 8400 | 9407 000e | 4d8b c6be | 8dff ffff | 4889 4424 | f88b 4424 | 0489 0424 | 488b 4424 
  0x00007f0788a5b4c4: f844 8b54 | 2408 4489 | 5424 044c | 8944 2408 | c5fb 1044 | 2420 c5fb | 1144 2410 | c5fb 1044 
  0x00007f0788a5b4e4: 2430 c5fb | 1144 2418 | 448b 5c24 | 3844 895c | 2420 448b | 5424 3c44 | 8954 2424 | 895c 2428 
  0x00007f0788a5b504: 4c89 6c24 

  0x00007f0788a5b508: ;   {runtime_call UncommonTrapBlob}
  0x00007f0788a5b508: 3866 90e8 

  0x00007f0788a5b50c: ; ImmutableOopMap {[8]=Oop [56]=Oop }
                      ;*iload {reexecute=0 rethrow=0 return_oop=0}
                      ; - core.convoulter.Convoluter::MakeConvolution@80 (line 45)
  0x00007f0788a5b50c: f079 85ff 

  0x00007f0788a5b510: ;   {other}
  0x00007f0788a5b510: 0f1f 8400 | 0008 000f | bef6 ffff 

  0x00007f0788a5b51c: ;   {runtime_call UncommonTrapBlob}
  0x00007f0788a5b51c: ff66 90e8 

  0x00007f0788a5b520: ; ImmutableOopMap {}
                      ;*iaload {reexecute=0 rethrow=0 return_oop=0}
                      ; - core.convoulter.Convoluter::MakeConvolution@152 (line 49)
  0x00007f0788a5b520: dc79 85ff 

  0x00007f0788a5b524: ;   {other}
  0x00007f0788a5b524: 0f1f 8400 | 1408 0010 | bef6 ffff 

  0x00007f0788a5b530: ;   {runtime_call UncommonTrapBlob}
  0x00007f0788a5b530: ff66 90e8 

  0x00007f0788a5b534: ; ImmutableOopMap {}
                      ;*getfield Image {reexecute=1 rethrow=0 return_oop=0}
                      ; - (reexecute) core.convoulter.Convoluter::MakeConvolution@171 (line 56)
  0x00007f0788a5b534: c879 85ff 

  0x00007f0788a5b538: ;   {other}
  0x00007f0788a5b538: 0f1f 8400 | 2808 0011 | 488b f0eb | 1748 8bf0 | eb12 488b | f0eb 0d48 | 8bf0 eb08 | 488b f0eb 
  0x00007f0788a5b558: 0348 8bf0 | 4883 c470 

  0x00007f0788a5b560: ;   {runtime_call _rethrow_Java}
  0x00007f0788a5b560: 5de9 1a44 

  0x00007f0788a5b564: ;   {internal_word}
  0x00007f0788a5b564: 92ff 49ba | 77b3 a588 | 077f 0000 | 4d89 9760 

  0x00007f0788a5b574: ;   {runtime_call SafepointBlob}
  0x00007f0788a5b574: 0400 00e9 | 848a 85ff | 4883 ec08 | c5fb 1104 

  0x00007f0788a5b584: ;   {runtime_call StubRoutines (initial stubs)}
  0x00007f0788a5b584: 24e8 5e48 | 80ff 415b | e980 fcff 

  0x00007f0788a5b590: ;   {runtime_call StubRoutines (final stubs)}
  0x00007f0788a5b590: ffe8 0a7f | 83ff e9cf | f9ff fff4 | f4f4 f4f4 
[Stub Code]
  0x00007f0788a5b5a0: ;   {no_reloc}
  0x00007f0788a5b5a0: 48bb 0000 | 0000 0000 

  0x00007f0788a5b5a8: ;   {runtime_call nmethod}
  0x00007f0788a5b5a8: 0000 e9fb 

  0x00007f0788a5b5ac: ;   {static_stub}
  0x00007f0788a5b5ac: ffff ff48 | bb00 0000 | 0000 0000 

  0x00007f0788a5b5b8: ;   {runtime_call nmethod}
  0x00007f0788a5b5b8: 00e9 fbff 

  0x00007f0788a5b5bc: ;   {static_stub}
  0x00007f0788a5b5bc: ffff 48bb | 0000 0000 | 0000 0000 

  0x00007f0788a5b5c8: ;   {runtime_call nmethod}
  0x00007f0788a5b5c8: e9fb ffff 

  0x00007f0788a5b5cc: ;   {static_stub}
  0x00007f0788a5b5cc: ff48 bb00 | 0000 0000 

  0x00007f0788a5b5d4: ;   {runtime_call nmethod}
  0x00007f0788a5b5d4: 0000 00e9 | fbff ffff 

  0x00007f0788a5b5dc: ;   {static_stub}
  0x00007f0788a5b5dc: 48bb b070 | 4e23 077f 

  0x00007f0788a5b5e4: ;   {runtime_call I2C/C2I adapters}
  0x00007f0788a5b5e4: 0000 e9fc 

  0x00007f0788a5b5e8: ;   {static_stub}
  0x00007f0788a5b5e8: 7485 ff48 | bba8 3c49 | 2307 7f00 

  0x00007f0788a5b5f4: ;   {runtime_call I2C/C2I adapters}
  0x00007f0788a5b5f4: 00e9 e86b 

  0x00007f0788a5b5f8: ;   {runtime_call ExceptionBlob}
  0x00007f0788a5b5f8: 85ff e981 | a191 ffe8 | 0000 0000 | 4883 2c24 

  0x00007f0788a5b608: ;   {runtime_call DeoptimizationBlob}
  0x00007f0788a5b608: 05e9 927c | 85ff f4f4 
[/MachCode]


---------------  P R O C E S S  ---------------

Threads class SMR info:
_java_thread_list=0x00007f06fc0e12c0, length=14, elements={
0x00007f079402cf30, 0x00007f0794184720, 0x00007f0794185c80, 0x00007f0794187410,
0x00007f0794188a40, 0x00007f0794189fd0, 0x00007f079418bb80, 0x00007f0794195220,
0x00007f07941a2c30, 0x00007f07941a5c90, 0x00007f07943fc430, 0x00007f06fc0def50,
0x00007f06fc0dfc20, 0x00007f06fc0e07e0
}

Java Threads: ( => current thread )
=>0x00007f079402cf30 JavaThread "main"                              [_thread_in_native, id=69921, stack(0x00007f0798d00000,0x00007f0798e00000) (1024K)]
  0x00007f0794184720 JavaThread "Reference Handler"          daemon [_thread_blocked, id=69929, stack(0x00007f0778955000,0x00007f0778a55000) (1024K)]
  0x00007f0794185c80 JavaThread "Finalizer"                  daemon [_thread_blocked, id=69930, stack(0x00007f0778500000,0x00007f0778600000) (1024K)]
  0x00007f0794187410 JavaThread "Signal Dispatcher"          daemon [_thread_blocked, id=69931, stack(0x00007f07783ff000,0x00007f07784ff000) (1024K)]
  0x00007f0794188a40 JavaThread "Service Thread"             daemon [_thread_blocked, id=69932, stack(0x00007f07782fe000,0x00007f07783fe000) (1024K)]
  0x00007f0794189fd0 JavaThread "Monitor Deflation Thread"   daemon [_thread_blocked, id=69933, stack(0x00007f07781fd000,0x00007f07782fd000) (1024K)]
  0x00007f079418bb80 JavaThread "C2 CompilerThread0"         daemon [_thread_blocked, id=69934, stack(0x00007f07780fc000,0x00007f07781fc000) (1024K)]
  0x00007f0794195220 JavaThread "C1 CompilerThread0"         daemon [_thread_blocked, id=69935, stack(0x00007f0722f00000,0x00007f0723000000) (1024K)]
  0x00007f07941a2c30 JavaThread "Notification Thread"        daemon [_thread_blocked, id=69936, stack(0x00007f0722dff000,0x00007f0722eff000) (1024K)]
  0x00007f07941a5c90 JavaThread "Common-Cleaner"             daemon [_thread_blocked, id=69937, stack(0x00007f0722cfe000,0x00007f0722dfe000) (1024K)]
  0x00007f07943fc430 JavaThread "JavaCPP Deallocator"        daemon [_thread_blocked, id=69986, stack(0x00007f07228fa000,0x00007f07229fa000) (1024K)]
  0x00007f06fc0def50 JavaThread "C1 CompilerThread1"         daemon [_thread_blocked, id=70082, stack(0x00007f0722afc000,0x00007f0722bfc000) (1024K)]
  0x00007f06fc0dfc20 JavaThread "C1 CompilerThread2"         daemon [_thread_blocked, id=70083, stack(0x00007f0722500000,0x00007f0722600000) (1024K)]
  0x00007f06fc0e07e0 JavaThread "C1 CompilerThread3"         daemon [_thread_blocked, id=70084, stack(0x00007f07229fb000,0x00007f0722afb000) (1024K)]
Total: 14

Other Threads:
  0x00007f0794179d80 VMThread "VM Thread"                           [id=69928, stack(0x00007f0778a56000,0x00007f0778b56000) (1024K)]
  0x00007f0794167a70 WatcherThread "VM Periodic Task Thread"        [id=69927, stack(0x00007f0778b57000,0x00007f0778c57000) (1024K)]
  0x00007f0794094d20 WorkerThread "GC Thread#0"                     [id=69922, stack(0x00007f077bf04000,0x00007f077c004000) (1024K)]
  0x00007f0710008950 WorkerThread "GC Thread#1"                     [id=70020, stack(0x00007f07200fe000,0x00007f07201fe000) (1024K)]
  0x00007f0710009480 WorkerThread "GC Thread#2"                     [id=70021, stack(0x00007f06d46fd000,0x00007f06d47fd000) (1024K)]
  0x00007f0710009fb0 WorkerThread "GC Thread#3"                     [id=70022, stack(0x00007f06d4300000,0x00007f06d4400000) (1024K)]
  0x00007f071000aae0 WorkerThread "GC Thread#4"                     [id=70023, stack(0x00007f06d41ff000,0x00007f06d42ff000) (1024K)]
  0x00007f07940a5750 ConcurrentGCThread "G1 Main Marker"            [id=69923, stack(0x00007f077be03000,0x00007f077bf03000) (1024K)]
  0x00007f07940a66f0 WorkerThread "G1 Conc#0"                       [id=69924, stack(0x00007f077bd02000,0x00007f077be02000) (1024K)]
  0x00007f079414d480 ConcurrentGCThread "G1 Refine#0"               [id=69925, stack(0x00007f0778ef4000,0x00007f0778ff4000) (1024K)]
  0x00007f079414e430 ConcurrentGCThread "G1 Service"                [id=69926, stack(0x00007f0778df3000,0x00007f0778ef3000) (1024K)]
Total: 11

Threads with active compile tasks:
Total: 0

VM state: not at safepoint (normal execution)

VM Mutex/Monitor currently owned by a thread: None

Heap address: 0x000000070c000000, size: 3904 MB, Compressed Oops mode: Zero based, Oop shift amount: 3

CDS archive(s) mapped at: [0x00007f0723000000-0x00007f0723d2e000-0x00007f0723d2e000), size 13819904, SharedBaseAddress: 0x00007f0723000000, ArchiveRelocationMode: 1.
Compressed class space mapped at: 0x00007f0724000000-0x00007f0764000000, reserved size: 1073741824
Narrow klass base: 0x00007f0723000000, Narrow klass shift: 0, Narrow klass range: 0x100000000

GC Precious Log:
 CardTable entry size: 512
 Card Set container configuration: InlinePtr #cards 4 size 8 Array Of Cards #cards 16 size 48 Howl #buckets 8 coarsen threshold 3686 Howl Bitmap #cards 512 size 80 coarsen threshold 460 Card regions per heap region 1 cards per card region 4096
 CPUs: 16 total, 16 available
 Memory: 15609M
 Large Page Support: Disabled
 NUMA Support: Disabled
 Compressed Oops: Enabled (Zero based)
 Heap Region Size: 2M
 Heap Min Capacity: 8M
 Heap Initial Capacity: 244M
 Heap Max Capacity: 3904M
 Pre-touch: Disabled
 Parallel Workers: 13
 Concurrent Workers: 3
 Concurrent Refinement Workers: 13
 Periodic GC: Disabled

Heap:
 garbage-first heap   total 251904K, used 8853K [0x000000070c000000, 0x0000000800000000)
  region size 2048K, 5 young (10240K), 2 survivors (4096K)
 Metaspace       used 9031K, committed 9152K, reserved 1114112K
  class space    used 438K, committed 512K, reserved 1048576K

Heap Regions: E=young(eden), S=young(survivor), O=old, HS=humongous(starts), HC=humongous(continues), CS=collection set, F=free, TAMS=top-at-mark-start, PB=parsable bottom
|   0|0x000000070c000000, 0x000000070c000000, 0x000000070c200000|  0%| F|  |TAMS 0x000000070c000000| PB 0x000000070c000000| Untracked 
|   1|0x000000070c200000, 0x000000070c200000, 0x000000070c400000|  0%| F|  |TAMS 0x000000070c200000| PB 0x000000070c200000| Untracked 
|   2|0x000000070c400000, 0x000000070c400000, 0x000000070c600000|  0%| F|  |TAMS 0x000000070c400000| PB 0x000000070c400000| Untracked 
|   3|0x000000070c600000, 0x000000070c600000, 0x000000070c800000|  0%| F|  |TAMS 0x000000070c600000| PB 0x000000070c600000| Untracked 
|   4|0x000000070c800000, 0x000000070c800000, 0x000000070ca00000|  0%| F|  |TAMS 0x000000070c800000| PB 0x000000070c800000| Untracked 
|   5|0x000000070ca00000, 0x000000070ca00000, 0x000000070cc00000|  0%| F|  |TAMS 0x000000070ca00000| PB 0x000000070ca00000| Untracked 
|   6|0x000000070cc00000, 0x000000070cc00000, 0x000000070ce00000|  0%| F|  |TAMS 0x000000070cc00000| PB 0x000000070cc00000| Untracked 
|   7|0x000000070ce00000, 0x000000070ce00000, 0x000000070d000000|  0%| F|  |TAMS 0x000000070ce00000| PB 0x000000070ce00000| Untracked 
|   8|0x000000070d000000, 0x000000070d000000, 0x000000070d200000|  0%| F|  |TAMS 0x000000070d000000| PB 0x000000070d000000| Untracked 
|   9|0x000000070d200000, 0x000000070d200000, 0x000000070d400000|  0%| F|  |TAMS 0x000000070d200000| PB 0x000000070d200000| Untracked 
|  10|0x000000070d400000, 0x000000070d400000, 0x000000070d600000|  0%| F|  |TAMS 0x000000070d400000| PB 0x000000070d400000| Untracked 
|  11|0x000000070d600000, 0x000000070d600000, 0x000000070d800000|  0%| F|  |TAMS 0x000000070d600000| PB 0x000000070d600000| Untracked 
|  12|0x000000070d800000, 0x000000070d800000, 0x000000070da00000|  0%| F|  |TAMS 0x000000070d800000| PB 0x000000070d800000| Untracked 
|  13|0x000000070da00000, 0x000000070da00000, 0x000000070dc00000|  0%| F|  |TAMS 0x000000070da00000| PB 0x000000070da00000| Untracked 
|  14|0x000000070dc00000, 0x000000070dc00000, 0x000000070de00000|  0%| F|  |TAMS 0x000000070dc00000| PB 0x000000070dc00000| Untracked 
|  15|0x000000070de00000, 0x000000070de00000, 0x000000070e000000|  0%| F|  |TAMS 0x000000070de00000| PB 0x000000070de00000| Untracked 
|  16|0x000000070e000000, 0x000000070e000000, 0x000000070e200000|  0%| F|  |TAMS 0x000000070e000000| PB 0x000000070e000000| Untracked 
|  17|0x000000070e200000, 0x000000070e200000, 0x000000070e400000|  0%| F|  |TAMS 0x000000070e200000| PB 0x000000070e200000| Untracked 
|  18|0x000000070e400000, 0x000000070e400000, 0x000000070e600000|  0%| F|  |TAMS 0x000000070e400000| PB 0x000000070e400000| Untracked 
|  19|0x000000070e600000, 0x000000070e600000, 0x000000070e800000|  0%| F|  |TAMS 0x000000070e600000| PB 0x000000070e600000| Untracked 
|  20|0x000000070e800000, 0x000000070e800000, 0x000000070ea00000|  0%| F|  |TAMS 0x000000070e800000| PB 0x000000070e800000| Untracked 
|  21|0x000000070ea00000, 0x000000070ea00000, 0x000000070ec00000|  0%| F|  |TAMS 0x000000070ea00000| PB 0x000000070ea00000| Untracked 
|  22|0x000000070ec00000, 0x000000070ec00000, 0x000000070ee00000|  0%| F|  |TAMS 0x000000070ec00000| PB 0x000000070ec00000| Untracked 
|  23|0x000000070ee00000, 0x000000070ee00000, 0x000000070f000000|  0%| F|  |TAMS 0x000000070ee00000| PB 0x000000070ee00000| Untracked 
|  24|0x000000070f000000, 0x000000070f000000, 0x000000070f200000|  0%| F|  |TAMS 0x000000070f000000| PB 0x000000070f000000| Untracked 
|  25|0x000000070f200000, 0x000000070f200000, 0x000000070f400000|  0%| F|  |TAMS 0x000000070f200000| PB 0x000000070f200000| Untracked 
|  26|0x000000070f400000, 0x000000070f400000, 0x000000070f600000|  0%| F|  |TAMS 0x000000070f400000| PB 0x000000070f400000| Untracked 
|  27|0x000000070f600000, 0x000000070f600000, 0x000000070f800000|  0%| F|  |TAMS 0x000000070f600000| PB 0x000000070f600000| Untracked 
|  28|0x000000070f800000, 0x000000070f800000, 0x000000070fa00000|  0%| F|  |TAMS 0x000000070f800000| PB 0x000000070f800000| Untracked 
|  29|0x000000070fa00000, 0x000000070fa00000, 0x000000070fc00000|  0%| F|  |TAMS 0x000000070fa00000| PB 0x000000070fa00000| Untracked 
|  30|0x000000070fc00000, 0x000000070fc00000, 0x000000070fe00000|  0%| F|  |TAMS 0x000000070fc00000| PB 0x000000070fc00000| Untracked 
|  31|0x000000070fe00000, 0x000000070fe00000, 0x0000000710000000|  0%| F|  |TAMS 0x000000070fe00000| PB 0x000000070fe00000| Untracked 
|  32|0x0000000710000000, 0x0000000710000000, 0x0000000710200000|  0%| F|  |TAMS 0x0000000710000000| PB 0x0000000710000000| Untracked 
|  33|0x0000000710200000, 0x0000000710200000, 0x0000000710400000|  0%| F|  |TAMS 0x0000000710200000| PB 0x0000000710200000| Untracked 
|  34|0x0000000710400000, 0x0000000710400000, 0x0000000710600000|  0%| F|  |TAMS 0x0000000710400000| PB 0x0000000710400000| Untracked 
|  35|0x0000000710600000, 0x0000000710600000, 0x0000000710800000|  0%| F|  |TAMS 0x0000000710600000| PB 0x0000000710600000| Untracked 
|  36|0x0000000710800000, 0x0000000710800000, 0x0000000710a00000|  0%| F|  |TAMS 0x0000000710800000| PB 0x0000000710800000| Untracked 
|  37|0x0000000710a00000, 0x0000000710a00000, 0x0000000710c00000|  0%| F|  |TAMS 0x0000000710a00000| PB 0x0000000710a00000| Untracked 
|  38|0x0000000710c00000, 0x0000000710c00000, 0x0000000710e00000|  0%| F|  |TAMS 0x0000000710c00000| PB 0x0000000710c00000| Untracked 
|  39|0x0000000710e00000, 0x0000000710e00000, 0x0000000711000000|  0%| F|  |TAMS 0x0000000710e00000| PB 0x0000000710e00000| Untracked 
|  40|0x0000000711000000, 0x0000000711000000, 0x0000000711200000|  0%| F|  |TAMS 0x0000000711000000| PB 0x0000000711000000| Untracked 
|  41|0x0000000711200000, 0x0000000711200000, 0x0000000711400000|  0%| F|  |TAMS 0x0000000711200000| PB 0x0000000711200000| Untracked 
|  42|0x0000000711400000, 0x0000000711400000, 0x0000000711600000|  0%| F|  |TAMS 0x0000000711400000| PB 0x0000000711400000| Untracked 
|  43|0x0000000711600000, 0x0000000711600000, 0x0000000711800000|  0%| F|  |TAMS 0x0000000711600000| PB 0x0000000711600000| Untracked 
|  44|0x0000000711800000, 0x0000000711800000, 0x0000000711a00000|  0%| F|  |TAMS 0x0000000711800000| PB 0x0000000711800000| Untracked 
|  45|0x0000000711a00000, 0x0000000711a00000, 0x0000000711c00000|  0%| F|  |TAMS 0x0000000711a00000| PB 0x0000000711a00000| Untracked 
|  46|0x0000000711c00000, 0x0000000711c00000, 0x0000000711e00000|  0%| F|  |TAMS 0x0000000711c00000| PB 0x0000000711c00000| Untracked 
|  47|0x0000000711e00000, 0x0000000711f998a0, 0x0000000712000000| 79%| S|CS|TAMS 0x0000000711e00000| PB 0x0000000711e00000| Complete 
|  48|0x0000000712000000, 0x0000000712200000, 0x0000000712200000|100%| S|CS|TAMS 0x0000000712000000| PB 0x0000000712000000| Complete 
|  49|0x0000000712200000, 0x0000000712200000, 0x0000000712400000|  0%| F|  |TAMS 0x0000000712200000| PB 0x0000000712200000| Untracked 
|  50|0x0000000712400000, 0x0000000712400000, 0x0000000712600000|  0%| F|  |TAMS 0x0000000712400000| PB 0x0000000712400000| Untracked 
|  51|0x0000000712600000, 0x0000000712600000, 0x0000000712800000|  0%| F|  |TAMS 0x0000000712600000| PB 0x0000000712600000| Untracked 
|  52|0x0000000712800000, 0x0000000712800000, 0x0000000712a00000|  0%| F|  |TAMS 0x0000000712800000| PB 0x0000000712800000| Untracked 
|  53|0x0000000712a00000, 0x0000000712a00000, 0x0000000712c00000|  0%| F|  |TAMS 0x0000000712a00000| PB 0x0000000712a00000| Untracked 
|  54|0x0000000712c00000, 0x0000000712c00000, 0x0000000712e00000|  0%| F|  |TAMS 0x0000000712c00000| PB 0x0000000712c00000| Untracked 
|  55|0x0000000712e00000, 0x0000000712e00000, 0x0000000713000000|  0%| F|  |TAMS 0x0000000712e00000| PB 0x0000000712e00000| Untracked 
|  56|0x0000000713000000, 0x0000000713000000, 0x0000000713200000|  0%| F|  |TAMS 0x0000000713000000| PB 0x0000000713000000| Untracked 
|  57|0x0000000713200000, 0x0000000713200000, 0x0000000713400000|  0%| F|  |TAMS 0x0000000713200000| PB 0x0000000713200000| Untracked 
|  58|0x0000000713400000, 0x0000000713400000, 0x0000000713600000|  0%| F|  |TAMS 0x0000000713400000| PB 0x0000000713400000| Untracked 
|  59|0x0000000713600000, 0x0000000713600000, 0x0000000713800000|  0%| F|  |TAMS 0x0000000713600000| PB 0x0000000713600000| Untracked 
|  60|0x0000000713800000, 0x0000000713800000, 0x0000000713a00000|  0%| F|  |TAMS 0x0000000713800000| PB 0x0000000713800000| Untracked 
|  61|0x0000000713a00000, 0x0000000713a00000, 0x0000000713c00000|  0%| F|  |TAMS 0x0000000713a00000| PB 0x0000000713a00000| Untracked 
|  62|0x0000000713c00000, 0x0000000713c00000, 0x0000000713e00000|  0%| F|  |TAMS 0x0000000713c00000| PB 0x0000000713c00000| Untracked 
|  63|0x0000000713e00000, 0x0000000713e00000, 0x0000000714000000|  0%| F|  |TAMS 0x0000000713e00000| PB 0x0000000713e00000| Untracked 
|  64|0x0000000714000000, 0x0000000714000000, 0x0000000714200000|  0%| F|  |TAMS 0x0000000714000000| PB 0x0000000714000000| Untracked 
|  65|0x0000000714200000, 0x0000000714200000, 0x0000000714400000|  0%| F|  |TAMS 0x0000000714200000| PB 0x0000000714200000| Untracked 
|  66|0x0000000714400000, 0x0000000714400000, 0x0000000714600000|  0%| F|  |TAMS 0x0000000714400000| PB 0x0000000714400000| Untracked 
|  67|0x0000000714600000, 0x0000000714600000, 0x0000000714800000|  0%| F|  |TAMS 0x0000000714600000| PB 0x0000000714600000| Untracked 
|  68|0x0000000714800000, 0x0000000714800000, 0x0000000714a00000|  0%| F|  |TAMS 0x0000000714800000| PB 0x0000000714800000| Untracked 
|  69|0x0000000714a00000, 0x0000000714a00000, 0x0000000714c00000|  0%| F|  |TAMS 0x0000000714a00000| PB 0x0000000714a00000| Untracked 
|  70|0x0000000714c00000, 0x0000000714c00000, 0x0000000714e00000|  0%| F|  |TAMS 0x0000000714c00000| PB 0x0000000714c00000| Untracked 
|  71|0x0000000714e00000, 0x0000000714e00000, 0x0000000715000000|  0%| F|  |TAMS 0x0000000714e00000| PB 0x0000000714e00000| Untracked 
|  72|0x0000000715000000, 0x0000000715000000, 0x0000000715200000|  0%| F|  |TAMS 0x0000000715000000| PB 0x0000000715000000| Untracked 
|  73|0x0000000715200000, 0x0000000715200000, 0x0000000715400000|  0%| F|  |TAMS 0x0000000715200000| PB 0x0000000715200000| Untracked 
|  74|0x0000000715400000, 0x0000000715400000, 0x0000000715600000|  0%| F|  |TAMS 0x0000000715400000| PB 0x0000000715400000| Untracked 
|  75|0x0000000715600000, 0x0000000715600000, 0x0000000715800000|  0%| F|  |TAMS 0x0000000715600000| PB 0x0000000715600000| Untracked 
|  76|0x0000000715800000, 0x0000000715800000, 0x0000000715a00000|  0%| F|  |TAMS 0x0000000715800000| PB 0x0000000715800000| Untracked 
|  77|0x0000000715a00000, 0x0000000715a00000, 0x0000000715c00000|  0%| F|  |TAMS 0x0000000715a00000| PB 0x0000000715a00000| Untracked 
|  78|0x0000000715c00000, 0x0000000715c00000, 0x0000000715e00000|  0%| F|  |TAMS 0x0000000715c00000| PB 0x0000000715c00000| Untracked 
|  79|0x0000000715e00000, 0x0000000715e00000, 0x0000000716000000|  0%| F|  |TAMS 0x0000000715e00000| PB 0x0000000715e00000| Untracked 
|  80|0x0000000716000000, 0x0000000716000000, 0x0000000716200000|  0%| F|  |TAMS 0x0000000716000000| PB 0x0000000716000000| Untracked 
|  81|0x0000000716200000, 0x0000000716200000, 0x0000000716400000|  0%| F|  |TAMS 0x0000000716200000| PB 0x0000000716200000| Untracked 
|  82|0x0000000716400000, 0x0000000716400000, 0x0000000716600000|  0%| F|  |TAMS 0x0000000716400000| PB 0x0000000716400000| Untracked 
|  83|0x0000000716600000, 0x0000000716600000, 0x0000000716800000|  0%| F|  |TAMS 0x0000000716600000| PB 0x0000000716600000| Untracked 
|  84|0x0000000716800000, 0x0000000716800000, 0x0000000716a00000|  0%| F|  |TAMS 0x0000000716800000| PB 0x0000000716800000| Untracked 
|  85|0x0000000716a00000, 0x0000000716a00000, 0x0000000716c00000|  0%| F|  |TAMS 0x0000000716a00000| PB 0x0000000716a00000| Untracked 
|  86|0x0000000716c00000, 0x0000000716c00000, 0x0000000716e00000|  0%| F|  |TAMS 0x0000000716c00000| PB 0x0000000716c00000| Untracked 
|  87|0x0000000716e00000, 0x0000000716e00000, 0x0000000717000000|  0%| F|  |TAMS 0x0000000716e00000| PB 0x0000000716e00000| Untracked 
|  88|0x0000000717000000, 0x0000000717000000, 0x0000000717200000|  0%| F|  |TAMS 0x0000000717000000| PB 0x0000000717000000| Untracked 
|  89|0x0000000717200000, 0x0000000717200000, 0x0000000717400000|  0%| F|  |TAMS 0x0000000717200000| PB 0x0000000717200000| Untracked 
|  90|0x0000000717400000, 0x0000000717400000, 0x0000000717600000|  0%| F|  |TAMS 0x0000000717400000| PB 0x0000000717400000| Untracked 
|  91|0x0000000717600000, 0x0000000717600000, 0x0000000717800000|  0%| F|  |TAMS 0x0000000717600000| PB 0x0000000717600000| Untracked 
|  92|0x0000000717800000, 0x0000000717800000, 0x0000000717a00000|  0%| F|  |TAMS 0x0000000717800000| PB 0x0000000717800000| Untracked 
|  93|0x0000000717a00000, 0x0000000717a00000, 0x0000000717c00000|  0%| F|  |TAMS 0x0000000717a00000| PB 0x0000000717a00000| Untracked 
|  94|0x0000000717c00000, 0x0000000717c00000, 0x0000000717e00000|  0%| F|  |TAMS 0x0000000717c00000| PB 0x0000000717c00000| Untracked 
|  95|0x0000000717e00000, 0x0000000717e00000, 0x0000000718000000|  0%| F|  |TAMS 0x0000000717e00000| PB 0x0000000717e00000| Untracked 
|  96|0x0000000718000000, 0x0000000718000000, 0x0000000718200000|  0%| F|  |TAMS 0x0000000718000000| PB 0x0000000718000000| Untracked 
|  97|0x0000000718200000, 0x0000000718200000, 0x0000000718400000|  0%| F|  |TAMS 0x0000000718200000| PB 0x0000000718200000| Untracked 
|  98|0x0000000718400000, 0x0000000718400000, 0x0000000718600000|  0%| F|  |TAMS 0x0000000718400000| PB 0x0000000718400000| Untracked 
|  99|0x0000000718600000, 0x0000000718600000, 0x0000000718800000|  0%| F|  |TAMS 0x0000000718600000| PB 0x0000000718600000| Untracked 
| 100|0x0000000718800000, 0x0000000718800000, 0x0000000718a00000|  0%| F|  |TAMS 0x0000000718800000| PB 0x0000000718800000| Untracked 
| 101|0x0000000718a00000, 0x0000000718a00000, 0x0000000718c00000|  0%| F|  |TAMS 0x0000000718a00000| PB 0x0000000718a00000| Untracked 
| 102|0x0000000718c00000, 0x0000000718c00000, 0x0000000718e00000|  0%| F|  |TAMS 0x0000000718c00000| PB 0x0000000718c00000| Untracked 
| 103|0x0000000718e00000, 0x0000000718e00000, 0x0000000719000000|  0%| F|  |TAMS 0x0000000718e00000| PB 0x0000000718e00000| Untracked 
| 104|0x0000000719000000, 0x0000000719000000, 0x0000000719200000|  0%| F|  |TAMS 0x0000000719000000| PB 0x0000000719000000| Untracked 
| 105|0x0000000719200000, 0x0000000719200000, 0x0000000719400000|  0%| F|  |TAMS 0x0000000719200000| PB 0x0000000719200000| Untracked 
| 106|0x0000000719400000, 0x0000000719400000, 0x0000000719600000|  0%| F|  |TAMS 0x0000000719400000| PB 0x0000000719400000| Untracked 
| 107|0x0000000719600000, 0x0000000719600000, 0x0000000719800000|  0%| F|  |TAMS 0x0000000719600000| PB 0x0000000719600000| Untracked 
| 108|0x0000000719800000, 0x0000000719800000, 0x0000000719a00000|  0%| F|  |TAMS 0x0000000719800000| PB 0x0000000719800000| Untracked 
| 109|0x0000000719a00000, 0x0000000719a00000, 0x0000000719c00000|  0%| F|  |TAMS 0x0000000719a00000| PB 0x0000000719a00000| Untracked 
| 110|0x0000000719c00000, 0x0000000719c00000, 0x0000000719e00000|  0%| F|  |TAMS 0x0000000719c00000| PB 0x0000000719c00000| Untracked 
| 111|0x0000000719e00000, 0x0000000719e00000, 0x000000071a000000|  0%| F|  |TAMS 0x0000000719e00000| PB 0x0000000719e00000| Untracked 
| 112|0x000000071a000000, 0x000000071a000000, 0x000000071a200000|  0%| F|  |TAMS 0x000000071a000000| PB 0x000000071a000000| Untracked 
| 113|0x000000071a200000, 0x000000071a200000, 0x000000071a400000|  0%| F|  |TAMS 0x000000071a200000| PB 0x000000071a200000| Untracked 
| 114|0x000000071a400000, 0x000000071a400000, 0x000000071a600000|  0%| F|  |TAMS 0x000000071a400000| PB 0x000000071a400000| Untracked 
| 115|0x000000071a600000, 0x000000071a600000, 0x000000071a800000|  0%| F|  |TAMS 0x000000071a600000| PB 0x000000071a600000| Untracked 
| 116|0x000000071a800000, 0x000000071a800000, 0x000000071aa00000|  0%| F|  |TAMS 0x000000071a800000| PB 0x000000071a800000| Untracked 
| 117|0x000000071aa00000, 0x000000071aa00000, 0x000000071ac00000|  0%| F|  |TAMS 0x000000071aa00000| PB 0x000000071aa00000| Untracked 
| 118|0x000000071ac00000, 0x000000071ac00000, 0x000000071ae00000|  0%| F|  |TAMS 0x000000071ac00000| PB 0x000000071ac00000| Untracked 
| 119|0x000000071ae00000, 0x000000071b000000, 0x000000071b000000|100%| E|  |TAMS 0x000000071ae00000| PB 0x000000071ae00000| Complete 
| 120|0x000000071b000000, 0x000000071b200000, 0x000000071b200000|100%| E|CS|TAMS 0x000000071b000000| PB 0x000000071b000000| Complete 
| 121|0x000000071b200000, 0x000000071b400000, 0x000000071b400000|100%| E|CS|TAMS 0x000000071b200000| PB 0x000000071b200000| Complete 
|1951|0x00000007ffe00000, 0x00000007fff0bb78, 0x0000000800000000| 52%| O|  |TAMS 0x00000007ffe00000| PB 0x00000007ffe00000| Untracked 

Card table byte_map: [0x00007f077fdbf000,0x00007f078055f000] _byte_map_base: 0x00007f077c55f000

Marking Bits: (CMBitMap*) 0x00007f0794095840
 Bits: [0x00007f077c0bf000, 0x00007f077fdbf000)

Polling page: 0x00007f079a6e2000

Metaspace:

Usage:
  Non-class:      8,39 MB used.
      Class:    438,26 KB used.
       Both:      8,82 MB used.

Virtual space:
  Non-class space:       64,00 MB reserved,       8,44 MB ( 13%) committed,  1 nodes.
      Class space:        1,00 GB reserved,     512,00 KB ( <1%) committed,  1 nodes.
             Both:        1,06 GB reserved,       8,94 MB ( <1%) committed. 

Chunk freelists:
   Non-Class:  5,25 MB
       Class:  15,43 MB
        Both:  20,68 MB

MaxMetaspaceSize: unlimited
CompressedClassSpaceSize: 1,00 GB
Initial GC threshold: 21,00 MB
Current GC threshold: 21,00 MB
CDS: on
 - commit_granule_bytes: 65536.
 - commit_granule_words: 8192.
 - virtual_space_node_default_size: 8388608.
 - enlarge_chunks_in_place: 1.
 - use_allocation_guard: 0.


Internal statistics:

num_allocs_failed_limit: 0.
num_arena_births: 42.
num_arena_deaths: 0.
num_vsnodes_births: 2.
num_vsnodes_deaths: 0.
num_space_committed: 141.
num_space_uncommitted: 0.
num_chunks_returned_to_freelist: 0.
num_chunks_taken_from_freelist: 279.
num_chunk_merges: 0.
num_chunk_splits: 249.
num_chunks_enlarged: 232.
num_inconsistent_stats: 0.

CodeHeap 'non-profiled nmethods': size=119168Kb used=757Kb max_used=757Kb free=118410Kb
 bounds [0x00007f07889a0000, 0x00007f0788c10000, 0x00007f078fe00000]
CodeHeap 'profiled nmethods': size=119164Kb used=2163Kb max_used=2163Kb free=117000Kb
 bounds [0x00007f0780e00000, 0x00007f0781070000, 0x00007f078825f000]
CodeHeap 'non-nmethods': size=7428Kb used=3728Kb max_used=3742Kb free=3699Kb
 bounds [0x00007f078825f000, 0x00007f078866f000, 0x00007f07889a0000]
 total_blobs=2254 nmethods=1255 adapters=902
 compilation: enabled
              stopped_count=0, restarted_count=0
 full_count=0

Compilation events (20 events):
Event: 13,374 Thread 0x00007f06fc0e07e0 nmethod 1235 0x00007f0781015b90 code [0x00007f0781015ee0, 0x00007f0781017340]
Event: 13,374 Thread 0x00007f06fc0e07e0 1248   !   3       java.io.FileOutputStream::write (47 bytes)
Event: 13,375 Thread 0x00007f06fc0dfc20 nmethod 1247 0x00007f0781017a90 code [0x00007f0781017c40, 0x00007f0781017f30]
Event: 13,375 Thread 0x00007f06fc0dfc20 1249       3       java.io.FileDescriptor$1::getAppend (5 bytes)
Event: 13,375 Thread 0x00007f06fc0dfc20 nmethod 1249 0x00007f0781018090 code [0x00007f0781018220, 0x00007f0781018330]
Event: 13,375 Thread 0x00007f06fc0dfc20 1250       3       java.nio.ByteBuffer::clear (7 bytes)
Event: 13,375 Thread 0x00007f0794195220 nmethod 1245 0x00007f0781018410 code [0x00007f07810186c0, 0x00007f07810193f8]
Event: 13,375 Thread 0x00007f0794195220 1251   !   3       sun.nio.cs.StreamEncoder::flushBuffer (63 bytes)
Event: 13,375 Thread 0x00007f06fc0def50 nmethod 1246 0x00007f0781019890 code [0x00007f0781019aa0, 0x00007f078101a148]
Event: 13,375 Thread 0x00007f06fc0e07e0 nmethod 1248 0x00007f078101a390 code [0x00007f078101a560, 0x00007f078101a830]
Event: 13,375 Thread 0x00007f06fc0dfc20 nmethod 1250 0x00007f078101aa10 code [0x00007f078101aba0, 0x00007f078101ad18]
Event: 13,375 Thread 0x00007f0794195220 nmethod 1251 0x00007f078101ae10 code [0x00007f078101b160, 0x00007f078101c5a8]
Event: 13,479 Thread 0x00007f079418bb80 1252       4       java.util.concurrent.locks.ReentrantLock$Sync::tryRelease (51 bytes)
Event: 13,480 Thread 0x00007f079418bb80 nmethod 1252 0x00007f0788a5c810 code [0x00007f0788a5c9a0, 0x00007f0788a5cb28]
Event: 13,495 Thread 0x00007f079418bb80 1253       4       java.util.concurrent.locks.ReentrantLock$NonfairSync::initialTryLock (58 bytes)
Event: 13,496 Thread 0x00007f079418bb80 nmethod 1253 0x00007f0788a5cc10 code [0x00007f0788a5cda0, 0x00007f0788a5cf80]
Event: 13,522 Thread 0x00007f079418bb80 1254       4       java.util.concurrent.locks.AbstractQueuedSynchronizer::signalNext (34 bytes)
Event: 13,523 Thread 0x00007f079418bb80 nmethod 1254 0x00007f0788a5d090 code [0x00007f0788a5d220, 0x00007f0788a5d308]
Event: 13,651 Thread 0x00007f079418bb80 1255       4       java.io.OutputStream::flush (1 bytes)
Event: 13,651 Thread 0x00007f079418bb80 nmethod 1255 0x00007f0788a5d410 code [0x00007f0788a5d580, 0x00007f0788a5d608]

GC Heap History (18 events):
Event: 5,672 GC heap before
{Heap before GC invocations=0 (full 0):
 garbage-first heap   total 251904K, used 27694K [0x000000070c000000, 0x0000000800000000)
  region size 2048K, 11 young (22528K), 0 survivors (0K)
 Metaspace       used 6546K, committed 6720K, reserved 1114112K
  class space    used 179K, committed 256K, reserved 1048576K
}
Event: 5,678 GC heap after
{Heap after GC invocations=1 (full 0):
 garbage-first heap   total 251904K, used 4462K [0x000000070c000000, 0x0000000800000000)
  region size 2048K, 2 young (4096K), 2 survivors (4096K)
 Metaspace       used 6546K, committed 6720K, reserved 1114112K
  class space    used 179K, committed 256K, reserved 1048576K
}
Event: 5,821 GC heap before
{Heap before GC invocations=1 (full 0):
 garbage-first heap   total 251904K, used 61806K [0x000000070c000000, 0x0000000800000000)
  region size 2048K, 30 young (61440K), 2 survivors (4096K)
 Metaspace       used 6566K, committed 6720K, reserved 1114112K
  class space    used 179K, committed 256K, reserved 1048576K
}
Event: 5,822 GC heap after
{Heap after GC invocations=2 (full 0):
 garbage-first heap   total 251904K, used 4494K [0x000000070c000000, 0x0000000800000000)
  region size 2048K, 2 young (4096K), 2 survivors (4096K)
 Metaspace       used 6566K, committed 6720K, reserved 1114112K
  class space    used 179K, committed 256K, reserved 1048576K
}
Event: 13,163 GC heap before
{Heap before GC invocations=2 (full 0):
 garbage-first heap   total 251904K, used 149902K [0x000000070c000000, 0x0000000800000000)
  region size 2048K, 73 young (149504K), 2 survivors (4096K)
 Metaspace       used 8993K, committed 9152K, reserved 1114112K
  class space    used 438K, committed 512K, reserved 1048576K
}
Event: 13,165 GC heap after
{Heap after GC invocations=3 (full 0):
 garbage-first heap   total 251904K, used 4777K [0x000000070c000000, 0x0000000800000000)
  region size 2048K, 2 young (4096K), 2 survivors (4096K)
 Metaspace       used 8993K, committed 9152K, reserved 1114112K
  class space    used 438K, committed 512K, reserved 1048576K
}
Event: 13,355 GC heap before
{Heap before GC invocations=3 (full 0):
 garbage-first heap   total 251904K, used 150185K [0x000000070c000000, 0x0000000800000000)
  region size 2048K, 73 young (149504K), 2 survivors (4096K)
 Metaspace       used 9009K, committed 9152K, reserved 1114112K
  class space    used 438K, committed 512K, reserved 1048576K
}
Event: 13,356 GC heap after
{Heap after GC invocations=4 (full 0):
 garbage-first heap   total 251904K, used 4900K [0x000000070c000000, 0x0000000800000000)
  region size 2048K, 2 young (4096K), 2 survivors (4096K)
 Metaspace       used 9009K, committed 9152K, reserved 1114112K
  class space    used 438K, committed 512K, reserved 1048576K
}
Event: 13,539 GC heap before
{Heap before GC invocations=4 (full 0):
 garbage-first heap   total 251904K, used 150308K [0x000000070c000000, 0x0000000800000000)
  region size 2048K, 73 young (149504K), 2 survivors (4096K)
 Metaspace       used 9031K, committed 9152K, reserved 1114112K
  class space    used 438K, committed 512K, reserved 1048576K
}
Event: 13,539 GC heap after
{Heap after GC invocations=5 (full 0):
 garbage-first heap   total 251904K, used 4850K [0x000000070c000000, 0x0000000800000000)
  region size 2048K, 2 young (4096K), 2 survivors (4096K)
 Metaspace       used 9031K, committed 9152K, reserved 1114112K
  class space    used 438K, committed 512K, reserved 1048576K
}
Event: 13,730 GC heap before
{Heap before GC invocations=5 (full 0):
 garbage-first heap   total 251904K, used 150258K [0x000000070c000000, 0x0000000800000000)
  region size 2048K, 73 young (149504K), 2 survivors (4096K)
 Metaspace       used 9031K, committed 9152K, reserved 1114112K
  class space    used 438K, committed 512K, reserved 1048576K
}
Event: 13,731 GC heap after
{Heap after GC invocations=6 (full 0):
 garbage-first heap   total 251904K, used 4794K [0x000000070c000000, 0x0000000800000000)
  region size 2048K, 2 young (4096K), 2 survivors (4096K)
 Metaspace       used 9031K, committed 9152K, reserved 1114112K
  class space    used 438K, committed 512K, reserved 1048576K
}
Event: 13,910 GC heap before
{Heap before GC invocations=6 (full 0):
 garbage-first heap   total 251904K, used 150202K [0x000000070c000000, 0x0000000800000000)
  region size 2048K, 73 young (149504K), 2 survivors (4096K)
 Metaspace       used 9031K, committed 9152K, reserved 1114112K
  class space    used 438K, committed 512K, reserved 1048576K
}
Event: 13,911 GC heap after
{Heap after GC invocations=7 (full 0):
 garbage-first heap   total 251904K, used 4859K [0x000000070c000000, 0x0000000800000000)
  region size 2048K, 2 young (4096K), 2 survivors (4096K)
 Metaspace       used 9031K, committed 9152K, reserved 1114112K
  class space    used 438K, committed 512K, reserved 1048576K
}
Event: 14,088 GC heap before
{Heap before GC invocations=7 (full 0):
 garbage-first heap   total 251904K, used 150267K [0x000000070c000000, 0x0000000800000000)
  region size 2048K, 73 young (149504K), 2 survivors (4096K)
 Metaspace       used 9031K, committed 9152K, reserved 1114112K
  class space    used 438K, committed 512K, reserved 1048576K
}
Event: 14,088 GC heap after
{Heap after GC invocations=8 (full 0):
 garbage-first heap   total 251904K, used 4683K [0x000000070c000000, 0x0000000800000000)
  region size 2048K, 2 young (4096K), 2 survivors (4096K)
 Metaspace       used 9031K, committed 9152K, reserved 1114112K
  class space    used 438K, committed 512K, reserved 1048576K
}
Event: 14,272 GC heap before
{Heap before GC invocations=8 (full 0):
 garbage-first heap   total 251904K, used 150091K [0x000000070c000000, 0x0000000800000000)
  region size 2048K, 73 young (149504K), 2 survivors (4096K)
 Metaspace       used 9031K, committed 9152K, reserved 1114112K
  class space    used 438K, committed 512K, reserved 1048576K
}
Event: 14,273 GC heap after
{Heap after GC invocations=9 (full 0):
 garbage-first heap   total 251904K, used 4757K [0x000000070c000000, 0x0000000800000000)
  region size 2048K, 2 young (4096K), 2 survivors (4096K)
 Metaspace       used 9031K, committed 9152K, reserved 1114112K
  class space    used 438K, committed 512K, reserved 1048576K
}

Dll operation events (20 events):
Event: 0,001 Loaded shared library /home/aleksei/App/ideaIC-2025.1.2/idea-IC-251.26094.121/jbr/lib/libjava.so
Event: 0,012 Loaded shared library /home/aleksei/App/ideaIC-2025.1.2/idea-IC-251.26094.121/jbr/lib/libzip.so
Event: 0,027 Loaded shared library /home/aleksei/App/ideaIC-2025.1.2/idea-IC-251.26094.121/jbr/lib/libnio.so
Event: 0,027 Loaded shared library /home/aleksei/App/ideaIC-2025.1.2/idea-IC-251.26094.121/jbr/lib/libjimage.so
Event: 0,028 Loaded shared library /home/aleksei/App/ideaIC-2025.1.2/idea-IC-251.26094.121/jbr/lib/libzip.so
Event: 5,552 Loaded shared library /home/aleksei/.javacpp/cache/javacpp-1.5.5-linux-x86_64.jar/org/bytedeco/javacpp/linux-x86_64/libjnijavacpp.so
Event: 5,567 Loaded shared library /home/aleksei/.javacpp/cache/openblas-0.3.13-1.5.5-linux-x86_64.jar/org/bytedeco/openblas/linux-x86_64/libgcc_s.so.1
Event: 5,569 Loaded shared library /home/aleksei/.javacpp/cache/openblas-0.3.13-1.5.5-linux-x86_64.jar/org/bytedeco/openblas/linux-x86_64/libquadmath.so.0
Event: 5,572 Loaded shared library /usr/lib/libgfortran.so.5.0.0
Event: 5,575 Loaded shared library /home/aleksei/.javacpp/cache/openblas-0.3.13-1.5.5-linux-x86_64.jar/org/bytedeco/openblas/linux-x86_64/libgfortran.so.4
Event: 5,582 Loaded shared library /home/aleksei/.javacpp/cache/openblas-0.3.13-1.5.5-linux-x86_64.jar/org/bytedeco/openblas/linux-x86_64/libopenblas_nolapack.so.0
Event: 5,597 Loaded shared library /home/aleksei/.javacpp/cache/openblas-0.3.13-1.5.5-linux-x86_64.jar/org/bytedeco/openblas/linux-x86_64/libjniopenblas_nolapack.so
Event: 5,640 Loaded shared library /home/aleksei/.javacpp/cache/openblas-0.3.13-1.5.5-linux-x86_64.jar/org/bytedeco/openblas/linux-x86_64/libopenblas.so.0
Event: 5,643 Loaded shared library /home/aleksei/.javacpp/cache/openblas-0.3.13-1.5.5-linux-x86_64.jar/org/bytedeco/openblas/linux-x86_64/libjniopenblas.so
Event: 5,860 Loaded shared library /home/aleksei/.javacpp/cache/opencv-4.5.1-1.5.5-linux-x86_64.jar/org/bytedeco/opencv/linux-x86_64/libopencv_core.so.4.5
Event: 5,869 Loaded shared library /home/aleksei/.javacpp/cache/opencv-4.5.1-1.5.5-linux-x86_64.jar/org/bytedeco/opencv/linux-x86_64/libopencv_imgproc.so.4.5
Event: 5,876 Loaded shared library /home/aleksei/.javacpp/cache/opencv-4.5.1-1.5.5-linux-x86_64.jar/org/bytedeco/opencv/linux-x86_64/libjniopencv_core.so
Event: 5,906 Loaded shared library /home/aleksei/.javacpp/cache/opencv-4.5.1-1.5.5-linux-x86_64.jar/org/bytedeco/opencv/linux-x86_64/libjniopencv_imgproc.so
Event: 5,910 Loaded shared library /home/aleksei/.javacpp/cache/opencv-4.5.1-1.5.5-linux-x86_64.jar/org/bytedeco/opencv/linux-x86_64/libopencv_imgcodecs.so.4.5
Event: 5,911 Loaded shared library /home/aleksei/.javacpp/cache/opencv-4.5.1-1.5.5-linux-x86_64.jar/org/bytedeco/opencv/linux-x86_64/libjniopencv_imgcodecs.so

Deoptimization events (20 events):
Event: 5,751 Thread 0x00007f079402cf30 DEOPT PACKING pc=0x00007f0788a02444 sp=0x00007f0798dfcb30
Event: 5,751 Thread 0x00007f079402cf30 DEOPT UNPACKING pc=0x00007f07882b2f99 sp=0x00007f0798dfcac8 mode 2
Event: 5,801 Thread 0x00007f079402cf30 DEOPT PACKING pc=0x00007f0780f325f2 sp=0x00007f0798dfd0b0
Event: 5,801 Thread 0x00007f079402cf30 DEOPT UNPACKING pc=0x00007f07882b372f sp=0x00007f0798dfc558 mode 0
Event: 5,813 Thread 0x00007f079402cf30 DEOPT PACKING pc=0x00007f0780f325f2 sp=0x00007f0798dfd0b0
Event: 5,813 Thread 0x00007f079402cf30 DEOPT UNPACKING pc=0x00007f07882b372f sp=0x00007f0798dfc558 mode 0
Event: 5,922 Thread 0x00007f079402cf30 Uncommon trap: trap_request=0xffffff45 fr.pc=0x00007f07889da2c4 relative=0x00000000000005e4
Event: 5,922 Thread 0x00007f079402cf30 Uncommon trap: reason=unstable_if action=reinterpret pc=0x00007f07889da2c4 method=java.lang.Integer.getChars(II[B)I @ 25 c2
Event: 5,922 Thread 0x00007f079402cf30 DEOPT PACKING pc=0x00007f07889da2c4 sp=0x00007f0798dfe6e0
Event: 5,922 Thread 0x00007f079402cf30 DEOPT UNPACKING pc=0x00007f07882b2f99 sp=0x00007f0798dfe628 mode 2
Event: 5,922 Thread 0x00007f079402cf30 Uncommon trap: trap_request=0xffffff45 fr.pc=0x00007f07889d853c relative=0x000000000000011c
Event: 5,922 Thread 0x00007f079402cf30 Uncommon trap: reason=unstable_if action=reinterpret pc=0x00007f07889d853c method=java.lang.Integer.getChars(II[B)I @ 25 c2
Event: 5,922 Thread 0x00007f079402cf30 DEOPT PACKING pc=0x00007f07889d853c sp=0x00007f0798dfe680
Event: 5,922 Thread 0x00007f079402cf30 DEOPT UNPACKING pc=0x00007f07882b2f99 sp=0x00007f0798dfe628 mode 2
Event: 5,922 Thread 0x00007f079402cf30 Uncommon trap: trap_request=0xffffff45 fr.pc=0x00007f0788a1aba8 relative=0x0000000000000a28
Event: 5,922 Thread 0x00007f079402cf30 Uncommon trap: reason=unstable_if action=reinterpret pc=0x00007f0788a1aba8 method=jdk.internal.loader.URLClassPath$FileLoader.getResource(Ljava/lang/String;Z)Ljdk/internal/loader/Resource; @ 128 c2
Event: 5,922 Thread 0x00007f079402cf30 DEOPT PACKING pc=0x00007f0788a1aba8 sp=0x00007f0798dfddd0
Event: 5,923 Thread 0x00007f079402cf30 DEOPT UNPACKING pc=0x00007f07882b2f99 sp=0x00007f0798dfddb8 mode 2
Event: 13,043 Thread 0x00007f079402cf30 DEOPT PACKING pc=0x00007f0780fed104 sp=0x00007f0798dfe760
Event: 13,043 Thread 0x00007f079402cf30 DEOPT UNPACKING pc=0x00007f07882b372f sp=0x00007f0798dfdd00 mode 0

Classes loaded (20 events):
Event: 5,562 Loading class java/util/ArrayList$ListItr
Event: 5,562 Loading class java/util/ArrayList$ListItr done
Event: 5,566 Loading class jdk/internal/foreign/MemorySessionImpl
Event: 5,566 Loading class java/lang/foreign/MemorySegment$Scope
Event: 5,566 Loading class java/lang/foreign/MemorySegment$Scope done
Event: 5,566 Loading class jdk/internal/foreign/MemorySessionImpl done
Event: 5,575 Loading class java/nio/file/attribute/FileAttribute
Event: 5,575 Loading class java/nio/file/attribute/FileAttribute done
Event: 5,915 Loading class java/nio/ShortBuffer
Event: 5,915 Loading class java/nio/ShortBuffer done
Event: 5,915 Loading class java/nio/FloatBuffer
Event: 5,915 Loading class java/nio/FloatBuffer done
Event: 5,915 Loading class java/nio/DoubleBuffer
Event: 5,915 Loading class java/nio/DoubleBuffer done
Event: 5,915 Loading class java/lang/AssertionError
Event: 5,915 Loading class java/lang/AssertionError done
Event: 5,915 Loading class java/lang/UnsupportedOperationException
Event: 5,915 Loading class java/lang/UnsupportedOperationException done
Event: 5,923 Loading class java/lang/NoSuchFieldError
Event: 5,923 Loading class java/lang/NoSuchFieldError done

Classes unloaded (0 events):
No events

Classes redefined (0 events):
No events

Internal exceptions (6 events):
Event: 5,529 Thread 0x00007f079402cf30 Exception <a 'java/lang/NoSuchMethodError'{0x000000071afc5c90}: 'int java.lang.invoke.DirectMethodHandle$Holder.invokeStaticInit(java.lang.Object, java.lang.Object, java.lang.Object, java.lang.Object)'> (0x000000071afc5c90) 
thrown [src/hotspot/share/interpreter/linkResolver.cpp, line 783]
Event: 5,530 Thread 0x00007f079402cf30 Exception <a 'java/lang/NoSuchMethodError'{0x000000071afce7d8}: 'java.lang.Object java.lang.invoke.DirectMethodHandle$Holder.invokeInterface(java.lang.Object, java.lang.Object)'> (0x000000071afce7d8) 
thrown [src/hotspot/share/interpreter/linkResolver.cpp, line 783]
Event: 5,530 Thread 0x00007f079402cf30 Exception <a 'java/lang/IncompatibleClassChangeError'{0x000000071afd1a70}: Found class java.lang.Object, but interface was expected> (0x000000071afd1a70) 
thrown [src/hotspot/share/interpreter/linkResolver.cpp, line 851]
Event: 5,530 Thread 0x00007f079402cf30 Exception <a 'java/lang/NoSuchMethodError'{0x000000071afd4950}: 'void java.lang.invoke.DirectMethodHandle$Holder.invokeStatic(java.lang.Object, java.lang.Object)'> (0x000000071afd4950) 
thrown [src/hotspot/share/interpreter/linkResolver.cpp, line 783]
Event: 5,530 Thread 0x00007f079402cf30 Exception <a 'java/lang/NoSuchMethodError'{0x000000071afd7d60}: 'void java.lang.invoke.DirectMethodHandle$Holder.invokeStaticInit(java.lang.Object, java.lang.Object)'> (0x000000071afd7d60) 
thrown [src/hotspot/share/interpreter/linkResolver.cpp, line 783]
Event: 5,531 Thread 0x00007f079402cf30 Exception <a 'java/lang/NoSuchMethodError'{0x000000071afdda08}: 'int java.lang.invoke.DirectMethodHandle$Holder.invokeStaticInit(java.lang.Object, java.lang.Object)'> (0x000000071afdda08) 
thrown [src/hotspot/share/interpreter/linkResolver.cpp, line 783]

ZGC Phase Switch (0 events):
No events

VM Operations (20 events):
Event: 5,668 Executing VM operation: G1CollectForAllocation (G1 Evacuation Pause)
Event: 5,679 Executing VM operation: G1CollectForAllocation (G1 Evacuation Pause) done
Event: 5,821 Executing VM operation: G1CollectForAllocation (G1 Evacuation Pause)
Event: 5,822 Executing VM operation: G1CollectForAllocation (G1 Evacuation Pause) done
Event: 6,823 Executing VM operation: Cleanup
Event: 6,823 Executing VM operation: Cleanup done
Event: 13,163 Executing VM operation: G1CollectForAllocation (G1 Evacuation Pause)
Event: 13,165 Executing VM operation: G1CollectForAllocation (G1 Evacuation Pause) done
Event: 13,355 Executing VM operation: G1CollectForAllocation (G1 Evacuation Pause)
Event: 13,356 Executing VM operation: G1CollectForAllocation (G1 Evacuation Pause) done
Event: 13,539 Executing VM operation: G1CollectForAllocation (G1 Evacuation Pause)
Event: 13,539 Executing VM operation: G1CollectForAllocation (G1 Evacuation Pause) done
Event: 13,730 Executing VM operation: G1CollectForAllocation (G1 Evacuation Pause)
Event: 13,731 Executing VM operation: G1CollectForAllocation (G1 Evacuation Pause) done
Event: 13,910 Executing VM operation: G1CollectForAllocation (G1 Evacuation Pause)
Event: 13,911 Executing VM operation: G1CollectForAllocation (G1 Evacuation Pause) done
Event: 14,088 Executing VM operation: G1CollectForAllocation (G1 Evacuation Pause)
Event: 14,088 Executing VM operation: G1CollectForAllocation (G1 Evacuation Pause) done
Event: 14,272 Executing VM operation: G1CollectForAllocation (G1 Evacuation Pause)
Event: 14,273 Executing VM operation: G1CollectForAllocation (G1 Evacuation Pause) done

Memory protections (20 events):
Event: 0,013 Protecting memory [0x00007f07783ff000,0x00007f0778403000] with protection modes 0
Event: 0,013 Protecting memory [0x00007f07782fe000,0x00007f0778302000] with protection modes 0
Event: 0,013 Protecting memory [0x00007f07781fd000,0x00007f0778201000] with protection modes 0
Event: 0,013 Protecting memory [0x00007f07780fc000,0x00007f0778100000] with protection modes 0
Event: 0,013 Protecting memory [0x00007f0722f00000,0x00007f0722f04000] with protection modes 0
Event: 0,017 Protecting memory [0x00007f0722dff000,0x00007f0722e03000] with protection modes 0
Event: 0,018 Protecting memory [0x00007f0722cfe000,0x00007f0722d02000] with protection modes 0
Event: 0,030 Protecting memory [0x00007f0722bfd000,0x00007f0722c01000] with protection modes 0
Event: 0,030 Protecting memory [0x00007f0722afc000,0x00007f0722b00000] with protection modes 0
Event: 0,030 Protecting memory [0x00007f07229fb000,0x00007f07229ff000] with protection modes 0
Event: 5,513 Protecting memory [0x00007f0722bfd000,0x00007f0722c01000] with protection modes 0
Event: 5,517 Protecting memory [0x00007f0722afc000,0x00007f0722b00000] with protection modes 0
Event: 5,517 Protecting memory [0x00007f07229fb000,0x00007f07229ff000] with protection modes 0
Event: 5,556 Protecting memory [0x00007f07228fa000,0x00007f07228fe000] with protection modes 0
Event: 5,574 Protecting memory [0x00007f0722500000,0x00007f0722504000] with protection modes 0
Event: 5,574 Protecting memory [0x00007f0722100000,0x00007f0722104000] with protection modes 0
Event: 5,576 Protecting memory [0x00007f0721d00000,0x00007f0721d04000] with protection modes 0
Event: 13,373 Protecting memory [0x00007f0722afc000,0x00007f0722b00000] with protection modes 0
Event: 13,373 Protecting memory [0x00007f0722500000,0x00007f0722504000] with protection modes 0
Event: 13,373 Protecting memory [0x00007f07229fb000,0x00007f07229ff000] with protection modes 0

Nmethod flushes (0 events):
No events

Events (20 events):
Event: 0,030 Thread 0x00007f0794195220 Thread added: 0x00007f06fc038450
Event: 5,036 Thread 0x00007f06fc038450 Thread exited: 0x00007f06fc038450
Event: 5,036 Thread 0x00007f06fc037180 Thread exited: 0x00007f06fc037180
Event: 5,509 Thread 0x00007f06fc035ea0 Thread exited: 0x00007f06fc035ea0
Event: 5,513 Thread 0x00007f0794195220 Thread added: 0x00007f06fc0370d0
Event: 5,517 Thread 0x00007f0794195220 Thread added: 0x00007f06fc0b3350
Event: 5,517 Thread 0x00007f0794195220 Thread added: 0x00007f06fc0b4050
Event: 5,556 Thread 0x00007f079402cf30 Thread added: 0x00007f07943fc430
Event: 5,574 Thread 0x00007f06fc0370d0 Thread added: 0x00007f06e8156750
Event: 5,574 Thread 0x00007f06fc0370d0 Thread added: 0x00007f06e8157a80
Event: 5,576 Thread 0x00007f06fc0370d0 Thread added: 0x00007f06e81a9660
Event: 10,923 Thread 0x00007f06fc0370d0 Thread exited: 0x00007f06fc0370d0
Event: 10,931 Thread 0x00007f06e81a9660 Thread exited: 0x00007f06e81a9660
Event: 13,144 Thread 0x00007f06e8157a80 Thread exited: 0x00007f06e8157a80
Event: 13,144 Thread 0x00007f06e8156750 Thread exited: 0x00007f06e8156750
Event: 13,144 Thread 0x00007f06fc0b4050 Thread exited: 0x00007f06fc0b4050
Event: 13,235 Thread 0x00007f06fc0b3350 Thread exited: 0x00007f06fc0b3350
Event: 13,373 Thread 0x00007f0794195220 Thread added: 0x00007f06fc0def50
Event: 13,373 Thread 0x00007f0794195220 Thread added: 0x00007f06fc0dfc20
Event: 13,373 Thread 0x00007f0794195220 Thread added: 0x00007f06fc0e07e0


Dynamic libraries:
70c000000-71b400000 rw-p 00000000 00:00 0 
71b400000-7ffe00000 ---p 00000000 00:00 0 
7ffe00000-7fff0c000 rw-p 00d70000 103:06 10757205                        /home/aleksei/App/ideaIC-2025.1.2/idea-IC-251.26094.121/jbr/lib/server/classes.jsa
7fff0c000-800000000 rw-p 00000000 00:00 0 
5f746d826000-5f746d827000 r--p 00000000 103:06 10757496                  /home/aleksei/App/ideaIC-2025.1.2/idea-IC-251.26094.121/jbr/bin/java
5f746d827000-5f746d828000 r-xp 00001000 103:06 10757496                  /home/aleksei/App/ideaIC-2025.1.2/idea-IC-251.26094.121/jbr/bin/java
5f746d828000-5f746d829000 r--p 00002000 103:06 10757496                  /home/aleksei/App/ideaIC-2025.1.2/idea-IC-251.26094.121/jbr/bin/java
5f746d829000-5f746d82a000 r--p 00002000 103:06 10757496                  /home/aleksei/App/ideaIC-2025.1.2/idea-IC-251.26094.121/jbr/bin/java
5f746d82a000-5f746d82b000 rw-p 00003000 103:06 10757496                  /home/aleksei/App/ideaIC-2025.1.2/idea-IC-251.26094.121/jbr/bin/java
5f74845e3000-5f748462b000 rw-p 00000000 00:00 0                          [heap]
7f05b8000000-7f05b8021000 rw-p 00000000 00:00 0 
7f05b8021000-7f05bc000000 ---p 00000000 00:00 0 
7f05be513000-7f05be800000 rw-p 00000000 00:00 0 
7f05be800000-7f05be830000 r-xp 00000000 103:06 10881099                  /home/aleksei/.javacpp/cache/opencv-4.5.1-1.5.5-linux-x86_64.jar/org/bytedeco/opencv/linux-x86_64/libjniopencv_imgcodecs.so
7f05be830000-7f05bea2f000 ---p 00030000 103:06 10881099                  /home/aleksei/.javacpp/cache/opencv-4.5.1-1.5.5-linux-x86_64.jar/org/bytedeco/opencv/linux-x86_64/libjniopencv_imgcodecs.so
7f05bea2f000-7f05bea30000 r--p 0002f000 103:06 10881099                  /home/aleksei/.javacpp/cache/opencv-4.5.1-1.5.5-linux-x86_64.jar/org/bytedeco/opencv/linux-x86_64/libjniopencv_imgcodecs.so
7f05bea30000-7f05bea31000 rw-p 00030000 103:06 10881099                  /home/aleksei/.javacpp/cache/opencv-4.5.1-1.5.5-linux-x86_64.jar/org/bytedeco/opencv/linux-x86_64/libjniopencv_imgcodecs.so
7f05bec00000-7f05bef4e000 r-xp 00000000 103:06 10881097                  /home/aleksei/.javacpp/cache/opencv-4.5.1-1.5.5-linux-x86_64.jar/org/bytedeco/opencv/linux-x86_64/libopencv_imgcodecs.so.4.5
7f05bef4e000-7f05bf14d000 ---p 0034e000 103:06 10881097                  /home/aleksei/.javacpp/cache/opencv-4.5.1-1.5.5-linux-x86_64.jar/org/bytedeco/opencv/linux-x86_64/libopencv_imgcodecs.so.4.5
7f05bf14d000-7f05bf157000 r--p 0034d000 103:06 10881097                  /home/aleksei/.javacpp/cache/opencv-4.5.1-1.5.5-linux-x86_64.jar/org/bytedeco/opencv/linux-x86_64/libopencv_imgcodecs.so.4.5
7f05bf157000-7f05bf15b000 rw-p 00357000 103:06 10881097                  /home/aleksei/.javacpp/cache/opencv-4.5.1-1.5.5-linux-x86_64.jar/org/bytedeco/opencv/linux-x86_64/libopencv_imgcodecs.so.4.5
7f05bf15b000-7f05bf1c5000 rw-p 00000000 00:00 0 
7f05bf200000-7f05bf353000 r-xp 00000000 103:06 10881096                  /home/aleksei/.javacpp/cache/opencv-4.5.1-1.5.5-linux-x86_64.jar/org/bytedeco/opencv/linux-x86_64/libjniopencv_imgproc.so
7f05bf353000-7f05bf553000 ---p 00153000 103:06 10881096                  /home/aleksei/.javacpp/cache/opencv-4.5.1-1.5.5-linux-x86_64.jar/org/bytedeco/opencv/linux-x86_64/libjniopencv_imgproc.so
7f05bf553000-7f05bf556000 r--p 00153000 103:06 10881096                  /home/aleksei/.javacpp/cache/opencv-4.5.1-1.5.5-linux-x86_64.jar/org/bytedeco/opencv/linux-x86_64/libjniopencv_imgproc.so
7f05bf556000-7f05bf557000 rw-p 00156000 103:06 10881096                  /home/aleksei/.javacpp/cache/opencv-4.5.1-1.5.5-linux-x86_64.jar/org/bytedeco/opencv/linux-x86_64/libjniopencv_imgproc.so
7f05bf600000-7f05bfbab000 r-xp 00000000 103:06 10881093                  /home/aleksei/.javacpp/cache/opencv-4.5.1-1.5.5-linux-x86_64.jar/org/bytedeco/opencv/linux-x86_64/libopencv_imgproc.so.4.5
7f05bfbab000-7f05bfdaa000 ---p 005ab000 103:06 10881093                  /home/aleksei/.javacpp/cache/opencv-4.5.1-1.5.5-linux-x86_64.jar/org/bytedeco/opencv/linux-x86_64/libopencv_imgproc.so.4.5
7f05bfdaa000-7f05bfdc5000 r--p 005aa000 103:06 10881093                  /home/aleksei/.javacpp/cache/opencv-4.5.1-1.5.5-linux-x86_64.jar/org/bytedeco/opencv/linux-x86_64/libopencv_imgproc.so.4.5
7f05bfdc5000-7f05bfdce000 rw-p 005c5000 103:06 10881093                  /home/aleksei/.javacpp/cache/opencv-4.5.1-1.5.5-linux-x86_64.jar/org/bytedeco/opencv/linux-x86_64/libopencv_imgproc.so.4.5
7f05bfdce000-7f05bfe6e000 rw-p 00000000 00:00 0 
7f05c0000000-7f05c0021000 rw-p 00000000 00:00 0 
7f05c0021000-7f05c4000000 ---p 00000000 00:00 0 
7f05c4000000-7f05c4021000 rw-p 00000000 00:00 0 
7f05c4021000-7f05c8000000 ---p 00000000 00:00 0 
7f05c8000000-7f05c8021000 rw-p 00000000 00:00 0 
7f05c8021000-7f05cc000000 ---p 00000000 00:00 0 
7f05cc15d000-7f05cc400000 rw-p 00000000 00:00 0 
7f05cc400000-7f05cc72f000 r-xp 00000000 103:06 10881095                  /home/aleksei/.javacpp/cache/opencv-4.5.1-1.5.5-linux-x86_64.jar/org/bytedeco/opencv/linux-x86_64/libjniopencv_core.so
7f05cc72f000-7f05cc92f000 ---p 0032f000 103:06 10881095                  /home/aleksei/.javacpp/cache/opencv-4.5.1-1.5.5-linux-x86_64.jar/org/bytedeco/opencv/linux-x86_64/libjniopencv_core.so
7f05cc92f000-7f05cc93b000 r--p 0032f000 103:06 10881095                  /home/aleksei/.javacpp/cache/opencv-4.5.1-1.5.5-linux-x86_64.jar/org/bytedeco/opencv/linux-x86_64/libjniopencv_core.so
7f05cc93b000-7f05cc93e000 rw-p 0033b000 103:06 10881095                  /home/aleksei/.javacpp/cache/opencv-4.5.1-1.5.5-linux-x86_64.jar/org/bytedeco/opencv/linux-x86_64/libjniopencv_core.so
7f05cc93e000-7f05cc93f000 rw-p 00000000 00:00 0 
7f05cca00000-7f05ccdfb000 r-xp 00000000 103:06 10881085                  /home/aleksei/.javacpp/cache/opencv-4.5.1-1.5.5-linux-x86_64.jar/org/bytedeco/opencv/linux-x86_64/libopencv_core.so.4.5
7f05ccdfb000-7f05ccffa000 ---p 003fb000 103:06 10881085                  /home/aleksei/.javacpp/cache/opencv-4.5.1-1.5.5-linux-x86_64.jar/org/bytedeco/opencv/linux-x86_64/libopencv_core.so.4.5
7f05ccffa000-7f05cd008000 r--p 003fa000 103:06 10881085                  /home/aleksei/.javacpp/cache/opencv-4.5.1-1.5.5-linux-x86_64.jar/org/bytedeco/opencv/linux-x86_64/libopencv_core.so.4.5
7f05cd008000-7f05cd00e000 rw-p 00408000 103:06 10881085                  /home/aleksei/.javacpp/cache/opencv-4.5.1-1.5.5-linux-x86_64.jar/org/bytedeco/opencv/linux-x86_64/libopencv_core.so.4.5
7f05cd00e000-7f05cd014000 rw-p 00000000 00:00 0 
7f05cd200000-7f05cea3f000 r-xp 00000000 103:06 10252867                  /home/aleksei/.javacpp/cache/openblas-0.3.13-1.5.5-linux-x86_64.jar/org/bytedeco/openblas/linux-x86_64/libjniopenblas.so
7f05cea3f000-7f05cec3f000 ---p 0183f000 103:06 10252867                  /home/aleksei/.javacpp/cache/openblas-0.3.13-1.5.5-linux-x86_64.jar/org/bytedeco/openblas/linux-x86_64/libjniopenblas.so
7f05cec3f000-7f05cec40000 r--p 0183f000 103:06 10252867                  /home/aleksei/.javacpp/cache/openblas-0.3.13-1.5.5-linux-x86_64.jar/org/bytedeco/openblas/linux-x86_64/libjniopenblas.so
7f05cec40000-7f05cec48000 rw-p 01840000 103:06 10252867                  /home/aleksei/.javacpp/cache/openblas-0.3.13-1.5.5-linux-x86_64.jar/org/bytedeco/openblas/linux-x86_64/libjniopenblas.so
7f05cec48000-7f05cec49000 rw-p 00000000 00:00 0 
7f05cee00000-7f05dee00000 rw-p 00000000 00:00 0 
7f05defff000-7f05df000000 ---p 00000000 00:00 0 
7f05df000000-7f05df800000 rw-p 00000000 00:00 0 
7f05df800000-7f05e7800000 rw-p 00000000 00:00 0 
7f05e79ff000-7f05e7a00000 ---p 00000000 00:00 0 
7f05e7a00000-7f05e8200000 rw-p 00000000 00:00 0 
7f05e8200000-7f05f0200000 rw-p 00000000 00:00 0 
7f05f03ff000-7f05f0400000 ---p 00000000 00:00 0 
7f05f0400000-7f05f0c00000 rw-p 00000000 00:00 0 
7f05f0c00000-7f05f8c00000 rw-p 00000000 00:00 0 
7f05f8dff000-7f05f8e00000 ---p 00000000 00:00 0 
7f05f8e00000-7f05f9600000 rw-p 00000000 00:00 0 
7f05f9600000-7f0601600000 rw-p 00000000 00:00 0 
7f06017ff000-7f0601800000 ---p 00000000 00:00 0 
7f0601800000-7f0602000000 rw-p 00000000 00:00 0 
7f0602000000-7f060a000000 rw-p 00000000 00:00 0 
7f060a1ff000-7f060a200000 ---p 00000000 00:00 0 
7f060a200000-7f060aa00000 rw-p 00000000 00:00 0 
7f060aa00000-7f0612a00000 rw-p 00000000 00:00 0 
7f0612bff000-7f0612c00000 ---p 00000000 00:00 0 
7f0612c00000-7f0613400000 rw-p 00000000 00:00 0 
7f0613400000-7f061b400000 rw-p 00000000 00:00 0 
7f061b5ff000-7f061b600000 ---p 00000000 00:00 0 
7f061b600000-7f061be00000 rw-p 00000000 00:00 0 
7f061be00000-7f0623e00000 rw-p 00000000 00:00 0 
7f0623fff000-7f0624000000 ---p 00000000 00:00 0 
7f0624000000-7f0624800000 rw-p 00000000 00:00 0 
7f0624800000-7f062c800000 rw-p 00000000 00:00 0 
7f062c9ff000-7f062ca00000 ---p 00000000 00:00 0 
7f062ca00000-7f062d200000 rw-p 00000000 00:00 0 
7f062d200000-7f0635200000 rw-p 00000000 00:00 0 
7f06353ff000-7f0635400000 ---p 00000000 00:00 0 
7f0635400000-7f0635c00000 rw-p 00000000 00:00 0 
7f0635c00000-7f063dc00000 rw-p 00000000 00:00 0 
7f063ddff000-7f063de00000 ---p 00000000 00:00 0 
7f063de00000-7f063e600000 rw-p 00000000 00:00 0 
7f063e600000-7f064e600000 rw-p 00000000 00:00 0 
7f064e7fd000-7f064e7fe000 ---p 00000000 00:00 0 
7f064e7fe000-7f064effe000 rw-p 00000000 00:00 0 
7f064effe000-7f064efff000 ---p 00000000 00:00 0 
7f064efff000-7f064f7ff000 rw-p 00000000 00:00 0 
7f064f7ff000-7f064f800000 ---p 00000000 00:00 0 
7f064f800000-7f0650000000 rw-p 00000000 00:00 0 
7f0650000000-7f0651cfc000 r-xp 00000000 103:06 10252697                  /home/aleksei/.javacpp/cache/openblas-0.3.13-1.5.5-linux-x86_64.jar/org/bytedeco/openblas/linux-x86_64/libopenblas.so.0
7f0651cfc000-7f0651efc000 ---p 01cfc000 103:06 10252697                  /home/aleksei/.javacpp/cache/openblas-0.3.13-1.5.5-linux-x86_64.jar/org/bytedeco/openblas/linux-x86_64/libopenblas.so.0
7f0651efc000-7f0651f02000 r--p 01cfc000 103:06 10252697                  /home/aleksei/.javacpp/cache/openblas-0.3.13-1.5.5-linux-x86_64.jar/org/bytedeco/openblas/linux-x86_64/libopenblas.so.0
7f0651f02000-7f0651f18000 rw-p 01d02000 103:06 10252697                  /home/aleksei/.javacpp/cache/openblas-0.3.13-1.5.5-linux-x86_64.jar/org/bytedeco/openblas/linux-x86_64/libopenblas.so.0
7f0651f18000-7f0651f24000 rw-p 00000000 00:00 0 
7f0652000000-7f0672000000 rw-p 00000000 00:00 0 
7f06721ff000-7f0672200000 ---p 00000000 00:00 0 
7f0672200000-7f0672a00000 rw-p 00000000 00:00 0 
7f0672a00000-7f067aa00000 rw-p 00000000 00:00 0 
7f067abff000-7f067ac00000 ---p 00000000 00:00 0 
7f067ac00000-7f067b400000 rw-p 00000000 00:00 0 
7f067b400000-7f0683400000 rw-p 00000000 00:00 0 
7f06835fd000-7f06835fe000 ---p 00000000 00:00 0 
7f06835fe000-7f0683dfe000 rw-p 00000000 00:00 0 
7f0683dfe000-7f0683dff000 ---p 00000000 00:00 0 
7f0683dff000-7f06845ff000 rw-p 00000000 00:00 0 
7f06845ff000-7f0684600000 ---p 00000000 00:00 0 
7f0684600000-7f0684e00000 rw-p 00000000 00:00 0 
7f0684e00000-7f068ce00000 rw-p 00000000 00:00 0 
7f068cfff000-7f068d000000 ---p 00000000 00:00 0 
7f068d000000-7f068d800000 rw-p 00000000 00:00 0 
7f068d800000-7f0695800000 rw-p 00000000 00:00 0 
7f06959ff000-7f0695a00000 ---p 00000000 00:00 0 
7f0695a00000-7f0696200000 rw-p 00000000 00:00 0 
7f0696200000-7f069e200000 rw-p 00000000 00:00 0 
7f069e3ff000-7f069e400000 ---p 00000000 00:00 0 
7f069e400000-7f069ec00000 rw-p 00000000 00:00 0 
7f069ec00000-7f06a6c00000 rw-p 00000000 00:00 0 
7f06a6dff000-7f06a6e00000 ---p 00000000 00:00 0 
7f06a6e00000-7f06a7600000 rw-p 00000000 00:00 0 
7f06a7600000-7f06af600000 rw-p 00000000 00:00 0 
7f06af7ff000-7f06af800000 ---p 00000000 00:00 0 
7f06af800000-7f06b0000000 rw-p 00000000 00:00 0 
7f06b0000000-7f06d0000000 rw-p 00000000 00:00 0 
7f06d0000000-7f06d0459000 rw-p 00000000 00:00 0 
7f06d0459000-7f06d4000000 ---p 00000000 00:00 0 
7f06d41fe000-7f06d41ff000 ---p 00000000 00:00 0 
7f06d41ff000-7f06d42ff000 rw-p 00000000 00:00 0 
7f06d42ff000-7f06d4300000 ---p 00000000 00:00 0 
7f06d4300000-7f06d4400000 rw-p 00000000 00:00 0 
7f06d4400000-7f06d4449000 r-xp 00000000 103:06 10251275                  /home/aleksei/.javacpp/cache/openblas-0.3.13-1.5.5-linux-x86_64.jar/org/bytedeco/openblas/linux-x86_64/libjniopenblas_nolapack.so
7f06d4449000-7f06d4649000 ---p 00049000 103:06 10251275                  /home/aleksei/.javacpp/cache/openblas-0.3.13-1.5.5-linux-x86_64.jar/org/bytedeco/openblas/linux-x86_64/libjniopenblas_nolapack.so
7f06d4649000-7f06d464a000 r--p 00049000 103:06 10251275                  /home/aleksei/.javacpp/cache/openblas-0.3.13-1.5.5-linux-x86_64.jar/org/bytedeco/openblas/linux-x86_64/libjniopenblas_nolapack.so
7f06d464a000-7f06d464b000 rw-p 0004a000 103:06 10251275                  /home/aleksei/.javacpp/cache/openblas-0.3.13-1.5.5-linux-x86_64.jar/org/bytedeco/openblas/linux-x86_64/libjniopenblas_nolapack.so
7f06d46fc000-7f06d46fd000 ---p 00000000 00:00 0 
7f06d46fd000-7f06d47fd000 rw-p 00000000 00:00 0 
7f06d47fd000-7f06d47fe000 ---p 00000000 00:00 0 
7f06d47fe000-7f06d4ffe000 rw-p 00000000 00:00 0 
7f06d4ffe000-7f06d4fff000 ---p 00000000 00:00 0 
7f06d4fff000-7f06d57ff000 rw-p 00000000 00:00 0 
7f06d57ff000-7f06d5800000 ---p 00000000 00:00 0 
7f06d5800000-7f06d6000000 rw-p 00000000 00:00 0 
7f06d6000000-7f06d7cfc000 r-xp 00000000 103:06 10251272                  /home/aleksei/.javacpp/cache/openblas-0.3.13-1.5.5-linux-x86_64.jar/org/bytedeco/openblas/linux-x86_64/libopenblas_nolapack.so.0
7f06d7cfc000-7f06d7efc000 ---p 01cfc000 103:06 10251272                  /home/aleksei/.javacpp/cache/openblas-0.3.13-1.5.5-linux-x86_64.jar/org/bytedeco/openblas/linux-x86_64/libopenblas_nolapack.so.0
7f06d7efc000-7f06d7f02000 r--p 01cfc000 103:06 10251272                  /home/aleksei/.javacpp/cache/openblas-0.3.13-1.5.5-linux-x86_64.jar/org/bytedeco/openblas/linux-x86_64/libopenblas_nolapack.so.0
7f06d7f02000-7f06d7f18000 rw-p 01d02000 103:06 10251272                  /home/aleksei/.javacpp/cache/openblas-0.3.13-1.5.5-linux-x86_64.jar/org/bytedeco/openblas/linux-x86_64/libopenblas_nolapack.so.0
7f06d7f18000-7f06d7f24000 rw-p 00000000 00:00 0 
7f06d8000000-7f06d8511000 rw-p 00000000 00:00 0 
7f06d8511000-7f06dc000000 ---p 00000000 00:00 0 
7f06dc000000-7f06dc856000 rw-p 00000000 00:00 0 
7f06dc856000-7f06e0000000 ---p 00000000 00:00 0 
7f06e0000000-7f06e0899000 rw-p 00000000 00:00 0 
7f06e0899000-7f06e4000000 ---p 00000000 00:00 0 
7f06e4000000-7f06e4021000 rw-p 00000000 00:00 0 
7f06e4021000-7f06e8000000 ---p 00000000 00:00 0 
7f06e8000000-7f06e81e0000 rw-p 00000000 00:00 0 
7f06e81e0000-7f06ec000000 ---p 00000000 00:00 0 
7f06ec000000-7f06ec7da000 rw-p 00000000 00:00 0 
7f06ec7da000-7f06f0000000 ---p 00000000 00:00 0 
7f06f0000000-7f06f0021000 rw-p 00000000 00:00 0 
7f06f0021000-7f06f4000000 ---p 00000000 00:00 0 
7f06f4000000-7f06f4021000 rw-p 00000000 00:00 0 
7f06f4021000-7f06f8000000 ---p 00000000 00:00 0 
7f06f8000000-7f06f89f7000 rw-p 00000000 00:00 0 
7f06f89f7000-7f06fc000000 ---p 00000000 00:00 0 
7f06fc000000-7f06fc341000 rw-p 00000000 00:00 0 
7f06fc341000-7f0700000000 ---p 00000000 00:00 0 
7f0700000000-7f0700021000 rw-p 00000000 00:00 0 
7f0700021000-7f0704000000 ---p 00000000 00:00 0 
7f0704000000-7f0704021000 rw-p 00000000 00:00 0 
7f0704021000-7f0708000000 ---p 00000000 00:00 0 
7f0708000000-7f0708021000 rw-p 00000000 00:00 0 
7f0708021000-7f070c000000 ---p 00000000 00:00 0 
7f070c000000-7f070c021000 rw-p 00000000 00:00 0 
7f070c021000-7f0710000000 ---p 00000000 00:00 0 
7f0710000000-7f0710021000 rw-p 00000000 00:00 0 
7f0710021000-7f0714000000 ---p 00000000 00:00 0 
7f0714000000-7f0714021000 rw-p 00000000 00:00 0 
7f0714021000-7f0718000000 ---p 00000000 00:00 0 
7f0718000000-7f07181b0000 rw-p 00000000 00:00 0 
7f07181b0000-7f0718400000 ---p 00000000 00:00 0 
7f0718400000-7f07184a0000 rw-p 00000000 00:00 0 
7f07184a0000-7f0718ac0000 rw-p 00000000 00:00 0 
7f0718ac0000-7f071c000000 ---p 00000000 00:00 0 
7f071c000000-7f071c021000 rw-p 00000000 00:00 0 
7f071c021000-7f0720000000 ---p 00000000 00:00 0 
7f07200fd000-7f07200fe000 ---p 00000000 00:00 0 
7f07200fe000-7f07201fe000 rw-p 00000000 00:00 0 
7f07201fe000-7f07201ff000 ---p 00000000 00:00 0 
7f07201ff000-7f07209ff000 rw-p 00000000 00:00 0 
7f07209ff000-7f0720a00000 ---p 00000000 00:00 0 
7f0720a00000-7f0721200000 rw-p 00000000 00:00 0 
7f0721200000-7f072136c000 r-xp 00000000 103:06 10250393                  /home/aleksei/.javacpp/cache/openblas-0.3.13-1.5.5-linux-x86_64.jar/org/bytedeco/openblas/linux-x86_64/libgfortran.so.4
7f072136c000-7f072156b000 ---p 0016c000 103:06 10250393                  /home/aleksei/.javacpp/cache/openblas-0.3.13-1.5.5-linux-x86_64.jar/org/bytedeco/openblas/linux-x86_64/libgfortran.so.4
7f072156b000-7f072156e000 rw-p 0016b000 103:06 10250393                  /home/aleksei/.javacpp/cache/openblas-0.3.13-1.5.5-linux-x86_64.jar/org/bytedeco/openblas/linux-x86_64/libgfortran.so.4
7f0721600000-7f072161c000 r--p 00000000 103:06 12063993                  /usr/lib/libgfortran.so.5.0.0
7f072161c000-7f07218f9000 r-xp 0001c000 103:06 12063993                  /usr/lib/libgfortran.so.5.0.0
7f07218f9000-7f0721923000 r--p 002f9000 103:06 12063993                  /usr/lib/libgfortran.so.5.0.0
7f0721923000-7f0721925000 r--p 00323000 103:06 12063993                  /usr/lib/libgfortran.so.5.0.0
7f0721925000-7f0721926000 rw-p 00325000 103:06 12063993                  /usr/lib/libgfortran.so.5.0.0
7f0721a00000-7f0721a3f000 r-xp 00000000 103:06 10250391                  /home/aleksei/.javacpp/cache/openblas-0.3.13-1.5.5-linux-x86_64.jar/org/bytedeco/openblas/linux-x86_64/libquadmath.so.0
7f0721a3f000-7f0721c3e000 ---p 0003f000 103:06 10250391                  /home/aleksei/.javacpp/cache/openblas-0.3.13-1.5.5-linux-x86_64.jar/org/bytedeco/openblas/linux-x86_64/libquadmath.so.0
7f0721c3e000-7f0721c3f000 rw-p 0003e000 103:06 10250391                  /home/aleksei/.javacpp/cache/openblas-0.3.13-1.5.5-linux-x86_64.jar/org/bytedeco/openblas/linux-x86_64/libquadmath.so.0
7f0721cff000-7f0721d00000 ---p 00000000 00:00 0 
7f0721d00000-7f0721d04000 ---p 00000000 00:00 0 
7f0721d04000-7f0721e00000 rw-p 00000000 00:00 0 
7f0721e00000-7f0721e16000 r-xp 00000000 103:06 10250389                  /home/aleksei/.javacpp/cache/openblas-0.3.13-1.5.5-linux-x86_64.jar/org/bytedeco/openblas/linux-x86_64/libgcc_s.so.1
7f0721e16000-7f0722015000 ---p 00016000 103:06 10250389                  /home/aleksei/.javacpp/cache/openblas-0.3.13-1.5.5-linux-x86_64.jar/org/bytedeco/openblas/linux-x86_64/libgcc_s.so.1
7f0722015000-7f0722016000 rw-p 00015000 103:06 10250389                  /home/aleksei/.javacpp/cache/openblas-0.3.13-1.5.5-linux-x86_64.jar/org/bytedeco/openblas/linux-x86_64/libgcc_s.so.1
7f07220ff000-7f0722100000 ---p 00000000 00:00 0 
7f0722100000-7f0722104000 ---p 00000000 00:00 0 
7f0722104000-7f0722200000 rw-p 00000000 00:00 0 
7f0722200000-7f0722297000 r--p 00000000 103:06 12065959                  /usr/lib/libstdc++.so.6.0.33
7f0722297000-7f07223e4000 r-xp 00097000 103:06 12065959                  /usr/lib/libstdc++.so.6.0.33
7f07223e4000-7f0722474000 r--p 001e4000 103:06 12065959                  /usr/lib/libstdc++.so.6.0.33
7f0722474000-7f0722481000 r--p 00274000 103:06 12065959                  /usr/lib/libstdc++.so.6.0.33
7f0722481000-7f0722482000 rw-p 00281000 103:06 12065959                  /usr/lib/libstdc++.so.6.0.33
7f0722482000-7f0722486000 rw-p 00000000 00:00 0 
7f07224ff000-7f0722500000 ---p 00000000 00:00 0 
7f0722500000-7f0722504000 ---p 00000000 00:00 0 
7f0722504000-7f0722600000 rw-p 00000000 00:00 0 
7f0722600000-7f072260d000 r-xp 00000000 103:06 10250383                  /home/aleksei/.javacpp/cache/javacpp-1.5.5-linux-x86_64.jar/org/bytedeco/javacpp/linux-x86_64/libjnijavacpp.so
7f072260d000-7f072280c000 ---p 0000d000 103:06 10250383                  /home/aleksei/.javacpp/cache/javacpp-1.5.5-linux-x86_64.jar/org/bytedeco/javacpp/linux-x86_64/libjnijavacpp.so
7f072280c000-7f072280d000 r--p 0000c000 103:06 10250383                  /home/aleksei/.javacpp/cache/javacpp-1.5.5-linux-x86_64.jar/org/bytedeco/javacpp/linux-x86_64/libjnijavacpp.so
7f072280d000-7f072280e000 rw-p 0000d000 103:06 10250383                  /home/aleksei/.javacpp/cache/javacpp-1.5.5-linux-x86_64.jar/org/bytedeco/javacpp/linux-x86_64/libjnijavacpp.so
7f07228f9000-7f07228fa000 ---p 00000000 00:00 0 
7f07228fa000-7f07228fe000 ---p 00000000 00:00 0 
7f07228fe000-7f07229fa000 rw-p 00000000 00:00 0 
7f07229fa000-7f07229fb000 ---p 00000000 00:00 0 
7f07229fb000-7f07229ff000 ---p 00000000 00:00 0 
7f07229ff000-7f0722afb000 rw-p 00000000 00:00 0 
7f0722afb000-7f0722afc000 ---p 00000000 00:00 0 
7f0722afc000-7f0722b00000 ---p 00000000 00:00 0 
7f0722b00000-7f0722bfc000 rw-p 00000000 00:00 0 
7f0722bfc000-7f0722bfd000 ---p 00000000 00:00 0 
7f0722bfd000-7f0722c01000 ---p 00000000 00:00 0 
7f0722c01000-7f0722cfd000 rw-p 00000000 00:00 0 
7f0722cfd000-7f0722cfe000 ---p 00000000 00:00 0 
7f0722cfe000-7f0722d02000 ---p 00000000 00:00 0 
7f0722d02000-7f0722dfe000 rw-p 00000000 00:00 0 
7f0722dfe000-7f0722dff000 ---p 00000000 00:00 0 
7f0722dff000-7f0722e03000 ---p 00000000 00:00 0 
7f0722e03000-7f0722eff000 rw-p 00000000 00:00 0 
7f0722eff000-7f0722f00000 ---p 00000000 00:00 0 
7f0722f00000-7f0722f04000 ---p 00000000 00:00 0 
7f0722f04000-7f0723000000 rw-p 00000000 00:00 0 
7f0723000000-7f0723d2e000 rw-p 00001000 103:06 10757205                  /home/aleksei/App/ideaIC-2025.1.2/idea-IC-251.26094.121/jbr/lib/server/classes.jsa
7f0723d2e000-7f0724000000 ---p 00000000 00:00 0 
7f0724000000-7f0724040000 rw-p 00000000 00:00 0 
7f0724040000-7f0724060000 rw-p 00000000 00:00 0 
7f0724060000-7f0724080000 ---p 00000000 00:00 0 
7f0724080000-7f07240a0000 rw-p 00000000 00:00 0 
7f07240a0000-7f0764000000 ---p 00000000 00:00 0 
7f0764000000-7f0764021000 rw-p 00000000 00:00 0 
7f0764021000-7f0768000000 ---p 00000000 00:00 0 
7f0768000000-7f0768021000 rw-p 00000000 00:00 0 
7f0768021000-7f076c000000 ---p 00000000 00:00 0 
7f076c000000-7f076c021000 rw-p 00000000 00:00 0 
7f076c021000-7f0770000000 ---p 00000000 00:00 0 
7f0770000000-7f0770021000 rw-p 00000000 00:00 0 
7f0770021000-7f0774000000 ---p 00000000 00:00 0 
7f0774000000-7f0774021000 rw-p 00000000 00:00 0 
7f0774021000-7f0778000000 ---p 00000000 00:00 0 
7f07780cd000-7f07780d1000 r--p 00000000 103:06 12063952                  /usr/lib/libgcc_s.so.1
7f07780d1000-7f07780f5000 r-xp 00004000 103:06 12063952                  /usr/lib/libgcc_s.so.1
7f07780f5000-7f07780f9000 r--p 00028000 103:06 12063952                  /usr/lib/libgcc_s.so.1
7f07780f9000-7f07780fa000 r--p 0002b000 103:06 12063952                  /usr/lib/libgcc_s.so.1
7f07780fa000-7f07780fb000 rw-p 0002c000 103:06 12063952                  /usr/lib/libgcc_s.so.1
7f07780fb000-7f07780fc000 ---p 00000000 00:00 0 
7f07780fc000-7f0778100000 ---p 00000000 00:00 0 
7f0778100000-7f07781fc000 rw-p 00000000 00:00 0 
7f07781fc000-7f07781fd000 ---p 00000000 00:00 0 
7f07781fd000-7f0778201000 ---p 00000000 00:00 0 
7f0778201000-7f07782fd000 rw-p 00000000 00:00 0 
7f07782fd000-7f07782fe000 ---p 00000000 00:00 0 
7f07782fe000-7f0778302000 ---p 00000000 00:00 0 
7f0778302000-7f07783fe000 rw-p 00000000 00:00 0 
7f07783fe000-7f07783ff000 ---p 00000000 00:00 0 
7f07783ff000-7f0778403000 ---p 00000000 00:00 0 
7f0778403000-7f07784ff000 rw-p 00000000 00:00 0 
7f07784ff000-7f0778500000 ---p 00000000 00:00 0 
7f0778500000-7f0778504000 ---p 00000000 00:00 0 
7f0778504000-7f0778600000 rw-p 00000000 00:00 0 
7f0778600000-7f07788ef000 r--p 00000000 103:06 12093564                  /usr/lib/locale/locale-archive
7f0778944000-7f0778947000 r--p 00000000 103:06 10757193                  /home/aleksei/App/ideaIC-2025.1.2/idea-IC-251.26094.121/jbr/lib/libnet.so
7f0778947000-7f077894f000 r-xp 00003000 103:06 10757193                  /home/aleksei/App/ideaIC-2025.1.2/idea-IC-251.26094.121/jbr/lib/libnet.so
7f077894f000-7f0778951000 r--p 0000b000 103:06 10757193                  /home/aleksei/App/ideaIC-2025.1.2/idea-IC-251.26094.121/jbr/lib/libnet.so
7f0778951000-7f0778952000 ---p 0000d000 103:06 10757193                  /home/aleksei/App/ideaIC-2025.1.2/idea-IC-251.26094.121/jbr/lib/libnet.so
7f0778952000-7f0778953000 r--p 0000d000 103:06 10757193                  /home/aleksei/App/ideaIC-2025.1.2/idea-IC-251.26094.121/jbr/lib/libnet.so
7f0778953000-7f0778954000 rw-p 00000000 00:00 0 
7f0778954000-7f0778955000 ---p 00000000 00:00 0 
7f0778955000-7f0778959000 ---p 00000000 00:00 0 
7f0778959000-7f0778a55000 rw-p 00000000 00:00 0 
7f0778a55000-7f0778a56000 ---p 00000000 00:00 0 
7f0778a56000-7f0778b56000 rw-p 00000000 00:00 0 
7f0778b56000-7f0778b57000 ---p 00000000 00:00 0 
7f0778b57000-7f0778c57000 rw-p 00000000 00:00 0 
7f0778d71000-7f0778df2000 rw-p 00000000 00:00 0 
7f0778df2000-7f0778df3000 ---p 00000000 00:00 0 
7f0778df3000-7f0778ef3000 rw-p 00000000 00:00 0 
7f0778ef3000-7f0778ef4000 ---p 00000000 00:00 0 
7f0778ef4000-7f0778ff4000 rw-p 00000000 00:00 0 
7f0778ff4000-7f077bd01000 rw-p 00000000 00:00 0 
7f077bd01000-7f077bd02000 ---p 00000000 00:00 0 
7f077bd02000-7f077be02000 rw-p 00000000 00:00 0 
7f077be02000-7f077be03000 ---p 00000000 00:00 0 
7f077be03000-7f077bf03000 rw-p 00000000 00:00 0 
7f077bf03000-7f077bf04000 ---p 00000000 00:00 0 
7f077bf04000-7f077c004000 rw-p 00000000 00:00 0 
7f077c004000-7f077c48f000 rw-p 00000000 00:00 0 
7f077c48f000-7f077fdb7000 ---p 00000000 00:00 0 
7f077fdb7000-7f077fe39000 rw-p 00000000 00:00 0 
7f077fe39000-7f078055e000 ---p 00000000 00:00 0 
7f078055e000-7f07805d9000 rw-p 00000000 00:00 0 
7f07805d9000-7f0780cfe000 ---p 00000000 00:00 0 
7f0780cfe000-7f0780e00000 rw-p 00000000 00:00 0 
7f0780e00000-7f0781070000 rwxp 00000000 00:00 0 
7f0781070000-7f078825f000 ---p 00000000 00:00 0 
7f078825f000-7f078866f000 rwxp 00000000 00:00 0 
7f078866f000-7f07889a0000 ---p 00000000 00:00 0 
7f07889a0000-7f0788c10000 rwxp 00000000 00:00 0 
7f0788c10000-7f078fe00000 ---p 00000000 00:00 0 
7f078fe00000-7f0793e63000 r--s 00000000 103:06 10757190                  /home/aleksei/App/ideaIC-2025.1.2/idea-IC-251.26094.121/jbr/lib/modules
7f0793e63000-7f0794a22000 rw-p 00000000 00:00 0 
7f0794a22000-7f0798000000 ---p 00000000 00:00 0 
7f0798005000-7f079800c000 r--s 00000000 103:06 12093565                  /usr/lib/gconv/gconv-modules.cache
7f079800c000-7f0798013000 r--p 00000000 103:06 10757213                  /home/aleksei/App/ideaIC-2025.1.2/idea-IC-251.26094.121/jbr/lib/libnio.so
7f0798013000-7f079801c000 r-xp 00007000 103:06 10757213                  /home/aleksei/App/ideaIC-2025.1.2/idea-IC-251.26094.121/jbr/lib/libnio.so
7f079801c000-7f0798020000 r--p 00010000 103:06 10757213                  /home/aleksei/App/ideaIC-2025.1.2/idea-IC-251.26094.121/jbr/lib/libnio.so
7f0798020000-7f0798021000 ---p 00014000 103:06 10757213                  /home/aleksei/App/ideaIC-2025.1.2/idea-IC-251.26094.121/jbr/lib/libnio.so
7f0798021000-7f0798022000 r--p 00014000 103:06 10757213                  /home/aleksei/App/ideaIC-2025.1.2/idea-IC-251.26094.121/jbr/lib/libnio.so
7f0798022000-7f0798023000 rw-p 00015000 103:06 10757213                  /home/aleksei/App/ideaIC-2025.1.2/idea-IC-251.26094.121/jbr/lib/libnio.so
7f0798023000-7f0798b33000 rw-p 00000000 00:00 0 
7f0798b33000-7f0798c17000 ---p 00000000 00:00 0 
7f0798c17000-7f0798c1c000 rw-p 00000000 00:00 0 
7f0798c1c000-7f0798d00000 ---p 00000000 00:00 0 
7f0798d00000-7f0798d04000 ---p 00000000 00:00 0 
7f0798d04000-7f0798e00000 rw-p 00000000 00:00 0 
7f0798e00000-7f07990a3000 r--p 00000000 103:06 10757202                  /home/aleksei/App/ideaIC-2025.1.2/idea-IC-251.26094.121/jbr/lib/server/libjvm.so
7f07990a3000-7f0799f11000 r-xp 002a3000 103:06 10757202                  /home/aleksei/App/ideaIC-2025.1.2/idea-IC-251.26094.121/jbr/lib/server/libjvm.so
7f0799f11000-7f079a1f7000 r--p 01111000 103:06 10757202                  /home/aleksei/App/ideaIC-2025.1.2/idea-IC-251.26094.121/jbr/lib/server/libjvm.so
7f079a1f7000-7f079a1f8000 ---p 013f7000 103:06 10757202                  /home/aleksei/App/ideaIC-2025.1.2/idea-IC-251.26094.121/jbr/lib/server/libjvm.so
7f079a1f8000-7f079a2cc000 r--p 013f7000 103:06 10757202                  /home/aleksei/App/ideaIC-2025.1.2/idea-IC-251.26094.121/jbr/lib/server/libjvm.so
7f079a2cc000-7f079a2fc000 rw-p 014cb000 103:06 10757202                  /home/aleksei/App/ideaIC-2025.1.2/idea-IC-251.26094.121/jbr/lib/server/libjvm.so
7f079a2fc000-7f079a372000 rw-p 00000000 00:00 0 
7f079a374000-7f079a375000 r--p 00000000 103:06 12191649                  /usr/share/locale/en_GB/LC_MESSAGES/libc.mo
7f079a375000-7f079a377000 r--p 00000000 103:06 10757174                  /home/aleksei/App/ideaIC-2025.1.2/idea-IC-251.26094.121/jbr/lib/libzip.so
7f079a377000-7f079a37b000 r-xp 00002000 103:06 10757174                  /home/aleksei/App/ideaIC-2025.1.2/idea-IC-251.26094.121/jbr/lib/libzip.so
7f079a37b000-7f079a37d000 r--p 00006000 103:06 10757174                  /home/aleksei/App/ideaIC-2025.1.2/idea-IC-251.26094.121/jbr/lib/libzip.so
7f079a37d000-7f079a37e000 r--p 00007000 103:06 10757174                  /home/aleksei/App/ideaIC-2025.1.2/idea-IC-251.26094.121/jbr/lib/libzip.so
7f079a37e000-7f079a388000 rw-p 00000000 00:00 0 
7f079a388000-7f079a38e000 ---p 00000000 00:00 0 
7f079a38e000-7f079a39b000 r--p 00000000 103:06 10757191                  /home/aleksei/App/ideaIC-2025.1.2/idea-IC-251.26094.121/jbr/lib/libjava.so
7f079a39b000-7f079a3a9000 r-xp 0000d000 103:06 10757191                  /home/aleksei/App/ideaIC-2025.1.2/idea-IC-251.26094.121/jbr/lib/libjava.so
7f079a3a9000-7f079a3ae000 r--p 0001b000 103:06 10757191                  /home/aleksei/App/ideaIC-2025.1.2/idea-IC-251.26094.121/jbr/lib/libjava.so
7f079a3ae000-7f079a3af000 ---p 00020000 103:06 10757191                  /home/aleksei/App/ideaIC-2025.1.2/idea-IC-251.26094.121/jbr/lib/libjava.so
7f079a3af000-7f079a3b0000 r--p 00020000 103:06 10757191                  /home/aleksei/App/ideaIC-2025.1.2/idea-IC-251.26094.121/jbr/lib/libjava.so
7f079a3b0000-7f079a3b1000 rw-p 00021000 103:06 10757191                  /home/aleksei/App/ideaIC-2025.1.2/idea-IC-251.26094.121/jbr/lib/libjava.so
7f079a3b1000-7f079a3b2000 rw-p 00000000 00:00 0 
7f079a3b2000-7f079a3c1000 r--p 00000000 103:06 12071231                  /usr/lib/libm.so.6
7f079a3c1000-7f079a447000 r-xp 0000f000 103:06 12071231                  /usr/lib/libm.so.6
7f079a447000-7f079a4a8000 r--p 00095000 103:06 12071231                  /usr/lib/libm.so.6
7f079a4a8000-7f079a4a9000 r--p 000f5000 103:06 12071231                  /usr/lib/libm.so.6
7f079a4a9000-7f079a4aa000 rw-p 000f6000 103:06 12071231                  /usr/lib/libm.so.6
7f079a4aa000-7f079a4ab000 r--p 00000000 103:06 12073204                  /usr/lib/librt.so.1
7f079a4ab000-7f079a4ac000 r-xp 00001000 103:06 12073204                  /usr/lib/librt.so.1
7f079a4ac000-7f079a4ad000 r--p 00002000 103:06 12073204                  /usr/lib/librt.so.1
7f079a4ad000-7f079a4ae000 r--p 00002000 103:06 12073204                  /usr/lib/librt.so.1
7f079a4ae000-7f079a4af000 rw-p 00003000 103:06 12073204                  /usr/lib/librt.so.1
7f079a4af000-7f079a4b3000 rw-p 00000000 00:00 0 
7f079a4b3000-7f079a4d7000 r--p 00000000 103:06 12071221                  /usr/lib/libc.so.6
7f079a4d7000-7f079a648000 r-xp 00024000 103:06 12071221                  /usr/lib/libc.so.6
7f079a648000-7f079a697000 r--p 00195000 103:06 12071221                  /usr/lib/libc.so.6
7f079a697000-7f079a69b000 r--p 001e3000 103:06 12071221                  /usr/lib/libc.so.6
7f079a69b000-7f079a69d000 rw-p 001e7000 103:06 12071221                  /usr/lib/libc.so.6
7f079a69d000-7f079a6a5000 rw-p 00000000 00:00 0 
7f079a6a5000-7f079a6a6000 r--p 00000000 103:06 12071226                  /usr/lib/libdl.so.2
7f079a6a6000-7f079a6a7000 r-xp 00001000 103:06 12071226                  /usr/lib/libdl.so.2
7f079a6a7000-7f079a6a8000 r--p 00002000 103:06 12071226                  /usr/lib/libdl.so.2
7f079a6a8000-7f079a6a9000 r--p 00002000 103:06 12071226                  /usr/lib/libdl.so.2
7f079a6a9000-7f079a6aa000 rw-p 00003000 103:06 12071226                  /usr/lib/libdl.so.2
7f079a6aa000-7f079a6ab000 r--p 00000000 103:06 12073198                  /usr/lib/libpthread.so.0
7f079a6ab000-7f079a6ac000 r-xp 00001000 103:06 12073198                  /usr/lib/libpthread.so.0
7f079a6ac000-7f079a6ad000 r--p 00002000 103:06 12073198                  /usr/lib/libpthread.so.0
7f079a6ad000-7f079a6ae000 r--p 00002000 103:06 12073198                  /usr/lib/libpthread.so.0
7f079a6ae000-7f079a6af000 rw-p 00003000 103:06 12073198                  /usr/lib/libpthread.so.0
7f079a6af000-7f079a6b1000 r--p 00000000 103:06 10757047                  /home/aleksei/App/ideaIC-2025.1.2/idea-IC-251.26094.121/jbr/lib/libjli.so
7f079a6b1000-7f079a6bb000 r-xp 00002000 103:06 10757047                  /home/aleksei/App/ideaIC-2025.1.2/idea-IC-251.26094.121/jbr/lib/libjli.so
7f079a6bb000-7f079a6be000 r--p 0000c000 103:06 10757047                  /home/aleksei/App/ideaIC-2025.1.2/idea-IC-251.26094.121/jbr/lib/libjli.so
7f079a6be000-7f079a6bf000 ---p 0000f000 103:06 10757047                  /home/aleksei/App/ideaIC-2025.1.2/idea-IC-251.26094.121/jbr/lib/libjli.so
7f079a6bf000-7f079a6c0000 r--p 0000f000 103:06 10757047                  /home/aleksei/App/ideaIC-2025.1.2/idea-IC-251.26094.121/jbr/lib/libjli.so
7f079a6c0000-7f079a6c1000 rw-p 00010000 103:06 10757047                  /home/aleksei/App/ideaIC-2025.1.2/idea-IC-251.26094.121/jbr/lib/libjli.so
7f079a6c1000-7f079a6c4000 r--p 00000000 103:06 12066069                  /usr/lib/libz.so.1.3.1
7f079a6c4000-7f079a6d2000 r-xp 00003000 103:06 12066069                  /usr/lib/libz.so.1.3.1
7f079a6d2000-7f079a6d8000 r--p 00011000 103:06 12066069                  /usr/lib/libz.so.1.3.1
7f079a6d8000-7f079a6d9000 r--p 00017000 103:06 12066069                  /usr/lib/libz.so.1.3.1
7f079a6d9000-7f079a6da000 rw-p 00018000 103:06 12066069                  /usr/lib/libz.so.1.3.1
7f079a6da000-7f079a6e2000 rw-s 00000000 00:24 398                        /tmp/hsperfdata_aleksei/69918
7f079a6e2000-7f079a6e3000 ---p 00000000 00:00 0 
7f079a6e3000-7f079a6e4000 r--p 00000000 00:00 0 
7f079a6e4000-7f079a6e5000 ---p 00000000 00:00 0 
7f079a6e5000-7f079a6e8000 r--p 00000000 103:06 10757054                  /home/aleksei/App/ideaIC-2025.1.2/idea-IC-251.26094.121/jbr/lib/libjimage.so
7f079a6e8000-7f079a6fc000 r-xp 00003000 103:06 10757054                  /home/aleksei/App/ideaIC-2025.1.2/idea-IC-251.26094.121/jbr/lib/libjimage.so
7f079a6fc000-7f079a702000 r--p 00017000 103:06 10757054                  /home/aleksei/App/ideaIC-2025.1.2/idea-IC-251.26094.121/jbr/lib/libjimage.so
7f079a702000-7f079a704000 r--p 0001c000 103:06 10757054                  /home/aleksei/App/ideaIC-2025.1.2/idea-IC-251.26094.121/jbr/lib/libjimage.so
7f079a704000-7f079a705000 rw-p 0001e000 103:06 10757054                  /home/aleksei/App/ideaIC-2025.1.2/idea-IC-251.26094.121/jbr/lib/libjimage.so
7f079a705000-7f079a707000 rw-p 00000000 00:00 0 
7f079a707000-7f079a70b000 r--p 00000000 00:00 0                          [vvar]
7f079a70b000-7f079a70d000 r-xp 00000000 00:00 0                          [vdso]
7f079a70d000-7f079a70e000 r--p 00000000 103:06 12071212                  /usr/lib/ld-linux-x86-64.so.2
7f079a70e000-7f079a737000 r-xp 00001000 103:06 12071212                  /usr/lib/ld-linux-x86-64.so.2
7f079a737000-7f079a742000 r--p 0002a000 103:06 12071212                  /usr/lib/ld-linux-x86-64.so.2
7f079a742000-7f079a744000 r--p 00034000 103:06 12071212                  /usr/lib/ld-linux-x86-64.so.2
7f079a744000-7f079a745000 rw-p 00036000 103:06 12071212                  /usr/lib/ld-linux-x86-64.so.2
7f079a745000-7f079a746000 rw-p 00000000 00:00 0 
7fff0b5e2000-7fff0b605000 rw-p 00000000 00:00 0                          [stack]
ffffffffff600000-ffffffffff601000 --xp 00000000 00:00 0                  [vsyscall]
Total number of mappings: 423


VM Arguments:
jvm_args: -Dfile.encoding=UTF-8 -Duser.country=GB -Duser.language=en -Duser.variant -Dawt.toolkit.name=XToolkit 
java_command: core.App
java_class_path (initial): /home/aleksei/Documents/spbu_study/pconv/build/classes/java/main:/home/aleksei/Documents/spbu_study/pconv/build/resources/main:/home/aleksei/.gradle/caches/modules-2/files-2.1/org.bytedeco/opencv-platform/4.5.1-1.5.5/d95b9cb9b23f3b2f3f186068777062d28430ea55/opencv-platform-4.5.1-1.5.5.jar:/home/aleksei/.gradle/caches/modules-2/files-2.1/org.bytedeco/openblas-platform/0.3.13-1.5.5/d79835fa1be959dca3b11f22c4f8bb7293cd4179/openblas-platform-0.3.13-1.5.5.jar:/home/aleksei/.gradle/caches/modules-2/files-2.1/org.bytedeco/opencv/4.5.1-1.5.5/fb962fa32b97d7cae58c840a009e1e25e8a9efb9/opencv-4.5.1-1.5.5.jar:/home/aleksei/.gradle/caches/modules-2/files-2.1/org.bytedeco/opencv/4.5.1-1.5.5/63b92909abf966336eb20c00ff8f9da178f3a088/opencv-4.5.1-1.5.5-android-arm.jar:/home/aleksei/.gradle/caches/modules-2/files-2.1/org.bytedeco/opencv/4.5.1-1.5.5/dc132fff689ce5da1a2d244f6060ee919f142941/opencv-4.5.1-1.5.5-android-arm64.jar:/home/aleksei/.gradle/caches/modules-2/files-2.1/org.bytedeco/opencv/4.5.1-1.5.5/7d2a61b3329291e770d2d607f0376c506119ba50/opencv-4.5.1-1.5.5-android-x86.jar:/home/aleksei/.gradle/caches/modules-2/files-2.1/org.bytedeco/opencv/4.5.1-1.5.5/7a9ec115628f1b996e5cc1e27d503030d8f00407/opencv-4.5.1-1.5.5-android-x86_64.jar:/home/aleksei/.gradle/caches/modules-2/files-2.1/org.bytedeco/opencv/4.5.1-1.5.5/73a7cdd7c572a170c7d14d63eb9549e5b2a79323/opencv-4.5.1-1.5.5-ios-arm64.jar:/home/aleksei/.gradle/caches/modules-2/files-2.1/org.bytedeco/opencv/4.5.1-1.5.5/553e06bebc01739f9da600448377c998c450a283/opencv-4.5.1-1.5.5-ios-x86_64.jar:/home/aleksei/.gradle/caches/modules-2/files-2.1/org.bytedeco/opencv/4.5.1-1.5.5/fb8b3d1467046bac24508405acabc3db0643d581/opencv-4.5.1-1.5.5-linux-x86.jar:/home/aleksei/.gradle/caches/modules-2/files-2.1/org.bytedeco/opencv/4.5.1-1.5.5/25b04906df9c60ae57ea8c45012cb20d36086299/opencv-4.5.1-1.5.5-linux-x86_64.jar:/home/aleksei/.gradle/caches/modules-2/files-2.1/org.bytedeco/opencv/4.5.1-1.5.5/d938362aa23446abe36a3e274816f42601467a4f/opencv-4.5.1-1.5.5-linux-armhf.jar:/home/aleksei/.gradle/caches/modules-2/files-2.1/org.bytedeco/opencv/4.5.1-1.5.5/4a0c4355ad2d8e321440245250b62da515f3ae14/opencv-4.5.1-1.5.5-linux-arm64.jar:/home/aleksei/.gradle/caches/modules-2/files-2.1/org.bytedeco/opencv/4.5.1-1.5.5/b813303169072935cb14fb5987ecc8f92e1eae34/opencv-4.5.1-1.5.5-linux-ppc64le.jar:/home/aleksei/.gradle/caches/modules-2/files-2.1/org.bytedeco/opencv/4.5.1-1.5.5/a079d9d2aff9af6e11456e071fc2e122cbd8d94b/opencv-4.5.1-1.5.5-macosx-x86_64.jar:/home/aleksei/.gradle/caches/modules-2/files-2.1/org.bytedeco/opencv/4.5.1-1.5.5/6aa51b0161dfdfde81e43015042447da868a834c/opencv-4.5.1-1.5.5-windows-x86.jar:/home/aleksei/.gradle/caches/modules-2/files-2.1/org.bytedeco/opencv/4.5.1-1.5.5/33097aa8cb366539340e5e9fd2ef36ea1303ad65/opencv-4.5.1-1.5.5-windows-x86_64.jar:/home/aleksei/.gradle/caches/modules-2/files-2.1/org.bytedeco/javacpp-platform/1.5.5/ce1aae20dac967f042cd30d78e61c55af8477852/javacpp-platform-1.5.5.jar:/home/aleksei/.gradle/caches/modules-2/files-2.1/org.bytedeco/openblas/0.3.13-1.5.5/9dcba9271c67a29d273277ce44b1b91e7240754b/openblas-0.3.13-1.5.5.jar:/home/aleksei/.gradle/caches/modules-2/files-2.1/org.bytedeco/openblas/0.3.13-1.5.5/2ec94abc15c4343c1a1aac22ec506428ba2de0a8/openblas-0.3.13-1.5.5-android-arm.jar:/home/aleksei/.gradle/caches/modules-2/files-2.1/org.bytedeco/openblas/0.3.13-1.5.5/f89e3bf3da02cfea77828873a3e4cf6cf481136c/openblas-0.3.13-1.5.5-android-arm64.jar:/home/aleksei/.gradle/caches/modules-2/files-2.1/org.bytedeco/openblas/0.3.13-1.5.5/12b9d8fdab5894901c3ca75c37bcb4dfab8dbbba/openblas-0.3.13-1.5.5-android-x86.jar:/home/aleksei/.gradle/caches/modules-2/files-2.1/org.bytedeco/openblas/0.3.13-1.5.5/c4fcdf66d92dd4f2da7e2ad61df8c21130c622df/openblas-0.3.13-1.5.5-android-x86_64.jar:/home/aleksei/.gradle/caches/modules-2/files-2.1/org.bytedeco/openblas/0.3.13-1.5.5/6e4a768da2bf4c9979ed688a0f9b1afa25831ebb/openblas-0.3.13-1.5.5-ios-arm64.jar:/home/aleksei/.gradle/caches/modules-2/files-2.1/org.bytedeco/openblas/0.3.13-1.5.5/a065f80bd93d871cc4ce67e241987055af3edd00/openblas-0.3.13-1.5.5-ios-x86_64.jar:/home/aleksei/.gradle/caches/modules-2/files-2.1/org.bytedeco/openblas/0.3.13-1.5.5/7e534273ba7ecbe50c9ffa66363e83299ad6501f/openblas-0.3.13-1.5.5-linux-x86.jar:/home/aleksei/.gradle/caches/modules-2/files-2.1/org.bytedeco/openblas/0.3.13-1.5.5/80fbca129017f61f5767291da018b394f9a2dec3/openblas-0.3.13-1.5.5-linux-x86_64.jar:/home/aleksei/.gradle/caches/modules-2/files-2.1/org.bytedeco/openblas/0.3.13-1.5.5/25917895cc4d047728ce0f6edd010507123d16b3/openblas-0.3.13-1.5.5-linux-armhf.jar:/home/aleksei/.gradle/caches/modules-2/files-2.1/org.bytedeco/openblas/0.3.13-1.5.5/9084552cec07acaf2bc2889a4eaebed8bc48c8bc/openblas-0.3.13-1.5.5-linux-arm64.jar:/home/aleksei/.gradle/caches/modules-2/files-2.1/org.bytedeco/openblas/0.3.13-1.5.5/89146e024449ecf692aa17ae5fa2e90655aff33b/openblas-0.3.13-1.5.5-linux-ppc64le.jar:/home/aleksei/.gradle/caches/modules-2/files-2.1/org.bytedeco/openblas/0.3.13-1.5.5/e67413c8a139b87d8c6356549299bdc2343d7305/openblas-0.3.13-1.5.5-macosx-x86_64.jar:/home/aleksei/.gradle/caches/modules-2/files-2.1/org.bytedeco/openblas/0.3.13-1.5.5/f6f21392676ca7767e79a2db51dc4f66670148c6/openblas-0.3.13-1.5.5-windows-x86.jar:/home/aleksei/.gradle/caches/modules-2/files-2.1/org.bytedeco/openblas/0.3.13-1.5.5/67cf9aff479b0b153df1ab0387161f0a25d8b91f/openblas-0.3.13-1.5.5-windows-x86_64.jar:/home/aleksei/.gradle/caches/modules-2/files-2.1/org.bytedeco/javacpp/1.5.5/92e1c31aaed15a3dc12008859a37ced45fa0b730/javacpp-1.5.5.jar:/home/aleksei/.gradle/caches/modules-2/files-2.1/org.bytedeco/javacpp/1.5.5/3f4103dbc532617a91c176027bd2b52bd95a8929/javacpp-1.5.5-android-arm.jar:/home/aleksei/.gradle/caches/modules-2/files-2.1/org.bytedeco/javacpp/1.5.5/594f1483d24d1a489de29cf7b16cc19b60dbd9f0/javacpp-1.5.5-android-arm64.jar:/home/aleksei/.gradle/caches/modules-2/files-2.1/org.bytedeco/javacpp/1.5.5/42374db77c7c7f1d8620a85c26fbbc14b9c8bcd4/javacpp-1.5.5-android-x86.jar:/home/aleksei/.gradle/caches/modules-2/files-2.1/org.bytedeco/javacpp/1.5.5/82d31939f4ebd6ab9f8e547830ef721340c7c1b7/javacpp-1.5.5-android-x86_64.jar:/home/aleksei/.gradle/caches/modules-2/files-2.1/org.bytedeco/javacpp/1.5.5/9b22365a060f2e3b5bec2ff5f5f6d75ea2962eef/javacpp-1.5.5-ios-arm64.jar:/home/aleksei/.gradle/caches/modules-2/files-2.1/org.bytedeco/javacpp/1.5.5/ee20a88e18d635cc62869a20204e37cc68f6efe4/javacpp-1.5.5-ios-x86_64.jar:/home/aleksei/.gradle/caches/modules-2/files-2.1/org.bytedeco/javacpp/1.5.5/d45afe724f6c373c8070ecd3e955858dc9bbd544/javacpp-1.5.5-linux-armhf.jar:/home/aleksei/.gradle/caches/modules-2/files-2.1/org.bytedeco/javacpp/1.5.5/7397da1ad8ed5a08e8f6d389452ee0fb19bf2bcc/javacpp-1.5.5-linux-arm64.jar:/home/aleksei/.gradle/caches/modules-2/files-2.1/org.bytedeco/javacpp/1.5.5/59e6cae70d93093c8f8909f563f1360c44789c3b/javacpp-1.5.5-linux-ppc64le.jar:/home/aleksei/.gradle/caches/modules-2/files-2.1/org.bytedeco/javacpp/1.5.5/262e581c536a83501f10ddfdcc0f2e83a1a60e10/javacpp-1.5.5-linux-x86.jar:/home/aleksei/.gradle/caches/modules-2/files-2.1/org.bytedeco/javacpp/1.5.5/e5f16ef28a056fe6c0f1c26a6a02f2dc94ce0693/javacpp-1.5.5-linux-x86_64.jar:/home/aleksei/.gradle/caches/modules-2/files-2.1/org.bytedeco/javacpp/1.5.5/1ed7d9a0059182448149115cf13842e83533cfa/javacpp-1.5.5-macosx-arm64.jar:/home/aleksei/.gradle/caches/modules-2/files-2.1/org.bytedeco/javacpp/1.5.5/3525246f3ef45f824fa04004c370f35589730398/javacpp-1.5.5-macosx-x86_64.jar:/home/aleksei/.gradle/caches/modules-2/files-2.1/org.bytedeco/javacpp/1.5.5/9d6da1103af76d7f21c6f644862ab26035c0e05/javacpp-1.5.5-windows-x86.jar:/home/aleksei/.gradle/caches/modules-2/files-2.1/org.bytedeco/javacpp/1.5.5/bdcd2b6a12b6222c50edfbf6e1f46e37ffff73bf/javacpp-1.5.5-windows-x86_64.jar
Launcher Type: SUN_STANDARD

[Global flags]
     intx CICompilerCount                          = 12                                        {product} {ergonomic}
     uint ConcGCThreads                            = 3                                         {product} {ergonomic}
     uint G1ConcRefinementThreads                  = 13                                        {product} {ergonomic}
   size_t G1HeapRegionSize                         = 2097152                                   {product} {ergonomic}
    uintx GCDrainStackTargetSize                   = 64                                        {product} {ergonomic}
   size_t InitialHeapSize                          = 255852544                                 {product} {ergonomic}
   size_t MarkStackSize                            = 4194304                                   {product} {ergonomic}
   size_t MaxHeapSize                              = 4093640704                                {product} {ergonomic}
   size_t MaxNewSize                               = 2455764992                                {product} {ergonomic}
   size_t MinHeapDeltaBytes                        = 2097152                                   {product} {ergonomic}
   size_t MinHeapSize                              = 8388608                                   {product} {ergonomic}
    uintx NonNMethodCodeHeapSize                   = 7602480                                {pd product} {ergonomic}
    uintx NonProfiledCodeHeapSize                  = 122027880                              {pd product} {ergonomic}
    uintx ProfiledCodeHeapSize                     = 122027880                              {pd product} {ergonomic}
    uintx ReservedCodeCacheSize                    = 251658240                              {pd product} {ergonomic}
     bool SegmentedCodeCache                       = true                                      {product} {ergonomic}
   size_t SoftMaxHeapSize                          = 4093640704                             {manageable} {ergonomic}
     bool UseCompressedOops                        = true                           {product lp64_product} {ergonomic}
     bool UseG1GC                                  = true                                      {product} {ergonomic}

Logging:
Log output configuration:
 #0: stdout all=warning uptime,level,tags foldmultilines=false
 #1: stderr all=off uptime,level,tags foldmultilines=false

Environment Variables:
PATH=/home/aleksei/.local/bin:/usr/local/bin:/usr/bin:/usr/local/sbin:/usr/lib/jvm/default/bin:/usr/bin/site_perl:/usr/bin/vendor_perl:/usr/bin/core_perl:/usr/lib/rustup/bin
USERNAME=aleksei
SHELL=/bin/bash
DISPLAY=:0
LANG=en_GB.UTF-8
LC_NUMERIC=ru_RU.UTF-8
LC_TIME=ru_RU.UTF-8

Active Locale:
LC_ALL=LC_CTYPE=en_GB.UTF-8;LC_NUMERIC=ru_RU.UTF-8;LC_TIME=ru_RU.UTF-8;LC_COLLATE=en_GB.UTF-8;LC_MONETARY=ru_RU.UTF-8;LC_MESSAGES=en_GB.UTF-8;LC_PAPER=ru_RU.UTF-8;LC_NAME=ru_RU.UTF-8;LC_ADDRESS=ru_RU.UTF-8;LC_TELEPHONE=ru_RU.UTF-8;LC_MEASUREMENT=ru_RU.UTF-8;LC_IDENTIFICATION=ru_RU.UTF-8
LC_COLLATE=en_GB.UTF-8
LC_CTYPE=en_GB.UTF-8
LC_MESSAGES=en_GB.UTF-8
LC_MONETARY=ru_RU.UTF-8
LC_NUMERIC=ru_RU.UTF-8
LC_TIME=ru_RU.UTF-8

Signal Handlers:
   SIGSEGV: crash_handler in libjvm.so, mask=11100100010111111101111111111110, flags=SA_RESTART|SA_SIGINFO, unblocked
    SIGBUS: crash_handler in libjvm.so, mask=11100100010111111101111111111110, flags=SA_RESTART|SA_SIGINFO, unblocked
    SIGFPE: crash_handler in libjvm.so, mask=11100100010111111101111111111110, flags=SA_RESTART|SA_SIGINFO, unblocked
   SIGPIPE: javaSignalHandler in libjvm.so, mask=11100100010111111101111111111110, flags=SA_RESTART|SA_SIGINFO, blocked
   SIGXFSZ: javaSignalHandler in libjvm.so, mask=11100100010111111101111111111110, flags=SA_RESTART|SA_SIGINFO, blocked
    SIGILL: crash_handler in libjvm.so, mask=11100100010111111101111111111110, flags=SA_RESTART|SA_SIGINFO, unblocked
   SIGUSR2: SR_handler in libjvm.so, mask=00000000000000000000000000000000, flags=SA_RESTART|SA_SIGINFO, blocked
    SIGHUP: UserHandler in libjvm.so, mask=11100100010111111101111111111110, flags=SA_RESTART|SA_SIGINFO, blocked
    SIGINT: UserHandler in libjvm.so, mask=11100100010111111101111111111110, flags=SA_RESTART|SA_SIGINFO, blocked
   SIGTERM: UserHandler in libjvm.so, mask=11100100010111111101111111111110, flags=SA_RESTART|SA_SIGINFO, blocked
   SIGQUIT: UserHandler in libjvm.so, mask=11100100010111111101111111111110, flags=SA_RESTART|SA_SIGINFO, blocked
   SIGTRAP: crash_handler in libjvm.so, mask=11100100010111111101111111111110, flags=SA_RESTART|SA_SIGINFO, unblocked


Periodic native trim disabled

JNI global refs:
JNI global refs: 17, weak refs: 754

JNI global refs memory usage: 859, weak refs: 7873

Process memory usage:
Resident Set Size: 314948K (1% of 15984600K total physical memory with 4113400K free physical memory)

OOME stack traces (most recent first):
Classloader memory used:
Loader jdk.internal.loader.ClassLoaders$AppClassLoader                                 : 7149K
Loader bootstrap                                                                       : 1863K
Loader jdk.internal.loader.ClassLoaders$PlatformClassLoader                            : 18728B

---------------  S Y S T E M  ---------------

OS:
DISTRIB_ID="ManjaroLinux"
DISTRIB_RELEASE="25.0.0"
DISTRIB_CODENAME="Zetar"
DISTRIB_DESCRIPTION="Manjaro Linux"
uname: Linux 6.12.21-4-MANJARO #1 SMP PREEMPT_DYNAMIC Tue, 01 Apr 2025 18:45:30 +0000 x86_64
OS uptime: 0 days 2:57 hours
libc: glibc 2.41 NPTL 2.41 
rlimit (soft/hard): STACK 8192k/infinity , CORE infinity/infinity , NPROC 61811/61811 , NOFILE 524288/524288 , AS infinity/infinity , CPU infinity/infinity , DATA infinity/infinity , FSIZE infinity/infinity , MEMLOCK 8192k/8192k
load average: 0,59 0,71 0,82

/proc/meminfo:
MemTotal:       15984600 kB
MemFree:         1531468 kB
MemAvailable:    4113400 kB
Buffers:           34340 kB
Cached:          3784492 kB
SwapCached:          516 kB
Active:          7403724 kB
Inactive:        5797464 kB
Active(anon):    6606508 kB
Inactive(anon):  3787320 kB
Active(file):     797216 kB
Inactive(file):  2010144 kB
Unevictable:       68028 kB
Mlocked:              48 kB
SwapTotal:       4194300 kB
SwapFree:        4186108 kB
Zswap:                 0 kB
Zswapped:              0 kB
Dirty:               336 kB
Writeback:             0 kB
AnonPages:       9310492 kB
Mapped:          1660992 kB
Shmem:           1011820 kB
KReclaimable:     281352 kB
Slab:             488100 kB
SReclaimable:     281352 kB
SUnreclaim:       206748 kB
KernelStack:       29680 kB
PageTables:        65740 kB
SecPageTables:      2080 kB
NFS_Unstable:          0 kB
Bounce:                0 kB
WritebackTmp:          0 kB
CommitLimit:    12186600 kB
Committed_AS:   26634180 kB
VmallocTotal:   34359738367 kB
VmallocUsed:      177144 kB
VmallocChunk:          0 kB
Percpu:            12672 kB
HardwareCorrupted:     0 kB
AnonHugePages:   4704256 kB
ShmemHugePages:   798720 kB
ShmemPmdMapped:        0 kB
FileHugePages:    649216 kB
FilePmdMapped:    632832 kB
CmaTotal:              0 kB
CmaFree:               0 kB
Unaccepted:            0 kB
HugePages_Total:       0
HugePages_Free:        0
HugePages_Rsvd:        0
HugePages_Surp:        0
Hugepagesize:       2048 kB
Hugetlb:               0 kB
DirectMap4k:     1121012 kB
DirectMap2M:    15265792 kB
DirectMap1G:           0 kB

/sys/kernel/mm/transparent_hugepage/enabled: [always] madvise never
/sys/kernel/mm/transparent_hugepage/hpage_pmd_size: 2097152
/sys/kernel/mm/transparent_hugepage/defrag (defrag/compaction efforts parameter): always defer defer+madvise [madvise] never

Process Memory:
Virtual Size: 11799128K (peak: 11828264K)
Resident Set Size: 314948K (peak: 314948K) (anon: 257372K, file: 57576K, shmem: 0K)
Swapped out: 0K
C-Heap outstanding allocations: 46541K, retained: 50670K
glibc malloc tunables: (default)

/proc/sys/kernel/threads-max (system-wide limit on the number of threads): 123623
/proc/sys/vm/max_map_count (maximum number of memory map areas a process may have): 1048576
/proc/sys/vm/swappiness (control to define how aggressively the kernel swaps out anonymous memory): 60
/proc/sys/kernel/pid_max (system-wide limit on number of process identifiers): 4194304

container information not found.
Steal ticks since vm start: 0
Steal ticks percentage since vm start:  0,000

CPU: total 16 (initial active 16) (8 cores per cpu, 2 threads per core) family 6 model 154 stepping 3 microcode 0x436, cx8, cmov, fxsr, ht, mmx, 3dnowpref, sse, sse2, sse3, ssse3, sse4.1, sse4.2, popcnt, lzcnt, tsc, tscinvbit, avx, avx2, aes, erms, clmul, bmi1, bmi2, adx, sha, fma, vzeroupper, clflush, clflushopt, clwb, serialize, rdtscp, rdpid, fsrm, f16c, pku, ospke, cet_ibt, cet_ss
CPU Model and flags from /proc/cpuinfo:
model name	: 12th Gen Intel(R) Core(TM) i7-12650H
flags		: fpu vme de pse tsc msr pae mce cx8 apic sep mtrr pge mca cmov pat pse36 clflush dts acpi mmx fxsr sse sse2 ss ht tm pbe syscall nx pdpe1gb rdtscp lm constant_tsc art arch_perfmon pebs bts rep_good nopl xtopology nonstop_tsc cpuid aperfmperf tsc_known_freq pni pclmulqdq dtes64 monitor ds_cpl vmx smx est tm2 ssse3 sdbg fma cx16 xtpr pdcm pcid sse4_1 sse4_2 x2apic movbe popcnt tsc_deadline_timer aes xsave avx f16c rdrand lahf_lm abm 3dnowprefetch cpuid_fault epb ssbd ibrs ibpb stibp ibrs_enhanced tpr_shadow flexpriority ept vpid ept_ad fsgsbase tsc_adjust bmi1 avx2 smep bmi2 erms invpcid rdseed adx smap clflushopt clwb intel_pt sha_ni xsaveopt xsavec xgetbv1 xsaves split_lock_detect user_shstk avx_vnni dtherm ida arat pln pts hwp hwp_notify hwp_act_window hwp_epp hwp_pkg_req hfi vnmi umip pku ospke waitpkg gfni vaes vpclmulqdq rdpid movdiri movdir64b fsrm md_clear serialize arch_lbr ibt flush_l1d arch_capabilities

Online cpus: 0-15
Offline cpus: 
BIOS frequency limitation: <Not Available>
Frequency switch latency (ns): 0
Available cpu frequencies: <Not Available>
Current governor: powersave
Core performance/turbo boost: <Not Available>

Memory: 4k page, physical 15984600k(4113400k free), swap 4194300k(4186108k free)
Page Sizes: 4k

vm_info: OpenJDK 64-Bit Server VM (21.0.7+9-b895.130) for linux-amd64 JRE (21.0.7+9-b895.130), built on 2025-05-13 by "builduser" with gcc 10.2.1 20210130 (Red Hat 10.2.1-11.1.0.1)

END.
