#
# A fatal error has been detected by the Java Runtime Environment:
#
#  SIGSEGV (0xb) at pc=0x00007d379843a799, pid=71268, tid=71270
#
# JRE version: OpenJDK Runtime Environment JBR-21.0.7+9-895.130-jcef (21.0.7+9) (build 21.0.7+9-b895.130)
# Java VM: OpenJDK 64-Bit Server VM JBR-21.0.7+9-895.130-jcef (21.0.7+9-b895.130, mixed mode, sharing, tiered, compressed oops, compressed class ptrs, g1 gc, linux-amd64)
# Problematic frame:
# C  [libjniopenblas_nolapack.so+0x3a799]  Java_org_bytedeco_javacpp_BytePointer_put__JB+0x49
#
# Core dump will be written. Default location: Core dumps may be processed with "/usr/lib/systemd/systemd-coredump %P %u %g %s %t %c %h" (or dumping to /home/aleksei/Documents/spbu_study/pconv/core.71268)
#
# If you would like to submit a bug report, please visit:
#   https://youtrack.jetbrains.com/issues/JBR
# The crash happened outside the Java Virtual Machine in native code.
# See problematic frame for where to report the bug.
#

---------------  S U M M A R Y ------------

Command Line: -Dfile.encoding=UTF-8 -Duser.country=GB -Duser.language=en -Duser.variant -Dawt.toolkit.name=XToolkit core.App

Host: 12th Gen Intel(R) Core(TM) i7-12650H, 16 cores, 15G, Manjaro Linux
Time: Thu Jun 12 19:37:30 2025 MSK elapsed time: 8.934196 seconds (0d 0h 0m 8s)

---------------  T H R E A D  ---------------

Current thread (0x00007d385802cf30):  JavaThread "main"             [_thread_in_native, id=71270, stack(0x00007d385d008000,0x00007d385d108000) (1024K)]

Stack: [0x00007d385d008000,0x00007d385d108000],  sp=0x00007d385d106800,  free space=1018k
Native frames: (J=compiled Java code, j=interpreted, Vv=VM code, C=native code)
C  [libjniopenblas_nolapack.so+0x3a799]  Java_org_bytedeco_javacpp_BytePointer_put__JB+0x49
Java frames: (J=compiled Java code, j=interpreted, Vv=VM code)
J 1154  org.bytedeco.javacpp.BytePointer.put(JB)Lorg/bytedeco/javacpp/BytePointer; (0 bytes) @ 0x00007d384ca732f0 [0x00007d384ca732a0+0x0000000000000050]
J 1165% c2 core.convoulter.Convoluter.MakeConvolution(Lcore/convoulter/Filter;)V (220 bytes) @ 0x00007d384ca746b8 [0x00007d384ca743c0+0x00000000000002f8]
j  core.convoulter.Convoluter.convolution(Lcore/console/FilterType;)V+58
j  core.App.main([Ljava/lang/String;)V+118
v  ~StubRoutines::call_stub 0x00007d384c25fcc6

siginfo: si_signo: 11 (SIGSEGV), si_code: 2 (SEGV_ACCERR), si_addr: 0x00007d3690400040

Registers:
RAX=0x00007d385d106830, RBX=0x00007d385d106830, RCX=0x0000000000000041, RDX=0x0000000000000062
RSP=0x00007d385d106800, RBP=0x00007d385802d2e8, RSI=0x00007d385d106830, RDI=0x00007d385802d2e8
R8 =0x0000000000000d1f, R9 =0x000000071b162558, R10=0x0000000000000018, R11=0x0000000000000018
R12=0x00007d3690400040, R13=0x0000000000000000, R14=0x0000000000000041, R15=0x00007d385802cf30
RIP=0x00007d379843a799, EFLAGS=0x0000000000010202, CSGSFS=0x002b000000000033, ERR=0x0000000000000007
  TRAPNO=0x000000000000000e

XMM[0]=0x0000000000000000 0x4050400000000000
XMM[1]=0x0000000000000000 0x4050400000000000
XMM[2]=0x0000000000000000 0xc060000000000000
XMM[3]=0x0000000000000000 0x0000000000000000
XMM[4]=0x0000000000000000 0xc060000000000000
XMM[5]=0x0000000000000000 0x4059000000000000
XMM[6]=0x0000000000000000 0x81c7000004288f8b
XMM[7]=0x0000000000000000 0xc74911d11ae2e800
XMM[8]=0x0000000000000000 0xc4f640ff8b490000
XMM[9]=0x0000000000000000 0xffcab418f71fcc4a
XMM[10]=0x0000000000000000 0x00000000f7551832
XMM[11]=0x0000000000000000 0x25ba22dc1cd9ef26
XMM[12]=0x0000000000000000 0x00000000f71fcc4a
XMM[13]=0x0000000000000000 0xbfe69edfc686963b
XMM[14]=0x0000000000000000 0x400921fb54442d18
XMM[15]=0x0000000000000000 0x0000000000000000
  MXCSR=0x00001fa2


Register to memory mapping:

RAX=0x00007d385d106830 is pointing into the stack for thread: 0x00007d385802cf30
RBX=0x00007d385d106830 is pointing into the stack for thread: 0x00007d385802cf30
RCX=0x0000000000000041 is an unknown value
RDX=0x0000000000000062 is an unknown value
RSP=0x00007d385d106800 is pointing into the stack for thread: 0x00007d385802cf30
RBP=0x00007d385802d2e8 points into unknown readable memory: 0x00007d385e6d3040 | 40 30 6d 5e 38 7d 00 00
RSI=0x00007d385d106830 is pointing into the stack for thread: 0x00007d385802cf30
RDI=0x00007d385802d2e8 points into unknown readable memory: 0x00007d385e6d3040 | 40 30 6d 5e 38 7d 00 00
R8 =0x0000000000000d1f is an unknown value
R9 =0x000000071b162558 is an oop: org.bytedeco.javacpp.BytePointer 
{0x000000071b162558} - klass: 'org/bytedeco/javacpp/BytePointer'
 - ---- fields (total size 6 words):
 - private 'deallocator' 'Lorg/bytedeco/javacpp/Pointer$Deallocator;' @12  null (0x00000000)
 - protected 'address' 'J' @16  137673301819456 (0x00007d3690400040)
 - protected 'position' 'J' @24  0 (0x0000000000000000)
 - protected 'limit' 'J' @32  0 (0x0000000000000000)
 - protected 'capacity' 'J' @40  0 (0x0000000000000000)
R10=0x0000000000000018 is an unknown value
R11=0x0000000000000018 is an unknown value
R12=0x00007d3690400040: <offset 0x0000000000000040> in /home/aleksei/.javacpp/cache/opencv-4.5.1-1.5.5-linux-x86_64.jar/org/bytedeco/opencv/linux-x86_64/libjniopencv_core.so at 0x00007d3690400000
R13=0x0 is null
R14=0x0000000000000041 is an unknown value
R15=0x00007d385802cf30 is a thread

Top of Stack: (sp=0x00007d385d106800)
0x00007d385d106800:   0000000000000000 00007d385d106870
0x00007d385d106810:   0000000000000000 0000000000000003
0x00007d385d106820:   000000071200e940 00007d384ca7336a
0x00007d385d106830:   000000071b162558 000000071b162358
0x00007d385d106840:   000000071205bec0 00007d385d106880
0x00007d385d106850:   00000000e23e6fb6 00007d38000005a0
0x00007d385d106860:   000000071b162340 0000000000000003
0x00007d385d106870:   0000000000000780 00007d384ca746b8
0x00007d385d106880:   00000003000005a0 000000071200e940
0x00007d385d106890:   0000000100000003 000000071200e928
0x00007d385d1068a0:   0000000000000000 3ff0000000000000
0x00007d385d1068b0:   0000059f00000780 0000000000000002
0x00007d385d1068c0:   0000000000000001 4050400000000000
0x00007d385d1068d0:   000005a000000002 4050400000000000
0x00007d385d1068e0:   deaddeaf00000000 0000000717603cf8
0x00007d385d1068f0:   00007d385d106958 00007d384c267180
0x00007d385d106900:   0000000000000000 0000000717603c90
0x00007d385d106910:   00007d385d106910 00007d37dc403012
0x00007d385d106920:   0000000000000003 00007d37dc4033c0
0x00007d385d106930:   0000000000000000 000000071200e960
0x00007d385d106940:   00007d37dc403040 00007d385d106900
0x00007d385d106950:   00007d385d106968 00007d385d1069c0
0x00007d385d106960:   00007d384c267180 000000071200e9d0
0x00007d385d106970:   000000071200e928 00007d385d106978
0x00007d385d106980:   00007d37dc400736 0000000000000005
0x00007d385d106990:   00007d37dc4008e0 0000000000000000
0x00007d385d1069a0:   000000071200e9e8 00007d37dc4007e0
0x00007d385d1069b0:   00007d385d106968 00007d385d1069e8
0x00007d385d1069c0:   00007d385d106a50 00007d384c25fcc6
0x00007d385d1069d0:   000000071200eb20 000000071200ea90
0x00007d385d1069e0:   000000071200ea70 000000071200ea60
0x00007d385d1069f0:   00007d3800001fa2 00007d385d106b70 

Instructions: (pc=0x00007d379843a799)
0x00007d379843a699:   48 8b 03 48 8b 15 5d 03 21 00 4c 89 ee 48 89 df
0x00007d379843a6a9:   ff 90 28 03 00 00 4c 01 e0 4d 85 ff 48 89 44 24
0x00007d379843a6b9:   08 74 54 48 8b 03 31 d2 4c 89 fe 48 89 df ff 90
0x00007d379843a6c9:   f0 06 00 00 48 8b 7c 24 08 48 8d 34 28 4c 89 f2
0x00007d379843a6d9:   49 89 c4 e8 df 76 fd ff 48 8b 03 31 c9 4c 89 e2
0x00007d379843a6e9:   4c 89 fe 48 89 df ff 90 f8 06 00 00 48 83 c4 18
0x00007d379843a6f9:   4c 89 e8 5b 5d 41 5c 41 5d 41 5e 41 5f c3 66 0f
0x00007d379843a709:   1f 84 00 00 00 00 00 48 89 c7 4c 89 f2 48 89 ee
0x00007d379843a719:   e8 a2 76 fd ff eb d5 be 14 00 00 00 48 89 df 45
0x00007d379843a729:   31 ed e8 00 d1 ff ff 48 8b 0b 48 8d 15 c1 25 00
0x00007d379843a739:   00 48 89 c6 48 89 df ff 51 70 eb b0 90 66 2e 0f
0x00007d379843a749:   1f 84 00 00 00 00 00 41 56 41 55 41 89 ce 41 54
0x00007d379843a759:   55 49 89 d5 53 48 8b 07 48 89 fd 48 89 f3 48 8b
0x00007d379843a769:   15 9a 02 21 00 ff 90 28 03 00 00 48 85 c0 74 2d
0x00007d379843a779:   49 89 c4 48 8b 45 00 48 8b 15 79 02 21 00 48 89
0x00007d379843a789:   de 48 89 ef ff 90 28 03 00 00 49 01 c4 48 89 d8
0x00007d379843a799:   47 88 34 2c 5b 5d 41 5c 41 5d 41 5e c3 be 14 00
0x00007d379843a7a9:   00 00 48 89 ef e8 7d d0 ff ff 48 8b 4d 00 48 8d
0x00007d379843a7b9:   15 3d 25 00 00 48 89 c6 48 89 ef ff 51 70 31 c0
0x00007d379843a7c9:   eb d2 0f 1f 44 00 00 41 55 41 54 49 89 d5 55 53
0x00007d379843a7d9:   49 89 f4 48 89 fb 48 83 ec 08 48 8b 07 48 8b 15
0x00007d379843a7e9:   1b 02 21 00 ff 90 28 03 00 00 48 85 c0 74 30 48
0x00007d379843a7f9:   89 c5 48 8b 03 48 8b 15 fb 01 21 00 4c 89 e6 48
0x00007d379843a809:   89 df ff 90 28 03 00 00 48 01 c5 42 0f b7 44 2d
0x00007d379843a819:   00 48 83 c4 08 5b 5d 41 5c 41 5d c3 0f 1f 00 be
0x00007d379843a829:   14 00 00 00 48 89 df e8 fb cf ff ff 48 8b 0b 48
0x00007d379843a839:   8d 15 bc 24 00 00 48 89 c6 48 89 df ff 51 70 31
0x00007d379843a849:   c0 eb ce 0f 1f 40 00 41 56 41 55 41 89 ce 41 54
0x00007d379843a859:   55 49 89 d5 53 48 8b 07 48 89 fd 48 89 f3 48 8b
0x00007d379843a869:   15 9a 01 21 00 ff 90 28 03 00 00 48 85 c0 74 2e
0x00007d379843a879:   49 89 c4 48 8b 45 00 48 8b 15 79 01 21 00 48 89
0x00007d379843a889:   de 48 89 ef ff 90 28 03 00 00 49 01 c4 48 89 d8 


Stack slot to memory mapping:

stack at sp + 0 slots: 0x0 is null
stack at sp + 1 slots: 0x00007d385d106870 is pointing into the stack for thread: 0x00007d385802cf30
stack at sp + 2 slots: 0x0 is null
stack at sp + 3 slots: 0x0000000000000003 is an unknown value
stack at sp + 4 slots: 0x000000071200e940 is an oop: [[I 
{0x000000071200e940} - klass: {type array int}[]
 - length: 3
stack at sp + 5 slots: 0x00007d384ca7336a is at entry_point+202 in (nmethod*)0x00007d384ca73110
Compiled method (n/a) 8935 1154     n 0       org.bytedeco.javacpp.BytePointer::put (native)
 total in heap  [0x00007d384ca73110,0x00007d384ca73678] = 1384
 relocation     [0x00007d384ca73268,0x00007d384ca732a0] = 56
 main code      [0x00007d384ca732a0,0x00007d384ca7366c] = 972
 stub code      [0x00007d384ca7366c,0x00007d384ca73670] = 4
 oops           [0x00007d384ca73670,0x00007d384ca73678] = 8
stack at sp + 6 slots: 0x000000071b162558 is an oop: org.bytedeco.javacpp.BytePointer 
{0x000000071b162558} - klass: 'org/bytedeco/javacpp/BytePointer'
 - ---- fields (total size 6 words):
 - private 'deallocator' 'Lorg/bytedeco/javacpp/Pointer$Deallocator;' @12  null (0x00000000)
 - protected 'address' 'J' @16  137673301819456 (0x00007d3690400040)
 - protected 'position' 'J' @24  0 (0x0000000000000000)
 - protected 'limit' 'J' @32  0 (0x0000000000000000)
 - protected 'capacity' 'J' @40  0 (0x0000000000000000)
stack at sp + 7 slots: 0x000000071b162358 is an oop: java.lang.String 
{0x000000071b162358} - klass: 'java/lang/String'
 - string: "1440"
 - ---- fields (total size 3 words):
 - private 'hash' 'I' @12  0 (0x00000000)
 - private final 'coder' 'B' @16  0 (0x00)
 - private 'hashIsZero' 'Z' @17  false (0x00)
 - injected 'flags' 'B' @18  0 (0x00)
 - private final 'value' '[B' @20  [B{0x000000071b162340} (0xe362c468)


Compiled method (n/a) 8935 1154     n 0       org.bytedeco.javacpp.BytePointer::put (native)
 total in heap  [0x00007d384ca73110,0x00007d384ca73678] = 1384
 relocation     [0x00007d384ca73268,0x00007d384ca732a0] = 56
 main code      [0x00007d384ca732a0,0x00007d384ca7366c] = 972
 stub code      [0x00007d384ca7366c,0x00007d384ca73670] = 4
 oops           [0x00007d384ca73670,0x00007d384ca73678] = 8

[Constant Pool (empty)]

[MachCode]
[Entry Point]
  # {method} {0x00007d37dc446230} 'put' '(JB)Lorg/bytedeco/javacpp/BytePointer;' in 'org/bytedeco/javacpp/BytePointer'
  # this:     rsi:rsi   = 'org/bytedeco/javacpp/BytePointer'
  # parm0:    rdx:rdx   = long
  # parm1:    rcx       = byte
  #           [sp+0x50]  (sp of caller)
  0x00007d384ca732a0: 448b 5608 | 49bb 0000 | 00e7 377d | 0000 4d03 | d349 3bc2 | 0f84 0600 

  0x00007d384ca732b8: ;   {runtime_call ic_miss_stub}
  0x00007d384ca732b8: 0000 e9c1 | 9d83 ff90 
[Verified Entry Point]
  0x00007d384ca732c0: 8984 2400 | c0fe ff55 | 488b ec48 | 83ec 4090 | 4181 7f20 | 0100 0000 

  0x00007d384ca732d8: ;   {runtime_call StubRoutines (final stubs)}
  0x00007d384ca732d8: 7405 e8c1 | 0182 ff48 | 8934 2448 | 83fe 0048 | 8d34 2448 | 0f44 3424 

  0x00007d384ca732f0: ;   {internal_word}
  0x00007d384ca732f0: c5f8 7749 | baf0 32a7 | 4c38 7d00 | 004d 8997 | a003 0000 | 4989 a798 

  0x00007d384ca73308: ;   {external_word}
  0x00007d384ca73308: 0300 0080 | 3d23 edc9 | 1100 0f84 | 3400 0000 

  0x00007d384ca73318: ;   {metadata({method} {0x00007d37dc446230} 'put' '(JB)Lorg/bytedeco/javacpp/BytePointer;' in 'org/bytedeco/javacpp/BytePointer')}
  0x00007d384ca73318: 5652 5148 | be30 6244 | dc37 7d00 | 0049 8bff | 40f6 c40f | 0f84 1200 | 0000 4883 

  0x00007d384ca73334: ;   {runtime_call SharedRuntime::dtrace_method_entry(JavaThread*, Method*)}
  0x00007d384ca73334: ec08 e895 | c554 1148 | 83c4 08e9 | 0500 0000 

  0x00007d384ca73344: ;   {runtime_call SharedRuntime::dtrace_method_entry(JavaThread*, Method*)}
  0x00007d384ca73344: e887 c554 | 1159 5a5e | 498d bfb8 | 0300 0041 | c787 4404 | 0000 0400 

  0x00007d384ca7335c: ;   {runtime_call Java_org_bytedeco_javacpp_BytePointer_put__JB}
  0x00007d384ca7335c: 0000 48b8 | 50a7 4398 | 377d 0000 | ffd0 c5f8 | 7741 c787 | 4404 0000 | 0500 0000 | f083 4424 
  0x00007d384ca7337c: c000 493b | af48 0400 | 000f 870e | 0000 0041 | 83bf 4004 | 0000 000f | 8424 0000 | 00c5 f877 
  0x00007d384ca7339c: 4889 45f8 | 498b ff4c | 8be4 4883 | ec00 4883 

  0x00007d384ca733ac: ;   {runtime_call JavaThread::check_special_condition_for_native_trans(JavaThread*)}
  0x00007d384ca733ac: e4f0 e87d | c30b 1149 | 8be4 4d33 | e448 8b45 | f841 c787 | 4404 0000 | 0800 0000 | 4183 bfc0 
  0x00007d384ca733cc: 0400 0002 | 0f84 7002 

  0x00007d384ca733d4: ;   {external_word}
  0x00007d384ca733d4: 0000 803d | 58ec c911 | 000f 8436 | 0000 0048 

  0x00007d384ca733e4: ;   {metadata({method} {0x00007d37dc446230} 'put' '(JB)Lorg/bytedeco/javacpp/BytePointer;' in 'org/bytedeco/javacpp/BytePointer')}
  0x00007d384ca733e4: 8945 f848 | be30 6244 | dc37 7d00 | 0049 8bff | 40f6 c40f | 0f84 1200 | 0000 4883 

  0x00007d384ca73400: ;   {runtime_call SharedRuntime::dtrace_method_exit(JavaThread*, Method*)}
  0x00007d384ca73400: ec08 e8d9 | c454 1148 | 83c4 08e9 | 0500 0000 

  0x00007d384ca73410: ;   {runtime_call SharedRuntime::dtrace_method_exit(JavaThread*, Method*)}
  0x00007d384ca73410: e8cb c454 | 1148 8b45 | f849 c787 | 9803 0000 | 0000 0000 | 49c7 87a0 | 0300 0000 | 0000 00c5 
  0x00007d384ca73430: f877 4885 | c00f 84e8 | 0100 00a8 | 030f 8508 | 0000 0048 | 8b00 e9d8 | 0100 00a8 | 010f 8509 
  0x00007d384ca73450: 0000 0048 | 8b40 fee9 | c701 0000 | 488b 40ff | 4180 7f40 | 000f 84b8 | 0100 0048 | 83f8 000f 
  0x00007d384ca73470: 84ae 0100 | 0049 8b4f | 2848 83f9 | 000f 8414 | 0000 0048 | 83e9 0849 | 894f 2849 | 034f 3848 
  0x00007d384ca73490: 8901 e98c | 0100 0048 | 81ec d000 | 0000 4889 | 0424 4889 | 4c24 0848 | 8954 2410 | 4889 7424 
  0x00007d384ca734b0: 1848 897c | 2420 4c89 | 4424 284c | 894c 2430 | 4c89 5424 | 384c 895c | 2440 c5fb | 1144 2450 
  0x00007d384ca734d0: c5fb 114c | 2458 c5fb | 1154 2460 | c5fb 115c | 2468 c5fb | 1164 2470 | c5fb 116c | 2478 c5fb 
  0x00007d384ca734f0: 11b4 2480 | 0000 00c5 | fb11 bc24 | 8800 0000 | c57b 1184 | 2490 0000 | 00c5 7b11 

  0x00007d384ca7350c: ;   {no_reloc}
  0x00007d384ca7350c: 8c24 9800 | 0000 c57b | 1194 24a0 | 0000 00c5 | 7b11 9c24 | a800 0000 | c57b 11a4 | 24b0 0000 
  0x00007d384ca7352c: 00c5 7b11 | ac24 b800 | 0000 c57b | 11b4 24c0 | 0000 00c5 | 7b11 bc24 | c800 0000 | 498b f748 
  0x00007d384ca7354c: 8bf8 40f6 | c40f 0f84 | 1200 0000 | 4883 ec08 

  0x00007d384ca7355c: ;   {runtime_call G1BarrierSetRuntime::write_ref_field_pre_entry(oopDesc*, JavaThread*)}
  0x00007d384ca7355c: e8df ebf4 | 1048 83c4 | 08e9 0500 

  0x00007d384ca73568: ;   {runtime_call G1BarrierSetRuntime::write_ref_field_pre_entry(oopDesc*, JavaThread*)}
  0x00007d384ca73568: 0000 e8d1 | ebf4 10c5 | 7b10 bc24 | c800 0000 | c57b 10b4 | 24c0 0000 | 00c5 7b10 | ac24 b800 
  0x00007d384ca73588: 0000 c57b | 10a4 24b0 | 0000 00c5 | 7b10 9c24 | a800 0000 | c57b 1094 | 24a0 0000 | 00c5 7b10 
  0x00007d384ca735a8: 8c24 9800 | 0000 c57b | 1084 2490 | 0000 00c5 | fb10 bc24 | 8800 0000 | c5fb 10b4 | 2480 0000 
  0x00007d384ca735c8: 00c5 fb10 | 6c24 78c5 | fb10 6424 | 70c5 fb10 | 5c24 68c5 | fb10 5424 | 60c5 fb10 | 4c24 58c5 
  0x00007d384ca735e8: fb10 4424 | 504c 8b5c | 2440 4c8b | 5424 384c | 8b4c 2430 | 4c8b 4424 | 2848 8b7c | 2420 488b 
  0x00007d384ca73608: 7424 1848 | 8b54 2410 | 488b 4c24 | 0848 8b04 | 2448 81c4 | d000 0000 | c5f8 7749 | 8b8f 2804 
  0x00007d384ca73628: 0000 c781 | 0001 0000 | 0000 0000 | c949 837f | 0800 0f85 | 0100 0000 

  0x00007d384ca73640: ;   {runtime_call StubRoutines (initial stubs)}
  0x00007d384ca73640: c3e9 bac5 | 7eff c5f8 | 7748 8945 | f84c 8be4 | 4883 ec00 | 4883 e4f0 

  0x00007d384ca73658: ;   {runtime_call SharedRuntime::reguard_yellow_pages()}
  0x00007d384ca73658: e853 d154 | 1149 8be4 | 4d33 e448 | 8b45 f8e9 | 6afd ffff 
[Stub Code]
  0x00007d384ca7366c: f4f4 f4f4 
[/MachCode]


Compiled method (c2) 8941 1165 %     4       core.convoulter.Convoluter::MakeConvolution @ 67 (220 bytes)
 total in heap  [0x00007d384ca74190,0x00007d384ca74fc8] = 3640
 relocation     [0x00007d384ca742e8,0x00007d384ca74398] = 176
 constants      [0x00007d384ca743a0,0x00007d384ca743c0] = 32
 main code      [0x00007d384ca743c0,0x00007d384ca74a08] = 1608
 stub code      [0x00007d384ca74a08,0x00007d384ca74a78] = 112
 oops           [0x00007d384ca74a78,0x00007d384ca74a80] = 8
 metadata       [0x00007d384ca74a80,0x00007d384ca74ae8] = 104
 scopes data    [0x00007d384ca74ae8,0x00007d384ca74db0] = 712
 scopes pcs     [0x00007d384ca74db0,0x00007d384ca74ef0] = 320
 dependencies   [0x00007d384ca74ef0,0x00007d384ca74f18] = 40
 handler table  [0x00007d384ca74f18,0x00007d384ca74fa8] = 144
 nul chk table  [0x00007d384ca74fa8,0x00007d384ca74fc8] = 32


[Constant Pool]
             Address          hex4                    hex8      
  0x00007d384ca743a0:   0x00000000      0x405fc00000000000      
  0x00007d384ca743a4:   0x405fc000                              
  0x00007d384ca743a8:   0x00000000      0xc060000000000000      
  0x00007d384ca743ac:   0xc0600000                              
  0x00007d384ca743b0:   0xf4f4f4f4      0xf4f4f4f4f4f4f4f4      
  0x00007d384ca743b4:   0xf4f4f4f4                              
  0x00007d384ca743b8:   0xf4f4f4f4      0xf4f4f4f4f4f4f4f4      
  0x00007d384ca743bc:   0xf4f4f4f4                              

[MachCode]
[Verified Entry Point]
  # {method} {0x00007d37dc4032c0} 'MakeConvolution' '(Lcore/convoulter/Filter;)V' in 'core/convoulter/Convoluter'
  0x00007d384ca743c0: ;   {no_reloc}
  0x00007d384ca743c0: e89b b949 | 1166 6666 | 0f1f 8400 | 0000 0000 | 8984 2400 | c0fe ff55 | 4883 ec70 | 4181 7f20 
  0x00007d384ca743e0: 0100 0000 | 0f85 1306 | 0000 488b | ae90 0000 | 004c 8b76 | 708b 5e30 | 448b 9e80 | 0000 0044 
  0x00007d384ca74400: 895c 2404 | 448b 5678 | 4489 5424 | 10c5 fb10 | 4660 c5fb | 1144 2420 | c5fb 1046 | 50c5 fb11 
  0x00007d384ca74420: 4424 2844 | 8b5e 4844 | 895c 2430 | 448b 5640 | 4489 5424 | 3444 8b6e | 3848 8bfe | 49ba e022 
  0x00007d384ca74440: fc5d 387d | 0000 41ff 

  0x00007d384ca74448: ;   {other}
  0x00007d384ca74448: d20f 1f84 | 0000 0000 | 0048 85ed | 0f84 8e04 | 0000 4c8b | d544 8b45 

  0x00007d384ca74460: ;   {metadata('core/convoulter/Convoluter')}
  0x00007d384ca74460: 0841 81f8 | 700c 0001 | 0f85 8c04 | 0000 488b | cd4d 85f6 | 0f84 7804 | 0000 458b 

  0x00007d384ca7447c: ;   {metadata({type array int}[])}
  0x00007d384ca7447c: 5e08 4181 | fbc8 2a00 | 000f 856f | 0400 008b | 5424 10c1 | ea1f 0354 | 2410 4c63 | 4c24 04d1 
  0x00007d384ca7449c: fa49 ffc9 | 8b7c 2404 | c1ef 1f03 | 7c24 04d1 | ff8b eb44 | 892c 24e9 | 2f02 0000 | 0f1f 8400 
  0x00007d384ca744bc: 0000 0000 | c5fb 1144 | 2458 8b44 | 244c 03c5 | 4c8b 5424 | 0845 8b5a | 0c44 8b54 | 2414 3d00 
  0x00007d384ca744dc: 0000 8075 | 0833 d241 | 83fa ff74 | 0499 41f7 | fa8b ca8b | 4424 5444 | 8b44 2430 | 3d00 0000 
  0x00007d384ca744fc: 8075 0833 | d241 83f8 | ff74 0499 | 41f7 f845 | 85db 0f84 | 2203 0000 | 4b8d 34dc 

  0x00007d384ca74518: ;   {optimized virtual_call}
  0x00007d384ca74518: 6666 90e8 

  0x00007d384ca7451c: ; ImmutableOopMap {[8]=Oop [24]=Oop }
                      ;*invokevirtual ptr {reexecute=0 rethrow=0 return_oop=1}
                      ; - core.convoulter.Convoluter::MakeConvolution@139 (line 49)
  0x00007d384ca7451c: 20e4 ffff 

  0x00007d384ca74520: ;   {other}
  0x00007d384ca74520: 0f1f 8400 | 9003 0000 | 4885 c00f | 841f 0300 | 0048 8bf0 

  0x00007d384ca74534: ;   {optimized virtual_call}
  0x00007d384ca74534: 33d2 90e8 

  0x00007d384ca74538: ; ImmutableOopMap {[8]=Oop [24]=Oop }
                      ;*invokevirtual get {reexecute=0 rethrow=0 return_oop=0}
                      ; - org.bytedeco.javacpp.BytePointer::get@2 (line 252)
                      ; - core.convoulter.Convoluter::MakeConvolution@142 (line 49)
  0x00007d384ca74538: 84e9 ffff 

  0x00007d384ca7453c: ;   {other}
  0x00007d384ca7453c: 0f1f 8400 | ac03 0001 | 4c8b 5c24 | 1844 8b54 | 2450 478b | 5493 1047 | 8b5c d40c | 413b eb0f 
  0x00007d384ca7455c: 8303 0300 | 0049 c1e2 | 0341 0faf | 44aa 10c5 | fb2a c0c5 | fb10 4c24 | 58c5 f358 | c0ff c53b 
  0x00007d384ca7457c: 6c24 100f | 8c3b ffff | ff4c 8b74 | 2418 448b | 6c24 0444 | 8b5c 2410 | 8b6c 2414 | 8b44 2430 
  0x00007d384ca7459c: 488b 4c24 | 088b 5424 | 344c 8b4c | 2438 8b7c | 2440 8b5c | 2444 448b | 5424 4844 | 8b44 244c 
  0x00007d384ca745bc: 8b74 2450 | ffc6 413b | f57d 1b44 | 895c 2410 | e982 0100 | 00c5 f957 | c044 8b5c | 2410 8b6c 
  0x00007d384ca745dc: 2430 8b44 | 2434 8b71 | 0c85 f60f | 84a7 0200 | 00c5 fb11 | 4424 4889 | 5c24 4489 | 7c24 404c 
  0x00007d384ca745fc: 894c 2438 | 8954 2414 | 4889 4c24 | 1889 4424 | 3489 6c24 | 3044 895c | 2410 4489 | 6c24 044c 
  0x00007d384ca7461c: 8974 2408 | 48c1 e603 | 8b14 248b 

  0x00007d384ca74628: ;   {optimized virtual_call}
  0x00007d384ca74628: cb66 90e8 

  0x00007d384ca7462c: ; ImmutableOopMap {[8]=Oop [24]=Oop }
                      ;*invokevirtual ptr {reexecute=0 rethrow=0 return_oop=1}
                      ; - core.convoulter.Convoluter::MakeConvolution@178 (line 56)
  0x00007d384ca7462c: 10e3 ffff 

  0x00007d384ca74630: ;   {other}
  0x00007d384ca74630: 0f1f 8400 | a004 0002 | c5fb 1044 | 2448 c5fb | 5944 2428 | c5fb 5844 

  0x00007d384ca74648: ;   {section_word}
  0x00007d384ca74648: 2420 c5fb | 1025 4efd | ffff c4e3 | 794b d400 | c4e3 594b | d800 c5eb | 5dcb c5e9 | c2da 03c4 
  0x00007d384ca74668: e371 4bc2 

  0x00007d384ca7466c: ;   {section_word}
  0x00007d384ca7466c: 30c5 fb10 | 2533 fdff | ffc4 e359 | 4bd8 40c4 | e379 4bd4 | 40c5 eb5f | cbc5 e9c2 | da03 c4e3 
  0x00007d384ca7468c: 714b c230 | c57b 2cd8 | 4181 fb00 | 0000 800f | 8447 0300 | 0041 0fbe | cb48 85c0 | 0f84 fe01 
  0x00007d384ca746ac: 0000 488b 

  0x00007d384ca746b0: ;   {optimized virtual_call}
  0x00007d384ca746b0: f033 d2e8 

  0x00007d384ca746b4: ; ImmutableOopMap {[8]=Oop [24]=Oop }
                      ;*invokevirtual put {reexecute=0 rethrow=0 return_oop=1}
                      ; - org.bytedeco.javacpp.BytePointer::put@3 (line 256)
                      ; - core.convoulter.Convoluter::MakeConvolution@203 (line 56)
  0x00007d384ca746b4: 08ec ffff 

  0x00007d384ca746b8: ;   {other}
  0x00007d384ca746b8: 0f1f 8400 | 2805 0003 | 4d8b 9750 | 0400 008b | 6c24 44ff 

  0x00007d384ca746cc: ; ImmutableOopMap {[8]=Oop [24]=Oop }
                      ;*goto {reexecute=1 rethrow=0 return_oop=0}
                      ; - (reexecute) core.convoulter.Convoluter::MakeConvolution@210 (line 43)
                      ;   {poll}
  0x00007d384ca746cc: c541 8502 | 4c8b 7424 | 0848 8b4c | 2418 8b54 | 2414 4c8b | 4c24 388b | 7c24 408b | dd3b 6c24 
  0x00007d384ca746ec: 340f 8dbc | 0000 0044 | 8b6c 2404 | 4585 ed0f | 8ed0 feff | ff8b 6c24 | 3085 ed0f | 84b3 0100 
  0x00007d384ca7470c: 008b 4424 | 3485 c00f | 84ab 0100 | 0048 85c9 | 0f84 a201 | 0000 458b | 560c 4585 | d20f 8695 
  0x00007d384ca7472c: 0100 004d | 63d2 4d3b | ca0f 8389 | 0100 0044 | 8bd3 442b | d744 8b04 | 2444 2bc2 | 4403 4424 
  0x00007d384ca7474c: 30c5 f957 | c033 f644 | 8b5c 2410 | 4585 db0f | 8e5f feff | ff89 7424 | 5044 8944 | 244c 4489 
  0x00007d384ca7476c: 5424 4889 | 5c24 4489 | 7c24 404c | 894c 2438 | 8954 2434 | 4889 4c24 | 0889 4424 | 3089 6c24 
  0x00007d384ca7478c: 1444 896c | 2404 4c89 | 7424 1844 | 03d6 4403 | d044 8954 | 2454 c5fb | 1144 2458 | 33ed e917 
  0x00007d384ca747ac: fdff ff4d | 8b9f 5004 | 0000 448b | 1424 41ff 

  0x00007d384ca747bc: ; ImmutableOopMap {rcx=Oop r14=Oop }
                      ;*goto {reexecute=1 rethrow=0 return_oop=0}
                      ; - (reexecute) core.convoulter.Convoluter::MakeConvolution@216 (line 40)
                      ;   {poll}
  0x00007d384ca747bc: c241 8503 | 443b 5424 

  0x00007d384ca747c4: ;   {oop(a 'java/lang/Class'{0x00000007ffe81448} = 'java/lang/System')}
  0x00007d384ca747c4: 307d 5c49 | bb48 14e8 | ff07 0000 | 0041 8b6b | 7485 ed0f | 848f 0100 | 0044 8914 | 2489 7c24 
  0x00007d384ca747e4: 404c 894c | 2438 8954 | 2414 4889 | 4c24 184c | 8974 2408 

  0x00007d384ca747f8: ;   {static_call}
  0x00007d384ca747f8: 418b f2e8 

  0x00007d384ca747fc: ; ImmutableOopMap {rbp=NarrowOop [8]=Oop [24]=Oop }
                      ;*invokestatic toString {reexecute=0 rethrow=0 return_oop=1}
                      ; - java.lang.String::valueOf@1 (line 4572)
                      ; - java.io.PrintStream::println@11 (line 1078)
                      ; - core.convoulter.Convoluter::MakeConvolution@61 (line 42)
  0x00007d384ca747fc: e025 59f8 

  0x00007d384ca74800: ;   {other}
  0x00007d384ca74800: 0f1f 8400 | 7006 0006 | 498d 34ec 

  0x00007d384ca7480c: ;   {optimized virtual_call}
  0x00007d384ca7480c: 488b d0e8 

  0x00007d384ca74810: ; ImmutableOopMap {[8]=Oop [24]=Oop }
                      ;*invokevirtual writeln {reexecute=0 rethrow=0 return_oop=0}
                      ; - java.io.PrintStream::println@14 (line 1078)
                      ; - core.convoulter.Convoluter::MakeConvolution@61 (line 42)
  0x00007d384ca74810: 0cf3 58f8 

  0x00007d384ca74814: ;   {other}
  0x00007d384ca74814: 0f1f 8400 | 8406 0007 | 33ed e9ad | feff ff48 | 83c4 705d 

  0x00007d384ca74828: ;   {poll_return}
  0x00007d384ca74828: 493b a748 | 0400 000f | 879d 0100 | 00c3 bef6 | ffff ff8b | ea89 0c24 

  0x00007d384ca74840: ;   {runtime_call UncommonTrapBlob}
  0x00007d384ca74840: 6666 90e8 

  0x00007d384ca74844: ; ImmutableOopMap {}
                      ;*invokevirtual ptr {reexecute=0 rethrow=0 return_oop=0}
                      ; - core.convoulter.Convoluter::MakeConvolution@139 (line 49)
  0x00007d384ca74844: b8e6 83ff 

  0x00007d384ca74848: ;   {other}
  0x00007d384ca74848: 0f1f 8400 | b806 0008 | bef6 ffff 

  0x00007d384ca74854: ;   {runtime_call UncommonTrapBlob}
  0x00007d384ca74854: ff66 90e8 

  0x00007d384ca74858: ; ImmutableOopMap {}
                      ;*invokevirtual get {reexecute=0 rethrow=0 return_oop=0}
                      ; - core.convoulter.Convoluter::MakeConvolution@142 (line 49)
  0x00007d384ca74858: a4e6 83ff 

  0x00007d384ca7485c: ;   {other}
  0x00007d384ca7485c: 0f1f 8400 | cc06 0009 | bee4 ffff | ff48 8944 | 24f8 8b44 | 2444 8944 | 2434 488b | 4424 f889 
  0x00007d384ca7487c: 4424 3c44 | 8954 2448 

  0x00007d384ca74884: ;   {runtime_call UncommonTrapBlob}
  0x00007d384ca74884: 6666 90e8 

  0x00007d384ca74888: ; ImmutableOopMap {[8]=Oop [24]=Oop [72]=NarrowOop }
                      ;*iaload {reexecute=0 rethrow=0 return_oop=0}
                      ; - core.convoulter.Convoluter::MakeConvolution@152 (line 49)
  0x00007d384ca74888: 74e6 83ff 

  0x00007d384ca7488c: ;   {other}
  0x00007d384ca7488c: 0f1f 8400 | fc06 000a | bef6 ffff | ff8b 2c24 

  0x00007d384ca7489c: ;   {runtime_call UncommonTrapBlob}
  0x00007d384ca7489c: 891c 24e8 

  0x00007d384ca748a0: ; ImmutableOopMap {}
                      ;*invokevirtual ptr {reexecute=0 rethrow=0 return_oop=0}
                      ; - core.convoulter.Convoluter::MakeConvolution@178 (line 56)
  0x00007d384ca748a0: 5ce6 83ff 

  0x00007d384ca748a4: ;   {other}
  0x00007d384ca748a4: 0f1f 8400 | 1407 000b | bef6 ffff 

  0x00007d384ca748b0: ;   {runtime_call UncommonTrapBlob}
  0x00007d384ca748b0: ff8b e9e8 

  0x00007d384ca748b4: ; ImmutableOopMap {}
                      ;*invokevirtual put {reexecute=0 rethrow=0 return_oop=0}
                      ; - core.convoulter.Convoluter::MakeConvolution@203 (line 56)
  0x00007d384ca748b4: 48e6 83ff 

  0x00007d384ca748b8: ;   {other}
  0x00007d384ca748b8: 0f1f 8400 | 2807 000c | 8b44 2434 | bebe ffff | ff48 894c | 2408 4c89 | 7424 1889 | 4424 1489 
  0x00007d384ca748d8: ;   {runtime_call UncommonTrapBlob}
  0x00007d384ca748d8: 5c24 30e8 

  0x00007d384ca748dc: ; ImmutableOopMap {[8]=Oop [24]=Oop }
                      ;*if_icmpge {reexecute=1 rethrow=0 return_oop=0}
                      ; - (reexecute) core.convoulter.Convoluter::MakeConvolution@83 (line 45)
  0x00007d384ca748dc: 20e6 83ff 

  0x00007d384ca748e0: ;   {other}
  0x00007d384ca748e0: 0f1f 8400 | 5007 000d | 33c9 4c8b | d5e9 7ffb | ffff 4533 | f6e9 91fb | ffff be8d | ffff ff8b 
  0x00007d384ca74900: 6c24 0448 | 8944 24f8 | 8b44 2410 | 8904 2448 | 8b44 24f8 | 4c89 7424 | 0848 ff74 | 2420 488f 
  0x00007d384ca74920: 4424 1048 | ff74 2428 | 488f 4424 | 1848 8944 | 24f8 8b44 | 2430 8944 | 2404 488b | 4424 f848 
  0x00007d384ca74940: 8944 24f8 | 8b44 2434 | 8944 2420 | 488b 4424 | f844 896c | 2424 895c | 2428 4c89 

  0x00007d384ca7495c: ;   {runtime_call UncommonTrapBlob}
  0x00007d384ca7495c: 5424 30e8 

  0x00007d384ca74960: ; ImmutableOopMap {[8]=Oop [48]=Oop }
                      ;*iload {reexecute=0 rethrow=0 return_oop=0}
                      ; - core.convoulter.Convoluter::MakeConvolution@67 (line 43)
  0x00007d384ca74960: 9ce5 83ff 

  0x00007d384ca74964: ;   {other}
  0x00007d384ca74964: 0f1f 8400 | d407 000e | bef6 ffff | ff41 8bea 

  0x00007d384ca74974: ;   {runtime_call UncommonTrapBlob}
  0x00007d384ca74974: 6666 90e8 

  0x00007d384ca74978: ; ImmutableOopMap {}
                      ;*invokevirtual println {reexecute=0 rethrow=0 return_oop=0}
                      ; - core.convoulter.Convoluter::MakeConvolution@61 (line 42)
  0x00007d384ca74978: 84e5 83ff 

  0x00007d384ca7497c: ;   {other}
  0x00007d384ca7497c: 0f1f 8400 | ec07 000f | bef6 ffff 

  0x00007d384ca74988: ;   {runtime_call UncommonTrapBlob}
  0x00007d384ca74988: ff66 90e8 

  0x00007d384ca7498c: ; ImmutableOopMap {}
                      ;*iaload {reexecute=0 rethrow=0 return_oop=0}
                      ; - core.convoulter.Convoluter::MakeConvolution@152 (line 49)
  0x00007d384ca7498c: 70e5 83ff 

  0x00007d384ca74990: ;   {other}
  0x00007d384ca74990: 0f1f 8400 | 0008 0010 | bef6 ffff 

  0x00007d384ca7499c: ;   {runtime_call UncommonTrapBlob}
  0x00007d384ca7499c: ff66 90e8 

  0x00007d384ca749a0: ; ImmutableOopMap {}
                      ;*getfield Image {reexecute=1 rethrow=0 return_oop=0}
                      ; - (reexecute) core.convoulter.Convoluter::MakeConvolution@171 (line 56)
  0x00007d384ca749a0: 5ce5 83ff 

  0x00007d384ca749a4: ;   {other}
  0x00007d384ca749a4: 0f1f 8400 | 1408 0011 | 488b f0eb | 1748 8bf0 | eb12 488b | f0eb 0d48 | 8bf0 eb08 | 488b f0eb 
  0x00007d384ca749c4: 0348 8bf0 | 4883 c470 

  0x00007d384ca749cc: ;   {runtime_call _rethrow_Java}
  0x00007d384ca749cc: 5de9 2eb3 

  0x00007d384ca749d0: ;   {internal_word}
  0x00007d384ca749d0: 90ff 49ba | 2848 a74c | 387d 0000 | 4d89 9760 

  0x00007d384ca749e0: ;   {runtime_call SafepointBlob}
  0x00007d384ca749e0: 0400 00e9 | 18f6 83ff | 4883 ec08 | c5fb 1104 

  0x00007d384ca749f0: ;   {runtime_call StubRoutines (initial stubs)}
  0x00007d384ca749f0: 24e8 f2b3 | 7eff 415b | e9a4 fcff 

  0x00007d384ca749fc: ;   {runtime_call StubRoutines (final stubs)}
  0x00007d384ca749fc: ffe8 9eea | 81ff e9e3 | f9ff fff4 
[Stub Code]
  0x00007d384ca74a08: ;   {no_reloc}
  0x00007d384ca74a08: 48bb 0000 | 0000 0000 

  0x00007d384ca74a10: ;   {runtime_call nmethod}
  0x00007d384ca74a10: 0000 e9fb 

  0x00007d384ca74a14: ;   {static_stub}
  0x00007d384ca74a14: ffff ff48 | bb00 0000 | 0000 0000 

  0x00007d384ca74a20: ;   {runtime_call nmethod}
  0x00007d384ca74a20: 00e9 fbff 

  0x00007d384ca74a24: ;   {static_stub}
  0x00007d384ca74a24: ffff 48bb | 0000 0000 | 0000 0000 

  0x00007d384ca74a30: ;   {runtime_call nmethod}
  0x00007d384ca74a30: e9fb ffff 

  0x00007d384ca74a34: ;   {static_stub}
  0x00007d384ca74a34: ff48 bb00 | 0000 0000 

  0x00007d384ca74a3c: ;   {runtime_call nmethod}
  0x00007d384ca74a3c: 0000 00e9 | fbff ffff 

  0x00007d384ca74a44: ;   {static_stub}
  0x00007d384ca74a44: 48bb b070 | 4ee7 377d 

  0x00007d384ca74a4c: ;   {runtime_call I2C/C2I adapters}
  0x00007d384ca74a4c: 0000 e994 

  0x00007d384ca74a50: ;   {static_stub}
  0x00007d384ca74a50: e083 ff48 | bba8 3c49 | e737 7d00 

  0x00007d384ca74a5c: ;   {runtime_call I2C/C2I adapters}
  0x00007d384ca74a5c: 00e9 80d7 

  0x00007d384ca74a60: ;   {runtime_call ExceptionBlob}
  0x00007d384ca74a60: 83ff e999 | 2a90 ffe8 | 0000 0000 | 4883 2c24 

  0x00007d384ca74a70: ;   {runtime_call DeoptimizationBlob}
  0x00007d384ca74a70: 05e9 2ae8 | 83ff f4f4 
[/MachCode]


---------------  P R O C E S S  ---------------

Threads class SMR info:
_java_thread_list=0x00007d37c0110860, length=14, elements={
0x00007d385802cf30, 0x00007d3858184720, 0x00007d3858185c80, 0x00007d3858187410,
0x00007d3858188a40, 0x00007d3858189fd0, 0x00007d385818bb80, 0x00007d385818d230,
0x00007d385819ac20, 0x00007d385819dc80, 0x00007d38583f4160, 0x00007d37c010e620,
0x00007d37c010f160, 0x00007d37c010fd20
}

Java Threads: ( => current thread )
=>0x00007d385802cf30 JavaThread "main"                              [_thread_in_native, id=71270, stack(0x00007d385d008000,0x00007d385d108000) (1024K)]
  0x00007d3858184720 JavaThread "Reference Handler"          daemon [_thread_blocked, id=71279, stack(0x00007d3834700000,0x00007d3834800000) (1024K)]
  0x00007d3858185c80 JavaThread "Finalizer"                  daemon [_thread_blocked, id=71280, stack(0x00007d38345ff000,0x00007d38346ff000) (1024K)]
  0x00007d3858187410 JavaThread "Signal Dispatcher"          daemon [_thread_blocked, id=71281, stack(0x00007d38344fe000,0x00007d38345fe000) (1024K)]
  0x00007d3858188a40 JavaThread "Service Thread"             daemon [_thread_blocked, id=71282, stack(0x00007d38343fd000,0x00007d38344fd000) (1024K)]
  0x00007d3858189fd0 JavaThread "Monitor Deflation Thread"   daemon [_thread_blocked, id=71283, stack(0x00007d38342fc000,0x00007d38343fc000) (1024K)]
  0x00007d385818bb80 JavaThread "C2 CompilerThread0"         daemon [_thread_blocked, id=71284, stack(0x00007d38341fb000,0x00007d38342fb000) (1024K)]
  0x00007d385818d230 JavaThread "C1 CompilerThread0"         daemon [_thread_blocked, id=71285, stack(0x00007d38340fa000,0x00007d38341fa000) (1024K)]
  0x00007d385819ac20 JavaThread "Notification Thread"        daemon [_thread_blocked, id=71286, stack(0x00007d37e6f00000,0x00007d37e7000000) (1024K)]
  0x00007d385819dc80 JavaThread "Common-Cleaner"             daemon [_thread_blocked, id=71287, stack(0x00007d37e6dff000,0x00007d37e6eff000) (1024K)]
  0x00007d38583f4160 JavaThread "JavaCPP Deallocator"        daemon [_thread_blocked, id=71316, stack(0x00007d37e68fa000,0x00007d37e69fa000) (1024K)]
  0x00007d37c010e620 JavaThread "C1 CompilerThread1"         daemon [_thread_blocked, id=71392, stack(0x00007d37e6afc000,0x00007d37e6bfc000) (1024K)]
  0x00007d37c010f160 JavaThread "C1 CompilerThread2"         daemon [_thread_blocked, id=71393, stack(0x00007d37e69fb000,0x00007d37e6afb000) (1024K)]
  0x00007d37c010fd20 JavaThread "C1 CompilerThread3"         daemon [_thread_blocked, id=71394, stack(0x00007d37e6500000,0x00007d37e6600000) (1024K)]
Total: 14

Other Threads:
  0x00007d3858179d80 VMThread "VM Thread"                           [id=71278, stack(0x00007d3834bd6000,0x00007d3834cd6000) (1024K)]
  0x00007d3858167a70 WatcherThread "VM Periodic Task Thread"        [id=71277, stack(0x00007d3834cd7000,0x00007d3834dd7000) (1024K)]
  0x00007d3858094d20 WorkerThread "GC Thread#0"                     [id=71271, stack(0x00007d3857f00000,0x00007d3858000000) (1024K)]
  0x00007d37d4008970 WorkerThread "GC Thread#1"                     [id=71356, stack(0x00007d37e5d00000,0x00007d37e5e00000) (1024K)]
  0x00007d37d40094a0 WorkerThread "GC Thread#2"                     [id=71357, stack(0x00007d37e40fe000,0x00007d37e41fe000) (1024K)]
  0x00007d37d4009fd0 WorkerThread "GC Thread#3"                     [id=71358, stack(0x00007d37986fd000,0x00007d37987fd000) (1024K)]
  0x00007d37d400ab00 WorkerThread "GC Thread#4"                     [id=71359, stack(0x00007d3798300000,0x00007d3798400000) (1024K)]
  0x00007d38580a5750 ConcurrentGCThread "G1 Main Marker"            [id=71272, stack(0x00007d38400c0000,0x00007d38401c0000) (1024K)]
  0x00007d38580a66f0 WorkerThread "G1 Conc#0"                       [id=71273, stack(0x00007d3837f00000,0x00007d3838000000) (1024K)]
  0x00007d385814d480 ConcurrentGCThread "G1 Refine#0"               [id=71274, stack(0x00007d3834ff3000,0x00007d38350f3000) (1024K)]
  0x00007d385814e430 ConcurrentGCThread "G1 Service"                [id=71275, stack(0x00007d3834ef2000,0x00007d3834ff2000) (1024K)]
Total: 11

Threads with active compile tasks:
Total: 0

VM state: not at safepoint (normal execution)

VM Mutex/Monitor currently owned by a thread: None

Heap address: 0x000000070c000000, size: 3904 MB, Compressed Oops mode: Zero based, Oop shift amount: 3

CDS archive(s) mapped at: [0x00007d37e7000000-0x00007d37e7d2e000-0x00007d37e7d2e000), size 13819904, SharedBaseAddress: 0x00007d37e7000000, ArchiveRelocationMode: 1.
Compressed class space mapped at: 0x00007d37e8000000-0x00007d3828000000, reserved size: 1073741824
Narrow klass base: 0x00007d37e7000000, Narrow klass shift: 0, Narrow klass range: 0x100000000

GC Precious Log:
 CardTable entry size: 512
 Card Set container configuration: InlinePtr #cards 4 size 8 Array Of Cards #cards 16 size 48 Howl #buckets 8 coarsen threshold 3686 Howl Bitmap #cards 512 size 80 coarsen threshold 460 Card regions per heap region 1 cards per card region 4096
 CPUs: 16 total, 16 available
 Memory: 15609M
 Large Page Support: Disabled
 NUMA Support: Disabled
 Compressed Oops: Enabled (Zero based)
 Heap Region Size: 2M
 Heap Min Capacity: 8M
 Heap Initial Capacity: 244M
 Heap Max Capacity: 3904M
 Pre-touch: Disabled
 Parallel Workers: 13
 Concurrent Workers: 3
 Concurrent Refinement Workers: 13
 Periodic GC: Disabled

Heap:
 garbage-first heap   total 251904K, used 6825K [0x000000070c000000, 0x0000000800000000)
  region size 2048K, 4 young (8192K), 2 survivors (4096K)
 Metaspace       used 9036K, committed 9152K, reserved 1114112K
  class space    used 438K, committed 512K, reserved 1048576K

Heap Regions: E=young(eden), S=young(survivor), O=old, HS=humongous(starts), HC=humongous(continues), CS=collection set, F=free, TAMS=top-at-mark-start, PB=parsable bottom
|   0|0x000000070c000000, 0x000000070c000000, 0x000000070c200000|  0%| F|  |TAMS 0x000000070c000000| PB 0x000000070c000000| Untracked 
|   1|0x000000070c200000, 0x000000070c200000, 0x000000070c400000|  0%| F|  |TAMS 0x000000070c200000| PB 0x000000070c200000| Untracked 
|   2|0x000000070c400000, 0x000000070c400000, 0x000000070c600000|  0%| F|  |TAMS 0x000000070c400000| PB 0x000000070c400000| Untracked 
|   3|0x000000070c600000, 0x000000070c600000, 0x000000070c800000|  0%| F|  |TAMS 0x000000070c600000| PB 0x000000070c600000| Untracked 
|   4|0x000000070c800000, 0x000000070c800000, 0x000000070ca00000|  0%| F|  |TAMS 0x000000070c800000| PB 0x000000070c800000| Untracked 
|   5|0x000000070ca00000, 0x000000070ca00000, 0x000000070cc00000|  0%| F|  |TAMS 0x000000070ca00000| PB 0x000000070ca00000| Untracked 
|   6|0x000000070cc00000, 0x000000070cc00000, 0x000000070ce00000|  0%| F|  |TAMS 0x000000070cc00000| PB 0x000000070cc00000| Untracked 
|   7|0x000000070ce00000, 0x000000070ce00000, 0x000000070d000000|  0%| F|  |TAMS 0x000000070ce00000| PB 0x000000070ce00000| Untracked 
|   8|0x000000070d000000, 0x000000070d000000, 0x000000070d200000|  0%| F|  |TAMS 0x000000070d000000| PB 0x000000070d000000| Untracked 
|   9|0x000000070d200000, 0x000000070d200000, 0x000000070d400000|  0%| F|  |TAMS 0x000000070d200000| PB 0x000000070d200000| Untracked 
|  10|0x000000070d400000, 0x000000070d400000, 0x000000070d600000|  0%| F|  |TAMS 0x000000070d400000| PB 0x000000070d400000| Untracked 
|  11|0x000000070d600000, 0x000000070d600000, 0x000000070d800000|  0%| F|  |TAMS 0x000000070d600000| PB 0x000000070d600000| Untracked 
|  12|0x000000070d800000, 0x000000070d800000, 0x000000070da00000|  0%| F|  |TAMS 0x000000070d800000| PB 0x000000070d800000| Untracked 
|  13|0x000000070da00000, 0x000000070da00000, 0x000000070dc00000|  0%| F|  |TAMS 0x000000070da00000| PB 0x000000070da00000| Untracked 
|  14|0x000000070dc00000, 0x000000070dc00000, 0x000000070de00000|  0%| F|  |TAMS 0x000000070dc00000| PB 0x000000070dc00000| Untracked 
|  15|0x000000070de00000, 0x000000070de00000, 0x000000070e000000|  0%| F|  |TAMS 0x000000070de00000| PB 0x000000070de00000| Untracked 
|  16|0x000000070e000000, 0x000000070e000000, 0x000000070e200000|  0%| F|  |TAMS 0x000000070e000000| PB 0x000000070e000000| Untracked 
|  17|0x000000070e200000, 0x000000070e200000, 0x000000070e400000|  0%| F|  |TAMS 0x000000070e200000| PB 0x000000070e200000| Untracked 
|  18|0x000000070e400000, 0x000000070e400000, 0x000000070e600000|  0%| F|  |TAMS 0x000000070e400000| PB 0x000000070e400000| Untracked 
|  19|0x000000070e600000, 0x000000070e600000, 0x000000070e800000|  0%| F|  |TAMS 0x000000070e600000| PB 0x000000070e600000| Untracked 
|  20|0x000000070e800000, 0x000000070e800000, 0x000000070ea00000|  0%| F|  |TAMS 0x000000070e800000| PB 0x000000070e800000| Untracked 
|  21|0x000000070ea00000, 0x000000070ea00000, 0x000000070ec00000|  0%| F|  |TAMS 0x000000070ea00000| PB 0x000000070ea00000| Untracked 
|  22|0x000000070ec00000, 0x000000070ec00000, 0x000000070ee00000|  0%| F|  |TAMS 0x000000070ec00000| PB 0x000000070ec00000| Untracked 
|  23|0x000000070ee00000, 0x000000070ee00000, 0x000000070f000000|  0%| F|  |TAMS 0x000000070ee00000| PB 0x000000070ee00000| Untracked 
|  24|0x000000070f000000, 0x000000070f000000, 0x000000070f200000|  0%| F|  |TAMS 0x000000070f000000| PB 0x000000070f000000| Untracked 
|  25|0x000000070f200000, 0x000000070f200000, 0x000000070f400000|  0%| F|  |TAMS 0x000000070f200000| PB 0x000000070f200000| Untracked 
|  26|0x000000070f400000, 0x000000070f400000, 0x000000070f600000|  0%| F|  |TAMS 0x000000070f400000| PB 0x000000070f400000| Untracked 
|  27|0x000000070f600000, 0x000000070f600000, 0x000000070f800000|  0%| F|  |TAMS 0x000000070f600000| PB 0x000000070f600000| Untracked 
|  28|0x000000070f800000, 0x000000070f800000, 0x000000070fa00000|  0%| F|  |TAMS 0x000000070f800000| PB 0x000000070f800000| Untracked 
|  29|0x000000070fa00000, 0x000000070fa00000, 0x000000070fc00000|  0%| F|  |TAMS 0x000000070fa00000| PB 0x000000070fa00000| Untracked 
|  30|0x000000070fc00000, 0x000000070fc00000, 0x000000070fe00000|  0%| F|  |TAMS 0x000000070fc00000| PB 0x000000070fc00000| Untracked 
|  31|0x000000070fe00000, 0x000000070fe00000, 0x0000000710000000|  0%| F|  |TAMS 0x000000070fe00000| PB 0x000000070fe00000| Untracked 
|  32|0x0000000710000000, 0x0000000710000000, 0x0000000710200000|  0%| F|  |TAMS 0x0000000710000000| PB 0x0000000710000000| Untracked 
|  33|0x0000000710200000, 0x0000000710200000, 0x0000000710400000|  0%| F|  |TAMS 0x0000000710200000| PB 0x0000000710200000| Untracked 
|  34|0x0000000710400000, 0x0000000710400000, 0x0000000710600000|  0%| F|  |TAMS 0x0000000710400000| PB 0x0000000710400000| Untracked 
|  35|0x0000000710600000, 0x0000000710600000, 0x0000000710800000|  0%| F|  |TAMS 0x0000000710600000| PB 0x0000000710600000| Untracked 
|  36|0x0000000710800000, 0x0000000710800000, 0x0000000710a00000|  0%| F|  |TAMS 0x0000000710800000| PB 0x0000000710800000| Untracked 
|  37|0x0000000710a00000, 0x0000000710a00000, 0x0000000710c00000|  0%| F|  |TAMS 0x0000000710a00000| PB 0x0000000710a00000| Untracked 
|  38|0x0000000710c00000, 0x0000000710c00000, 0x0000000710e00000|  0%| F|  |TAMS 0x0000000710c00000| PB 0x0000000710c00000| Untracked 
|  39|0x0000000710e00000, 0x0000000710e00000, 0x0000000711000000|  0%| F|  |TAMS 0x0000000710e00000| PB 0x0000000710e00000| Untracked 
|  40|0x0000000711000000, 0x0000000711000000, 0x0000000711200000|  0%| F|  |TAMS 0x0000000711000000| PB 0x0000000711000000| Untracked 
|  41|0x0000000711200000, 0x0000000711200000, 0x0000000711400000|  0%| F|  |TAMS 0x0000000711200000| PB 0x0000000711200000| Untracked 
|  42|0x0000000711400000, 0x0000000711400000, 0x0000000711600000|  0%| F|  |TAMS 0x0000000711400000| PB 0x0000000711400000| Untracked 
|  43|0x0000000711600000, 0x0000000711600000, 0x0000000711800000|  0%| F|  |TAMS 0x0000000711600000| PB 0x0000000711600000| Untracked 
|  44|0x0000000711800000, 0x0000000711800000, 0x0000000711a00000|  0%| F|  |TAMS 0x0000000711800000| PB 0x0000000711800000| Untracked 
|  45|0x0000000711a00000, 0x0000000711a00000, 0x0000000711c00000|  0%| F|  |TAMS 0x0000000711a00000| PB 0x0000000711a00000| Untracked 
|  46|0x0000000711c00000, 0x0000000711c00000, 0x0000000711e00000|  0%| F|  |TAMS 0x0000000711c00000| PB 0x0000000711c00000| Untracked 
|  47|0x0000000711e00000, 0x0000000711f9ebb8, 0x0000000712000000| 81%| S|CS|TAMS 0x0000000711e00000| PB 0x0000000711e00000| Complete 
|  48|0x0000000712000000, 0x0000000712200000, 0x0000000712200000|100%| S|CS|TAMS 0x0000000712000000| PB 0x0000000712000000| Complete 
|  49|0x0000000712200000, 0x0000000712200000, 0x0000000712400000|  0%| F|  |TAMS 0x0000000712200000| PB 0x0000000712200000| Untracked 
|  50|0x0000000712400000, 0x0000000712400000, 0x0000000712600000|  0%| F|  |TAMS 0x0000000712400000| PB 0x0000000712400000| Untracked 
|  51|0x0000000712600000, 0x0000000712600000, 0x0000000712800000|  0%| F|  |TAMS 0x0000000712600000| PB 0x0000000712600000| Untracked 
|  52|0x0000000712800000, 0x0000000712800000, 0x0000000712a00000|  0%| F|  |TAMS 0x0000000712800000| PB 0x0000000712800000| Untracked 
|  53|0x0000000712a00000, 0x0000000712a00000, 0x0000000712c00000|  0%| F|  |TAMS 0x0000000712a00000| PB 0x0000000712a00000| Untracked 
|  54|0x0000000712c00000, 0x0000000712c00000, 0x0000000712e00000|  0%| F|  |TAMS 0x0000000712c00000| PB 0x0000000712c00000| Untracked 
|  55|0x0000000712e00000, 0x0000000712e00000, 0x0000000713000000|  0%| F|  |TAMS 0x0000000712e00000| PB 0x0000000712e00000| Untracked 
|  56|0x0000000713000000, 0x0000000713000000, 0x0000000713200000|  0%| F|  |TAMS 0x0000000713000000| PB 0x0000000713000000| Untracked 
|  57|0x0000000713200000, 0x0000000713200000, 0x0000000713400000|  0%| F|  |TAMS 0x0000000713200000| PB 0x0000000713200000| Untracked 
|  58|0x0000000713400000, 0x0000000713400000, 0x0000000713600000|  0%| F|  |TAMS 0x0000000713400000| PB 0x0000000713400000| Untracked 
|  59|0x0000000713600000, 0x0000000713600000, 0x0000000713800000|  0%| F|  |TAMS 0x0000000713600000| PB 0x0000000713600000| Untracked 
|  60|0x0000000713800000, 0x0000000713800000, 0x0000000713a00000|  0%| F|  |TAMS 0x0000000713800000| PB 0x0000000713800000| Untracked 
|  61|0x0000000713a00000, 0x0000000713a00000, 0x0000000713c00000|  0%| F|  |TAMS 0x0000000713a00000| PB 0x0000000713a00000| Untracked 
|  62|0x0000000713c00000, 0x0000000713c00000, 0x0000000713e00000|  0%| F|  |TAMS 0x0000000713c00000| PB 0x0000000713c00000| Untracked 
|  63|0x0000000713e00000, 0x0000000713e00000, 0x0000000714000000|  0%| F|  |TAMS 0x0000000713e00000| PB 0x0000000713e00000| Untracked 
|  64|0x0000000714000000, 0x0000000714000000, 0x0000000714200000|  0%| F|  |TAMS 0x0000000714000000| PB 0x0000000714000000| Untracked 
|  65|0x0000000714200000, 0x0000000714200000, 0x0000000714400000|  0%| F|  |TAMS 0x0000000714200000| PB 0x0000000714200000| Untracked 
|  66|0x0000000714400000, 0x0000000714400000, 0x0000000714600000|  0%| F|  |TAMS 0x0000000714400000| PB 0x0000000714400000| Untracked 
|  67|0x0000000714600000, 0x0000000714600000, 0x0000000714800000|  0%| F|  |TAMS 0x0000000714600000| PB 0x0000000714600000| Untracked 
|  68|0x0000000714800000, 0x0000000714800000, 0x0000000714a00000|  0%| F|  |TAMS 0x0000000714800000| PB 0x0000000714800000| Untracked 
|  69|0x0000000714a00000, 0x0000000714a00000, 0x0000000714c00000|  0%| F|  |TAMS 0x0000000714a00000| PB 0x0000000714a00000| Untracked 
|  70|0x0000000714c00000, 0x0000000714c00000, 0x0000000714e00000|  0%| F|  |TAMS 0x0000000714c00000| PB 0x0000000714c00000| Untracked 
|  71|0x0000000714e00000, 0x0000000714e00000, 0x0000000715000000|  0%| F|  |TAMS 0x0000000714e00000| PB 0x0000000714e00000| Untracked 
|  72|0x0000000715000000, 0x0000000715000000, 0x0000000715200000|  0%| F|  |TAMS 0x0000000715000000| PB 0x0000000715000000| Untracked 
|  73|0x0000000715200000, 0x0000000715200000, 0x0000000715400000|  0%| F|  |TAMS 0x0000000715200000| PB 0x0000000715200000| Untracked 
|  74|0x0000000715400000, 0x0000000715400000, 0x0000000715600000|  0%| F|  |TAMS 0x0000000715400000| PB 0x0000000715400000| Untracked 
|  75|0x0000000715600000, 0x0000000715600000, 0x0000000715800000|  0%| F|  |TAMS 0x0000000715600000| PB 0x0000000715600000| Untracked 
|  76|0x0000000715800000, 0x0000000715800000, 0x0000000715a00000|  0%| F|  |TAMS 0x0000000715800000| PB 0x0000000715800000| Untracked 
|  77|0x0000000715a00000, 0x0000000715a00000, 0x0000000715c00000|  0%| F|  |TAMS 0x0000000715a00000| PB 0x0000000715a00000| Untracked 
|  78|0x0000000715c00000, 0x0000000715c00000, 0x0000000715e00000|  0%| F|  |TAMS 0x0000000715c00000| PB 0x0000000715c00000| Untracked 
|  79|0x0000000715e00000, 0x0000000715e00000, 0x0000000716000000|  0%| F|  |TAMS 0x0000000715e00000| PB 0x0000000715e00000| Untracked 
|  80|0x0000000716000000, 0x0000000716000000, 0x0000000716200000|  0%| F|  |TAMS 0x0000000716000000| PB 0x0000000716000000| Untracked 
|  81|0x0000000716200000, 0x0000000716200000, 0x0000000716400000|  0%| F|  |TAMS 0x0000000716200000| PB 0x0000000716200000| Untracked 
|  82|0x0000000716400000, 0x0000000716400000, 0x0000000716600000|  0%| F|  |TAMS 0x0000000716400000| PB 0x0000000716400000| Untracked 
|  83|0x0000000716600000, 0x0000000716600000, 0x0000000716800000|  0%| F|  |TAMS 0x0000000716600000| PB 0x0000000716600000| Untracked 
|  84|0x0000000716800000, 0x0000000716800000, 0x0000000716a00000|  0%| F|  |TAMS 0x0000000716800000| PB 0x0000000716800000| Untracked 
|  85|0x0000000716a00000, 0x0000000716a00000, 0x0000000716c00000|  0%| F|  |TAMS 0x0000000716a00000| PB 0x0000000716a00000| Untracked 
|  86|0x0000000716c00000, 0x0000000716c00000, 0x0000000716e00000|  0%| F|  |TAMS 0x0000000716c00000| PB 0x0000000716c00000| Untracked 
|  87|0x0000000716e00000, 0x0000000716e00000, 0x0000000717000000|  0%| F|  |TAMS 0x0000000716e00000| PB 0x0000000716e00000| Untracked 
|  88|0x0000000717000000, 0x0000000717000000, 0x0000000717200000|  0%| F|  |TAMS 0x0000000717000000| PB 0x0000000717000000| Untracked 
|  89|0x0000000717200000, 0x0000000717200000, 0x0000000717400000|  0%| F|  |TAMS 0x0000000717200000| PB 0x0000000717200000| Untracked 
|  90|0x0000000717400000, 0x0000000717400000, 0x0000000717600000|  0%| F|  |TAMS 0x0000000717400000| PB 0x0000000717400000| Untracked 
|  91|0x0000000717600000, 0x0000000717600000, 0x0000000717800000|  0%| F|  |TAMS 0x0000000717600000| PB 0x0000000717600000| Untracked 
|  92|0x0000000717800000, 0x0000000717800000, 0x0000000717a00000|  0%| F|  |TAMS 0x0000000717800000| PB 0x0000000717800000| Untracked 
|  93|0x0000000717a00000, 0x0000000717a00000, 0x0000000717c00000|  0%| F|  |TAMS 0x0000000717a00000| PB 0x0000000717a00000| Untracked 
|  94|0x0000000717c00000, 0x0000000717c00000, 0x0000000717e00000|  0%| F|  |TAMS 0x0000000717c00000| PB 0x0000000717c00000| Untracked 
|  95|0x0000000717e00000, 0x0000000717e00000, 0x0000000718000000|  0%| F|  |TAMS 0x0000000717e00000| PB 0x0000000717e00000| Untracked 
|  96|0x0000000718000000, 0x0000000718000000, 0x0000000718200000|  0%| F|  |TAMS 0x0000000718000000| PB 0x0000000718000000| Untracked 
|  97|0x0000000718200000, 0x0000000718200000, 0x0000000718400000|  0%| F|  |TAMS 0x0000000718200000| PB 0x0000000718200000| Untracked 
|  98|0x0000000718400000, 0x0000000718400000, 0x0000000718600000|  0%| F|  |TAMS 0x0000000718400000| PB 0x0000000718400000| Untracked 
|  99|0x0000000718600000, 0x0000000718600000, 0x0000000718800000|  0%| F|  |TAMS 0x0000000718600000| PB 0x0000000718600000| Untracked 
| 100|0x0000000718800000, 0x0000000718800000, 0x0000000718a00000|  0%| F|  |TAMS 0x0000000718800000| PB 0x0000000718800000| Untracked 
| 101|0x0000000718a00000, 0x0000000718a00000, 0x0000000718c00000|  0%| F|  |TAMS 0x0000000718a00000| PB 0x0000000718a00000| Untracked 
| 102|0x0000000718c00000, 0x0000000718c00000, 0x0000000718e00000|  0%| F|  |TAMS 0x0000000718c00000| PB 0x0000000718c00000| Untracked 
| 103|0x0000000718e00000, 0x0000000718e00000, 0x0000000719000000|  0%| F|  |TAMS 0x0000000718e00000| PB 0x0000000718e00000| Untracked 
| 104|0x0000000719000000, 0x0000000719000000, 0x0000000719200000|  0%| F|  |TAMS 0x0000000719000000| PB 0x0000000719000000| Untracked 
| 105|0x0000000719200000, 0x0000000719200000, 0x0000000719400000|  0%| F|  |TAMS 0x0000000719200000| PB 0x0000000719200000| Untracked 
| 106|0x0000000719400000, 0x0000000719400000, 0x0000000719600000|  0%| F|  |TAMS 0x0000000719400000| PB 0x0000000719400000| Untracked 
| 107|0x0000000719600000, 0x0000000719600000, 0x0000000719800000|  0%| F|  |TAMS 0x0000000719600000| PB 0x0000000719600000| Untracked 
| 108|0x0000000719800000, 0x0000000719800000, 0x0000000719a00000|  0%| F|  |TAMS 0x0000000719800000| PB 0x0000000719800000| Untracked 
| 109|0x0000000719a00000, 0x0000000719a00000, 0x0000000719c00000|  0%| F|  |TAMS 0x0000000719a00000| PB 0x0000000719a00000| Untracked 
| 110|0x0000000719c00000, 0x0000000719c00000, 0x0000000719e00000|  0%| F|  |TAMS 0x0000000719c00000| PB 0x0000000719c00000| Untracked 
| 111|0x0000000719e00000, 0x0000000719e00000, 0x000000071a000000|  0%| F|  |TAMS 0x0000000719e00000| PB 0x0000000719e00000| Untracked 
| 112|0x000000071a000000, 0x000000071a000000, 0x000000071a200000|  0%| F|  |TAMS 0x000000071a000000| PB 0x000000071a000000| Untracked 
| 113|0x000000071a200000, 0x000000071a200000, 0x000000071a400000|  0%| F|  |TAMS 0x000000071a200000| PB 0x000000071a200000| Untracked 
| 114|0x000000071a400000, 0x000000071a400000, 0x000000071a600000|  0%| F|  |TAMS 0x000000071a400000| PB 0x000000071a400000| Untracked 
| 115|0x000000071a600000, 0x000000071a600000, 0x000000071a800000|  0%| F|  |TAMS 0x000000071a600000| PB 0x000000071a600000| Untracked 
| 116|0x000000071a800000, 0x000000071a800000, 0x000000071aa00000|  0%| F|  |TAMS 0x000000071a800000| PB 0x000000071a800000| Untracked 
| 117|0x000000071aa00000, 0x000000071aa00000, 0x000000071ac00000|  0%| F|  |TAMS 0x000000071aa00000| PB 0x000000071aa00000| Untracked 
| 118|0x000000071ac00000, 0x000000071ac00000, 0x000000071ae00000|  0%| F|  |TAMS 0x000000071ac00000| PB 0x000000071ac00000| Untracked 
| 119|0x000000071ae00000, 0x000000071ae00000, 0x000000071b000000|  0%| F|  |TAMS 0x000000071ae00000| PB 0x000000071ae00000| Untracked 
| 120|0x000000071b000000, 0x000000071b200000, 0x000000071b200000|100%| E|  |TAMS 0x000000071b000000| PB 0x000000071b000000| Complete 
| 121|0x000000071b200000, 0x000000071b400000, 0x000000071b400000|100%| E|CS|TAMS 0x000000071b200000| PB 0x000000071b200000| Complete 
|1951|0x00000007ffe00000, 0x00000007fff0bb78, 0x0000000800000000| 52%| O|  |TAMS 0x00000007ffe00000| PB 0x00000007ffe00000| Untracked 

Card table byte_map: [0x00007d3843ec0000,0x00007d3844660000] _byte_map_base: 0x00007d3840660000

Marking Bits: (CMBitMap*) 0x00007d3858095840
 Bits: [0x00007d38401c0000, 0x00007d3843ec0000)

Polling page: 0x00007d385ea5b000

Metaspace:

Usage:
  Non-class:      8,40 MB used.
      Class:    438,26 KB used.
       Both:      8,82 MB used.

Virtual space:
  Non-class space:       64,00 MB reserved,       8,44 MB ( 13%) committed,  1 nodes.
      Class space:        1,00 GB reserved,     512,00 KB ( <1%) committed,  1 nodes.
             Both:        1,06 GB reserved,       8,94 MB ( <1%) committed. 

Chunk freelists:
   Non-Class:  5,25 MB
       Class:  15,43 MB
        Both:  20,68 MB

MaxMetaspaceSize: unlimited
CompressedClassSpaceSize: 1,00 GB
Initial GC threshold: 21,00 MB
Current GC threshold: 21,00 MB
CDS: on
 - commit_granule_bytes: 65536.
 - commit_granule_words: 8192.
 - virtual_space_node_default_size: 8388608.
 - enlarge_chunks_in_place: 1.
 - use_allocation_guard: 0.


Internal statistics:

num_allocs_failed_limit: 0.
num_arena_births: 42.
num_arena_deaths: 0.
num_vsnodes_births: 2.
num_vsnodes_deaths: 0.
num_space_committed: 141.
num_space_uncommitted: 0.
num_chunks_returned_to_freelist: 0.
num_chunks_taken_from_freelist: 279.
num_chunk_merges: 0.
num_chunk_splits: 249.
num_chunks_enlarged: 232.
num_inconsistent_stats: 0.

CodeHeap 'non-profiled nmethods': size=119168Kb used=866Kb max_used=866Kb free=118301Kb
 bounds [0x00007d384c9a0000, 0x00007d384cc10000, 0x00007d3853e00000]
CodeHeap 'profiled nmethods': size=119164Kb used=2141Kb max_used=2141Kb free=117022Kb
 bounds [0x00007d3844e00000, 0x00007d3845070000, 0x00007d384c25f000]
CodeHeap 'non-nmethods': size=7428Kb used=3729Kb max_used=3743Kb free=3698Kb
 bounds [0x00007d384c25f000, 0x00007d384c61f000, 0x00007d384c9a0000]
 total_blobs=2254 nmethods=1255 adapters=902
 compilation: enabled
              stopped_count=0, restarted_count=0
 full_count=0

Compilation events (20 events):
Event: 7,953 Thread 0x00007d37c010f160 nmethod 1245 0x00007d384500f990 code [0x00007d384500fb80, 0x00007d384500ffc8]
Event: 7,953 Thread 0x00007d37c010f160 1248       3       java.io.BufferedOutputStream::growIfNeeded (59 bytes)
Event: 7,953 Thread 0x00007d385818d230 nmethod 1244 0x00007d3845010190 code [0x00007d3845010520, 0x00007d3845011ae8]
Event: 7,953 Thread 0x00007d385818d230 1249   !   3       java.io.FileOutputStream::write (47 bytes)
Event: 7,953 Thread 0x00007d37c010fd20 nmethod 1247 0x00007d3845012610 code [0x00007d3845012820, 0x00007d3845012ec8]
Event: 7,953 Thread 0x00007d37c010f160 nmethod 1248 0x00007d3845013110 code [0x00007d38450132c0, 0x00007d38450135b0]
Event: 7,953 Thread 0x00007d37c010f160 1250       3       java.io.FileDescriptor$1::getAppend (5 bytes)
Event: 7,953 Thread 0x00007d37c010fd20 1251   !   3       sun.nio.cs.StreamEncoder::flushBuffer (63 bytes)
Event: 7,954 Thread 0x00007d37c010f160 nmethod 1250 0x00007d3845013710 code [0x00007d38450138a0, 0x00007d38450139b0]
Event: 7,954 Thread 0x00007d385818d230 nmethod 1249 0x00007d3845013a90 code [0x00007d3845013c60, 0x00007d3845013f30]
Event: 7,954 Thread 0x00007d37c010e620 nmethod 1246 0x00007d3845014110 code [0x00007d38450143c0, 0x00007d38450150f8]
Event: 7,954 Thread 0x00007d37c010fd20 nmethod 1251 0x00007d3845015590 code [0x00007d38450158e0, 0x00007d3845016d28]
Event: 8,064 Thread 0x00007d385818bb80 1252       4       java.util.concurrent.locks.ReentrantLock$Sync::tryRelease (51 bytes)
Event: 8,065 Thread 0x00007d385818bb80 nmethod 1252 0x00007d384ca77b10 code [0x00007d384ca77ca0, 0x00007d384ca77e28]
Event: 8,082 Thread 0x00007d385818bb80 1253       4       java.util.concurrent.locks.ReentrantLock$NonfairSync::initialTryLock (58 bytes)
Event: 8,083 Thread 0x00007d385818bb80 nmethod 1253 0x00007d384ca77f10 code [0x00007d384ca780a0, 0x00007d384ca78280]
Event: 8,113 Thread 0x00007d385818bb80 1254       4       java.util.concurrent.locks.AbstractQueuedSynchronizer::signalNext (34 bytes)
Event: 8,114 Thread 0x00007d385818bb80 nmethod 1254 0x00007d384ca78390 code [0x00007d384ca78520, 0x00007d384ca78608]
Event: 8,242 Thread 0x00007d385818bb80 1255       4       java.io.OutputStream::flush (1 bytes)
Event: 8,242 Thread 0x00007d385818bb80 nmethod 1255 0x00007d384ca78710 code [0x00007d384ca78880, 0x00007d384ca78908]

GC Heap History (18 events):
Event: 3,592 GC heap before
{Heap before GC invocations=0 (full 0):
 garbage-first heap   total 251904K, used 27694K [0x000000070c000000, 0x0000000800000000)
  region size 2048K, 11 young (22528K), 0 survivors (0K)
 Metaspace       used 6549K, committed 6720K, reserved 1114112K
  class space    used 179K, committed 256K, reserved 1048576K
}
Event: 3,601 GC heap after
{Heap after GC invocations=1 (full 0):
 garbage-first heap   total 251904K, used 4343K [0x000000070c000000, 0x0000000800000000)
  region size 2048K, 2 young (4096K), 2 survivors (4096K)
 Metaspace       used 6549K, committed 6720K, reserved 1114112K
  class space    used 179K, committed 256K, reserved 1048576K
}
Event: 3,735 GC heap before
{Heap before GC invocations=1 (full 0):
 garbage-first heap   total 251904K, used 61687K [0x000000070c000000, 0x0000000800000000)
  region size 2048K, 30 young (61440K), 2 survivors (4096K)
 Metaspace       used 6566K, committed 6720K, reserved 1114112K
  class space    used 179K, committed 256K, reserved 1048576K
}
Event: 3,738 GC heap after
{Heap after GC invocations=2 (full 0):
 garbage-first heap   total 251904K, used 4505K [0x000000070c000000, 0x0000000800000000)
  region size 2048K, 2 young (4096K), 2 survivors (4096K)
 Metaspace       used 6566K, committed 6720K, reserved 1114112K
  class space    used 179K, committed 256K, reserved 1048576K
}
Event: 7,735 GC heap before
{Heap before GC invocations=2 (full 0):
 garbage-first heap   total 251904K, used 149913K [0x000000070c000000, 0x0000000800000000)
  region size 2048K, 73 young (149504K), 2 survivors (4096K)
 Metaspace       used 8996K, committed 9152K, reserved 1114112K
  class space    used 438K, committed 512K, reserved 1048576K
}
Event: 7,736 GC heap after
{Heap after GC invocations=3 (full 0):
 garbage-first heap   total 251904K, used 4776K [0x000000070c000000, 0x0000000800000000)
  region size 2048K, 2 young (4096K), 2 survivors (4096K)
 Metaspace       used 8996K, committed 9152K, reserved 1114112K
  class space    used 438K, committed 512K, reserved 1048576K
}
Event: 7,934 GC heap before
{Heap before GC invocations=3 (full 0):
 garbage-first heap   total 251904K, used 150184K [0x000000070c000000, 0x0000000800000000)
  region size 2048K, 73 young (149504K), 2 survivors (4096K)
 Metaspace       used 9014K, committed 9152K, reserved 1114112K
  class space    used 438K, committed 512K, reserved 1048576K
}
Event: 7,935 GC heap after
{Heap after GC invocations=4 (full 0):
 garbage-first heap   total 251904K, used 4804K [0x000000070c000000, 0x0000000800000000)
  region size 2048K, 2 young (4096K), 2 survivors (4096K)
 Metaspace       used 9014K, committed 9152K, reserved 1114112K
  class space    used 438K, committed 512K, reserved 1048576K
}
Event: 8,131 GC heap before
{Heap before GC invocations=4 (full 0):
 garbage-first heap   total 251904K, used 150212K [0x000000070c000000, 0x0000000800000000)
  region size 2048K, 73 young (149504K), 2 survivors (4096K)
 Metaspace       used 9036K, committed 9152K, reserved 1114112K
  class space    used 438K, committed 512K, reserved 1048576K
}
Event: 8,131 GC heap after
{Heap after GC invocations=5 (full 0):
 garbage-first heap   total 251904K, used 4748K [0x000000070c000000, 0x0000000800000000)
  region size 2048K, 2 young (4096K), 2 survivors (4096K)
 Metaspace       used 9036K, committed 9152K, reserved 1114112K
  class space    used 438K, committed 512K, reserved 1048576K
}
Event: 8,327 GC heap before
{Heap before GC invocations=5 (full 0):
 garbage-first heap   total 251904K, used 150156K [0x000000070c000000, 0x0000000800000000)
  region size 2048K, 73 young (149504K), 2 survivors (4096K)
 Metaspace       used 9036K, committed 9152K, reserved 1114112K
  class space    used 438K, committed 512K, reserved 1048576K
}
Event: 8,328 GC heap after
{Heap after GC invocations=6 (full 0):
 garbage-first heap   total 251904K, used 4765K [0x000000070c000000, 0x0000000800000000)
  region size 2048K, 2 young (4096K), 2 survivors (4096K)
 Metaspace       used 9036K, committed 9152K, reserved 1114112K
  class space    used 438K, committed 512K, reserved 1048576K
}
Event: 8,524 GC heap before
{Heap before GC invocations=6 (full 0):
 garbage-first heap   total 251904K, used 150173K [0x000000070c000000, 0x0000000800000000)
  region size 2048K, 73 young (149504K), 2 survivors (4096K)
 Metaspace       used 9036K, committed 9152K, reserved 1114112K
  class space    used 438K, committed 512K, reserved 1048576K
}
Event: 8,525 GC heap after
{Heap after GC invocations=7 (full 0):
 garbage-first heap   total 251904K, used 4881K [0x000000070c000000, 0x0000000800000000)
  region size 2048K, 2 young (4096K), 2 survivors (4096K)
 Metaspace       used 9036K, committed 9152K, reserved 1114112K
  class space    used 438K, committed 512K, reserved 1048576K
}
Event: 8,721 GC heap before
{Heap before GC invocations=7 (full 0):
 garbage-first heap   total 251904K, used 150289K [0x000000070c000000, 0x0000000800000000)
  region size 2048K, 73 young (149504K), 2 survivors (4096K)
 Metaspace       used 9036K, committed 9152K, reserved 1114112K
  class space    used 438K, committed 512K, reserved 1048576K
}
Event: 8,722 GC heap after
{Heap after GC invocations=8 (full 0):
 garbage-first heap   total 251904K, used 4847K [0x000000070c000000, 0x0000000800000000)
  region size 2048K, 2 young (4096K), 2 survivors (4096K)
 Metaspace       used 9036K, committed 9152K, reserved 1114112K
  class space    used 438K, committed 512K, reserved 1048576K
}
Event: 8,928 GC heap before
{Heap before GC invocations=8 (full 0):
 garbage-first heap   total 251904K, used 150255K [0x000000070c000000, 0x0000000800000000)
  region size 2048K, 73 young (149504K), 2 survivors (4096K)
 Metaspace       used 9036K, committed 9152K, reserved 1114112K
  class space    used 438K, committed 512K, reserved 1048576K
}
Event: 8,929 GC heap after
{Heap after GC invocations=9 (full 0):
 garbage-first heap   total 251904K, used 4777K [0x000000070c000000, 0x0000000800000000)
  region size 2048K, 2 young (4096K), 2 survivors (4096K)
 Metaspace       used 9036K, committed 9152K, reserved 1114112K
  class space    used 438K, committed 512K, reserved 1048576K
}

Dll operation events (20 events):
Event: 0,000 Loaded shared library /home/aleksei/App/ideaIC-2025.1.2/idea-IC-251.26094.121/jbr/lib/libjava.so
Event: 0,011 Loaded shared library /home/aleksei/App/ideaIC-2025.1.2/idea-IC-251.26094.121/jbr/lib/libzip.so
Event: 0,027 Loaded shared library /home/aleksei/App/ideaIC-2025.1.2/idea-IC-251.26094.121/jbr/lib/libnio.so
Event: 0,027 Loaded shared library /home/aleksei/App/ideaIC-2025.1.2/idea-IC-251.26094.121/jbr/lib/libjimage.so
Event: 0,029 Loaded shared library /home/aleksei/App/ideaIC-2025.1.2/idea-IC-251.26094.121/jbr/lib/libzip.so
Event: 3,480 Loaded shared library /home/aleksei/.javacpp/cache/javacpp-1.5.5-linux-x86_64.jar/org/bytedeco/javacpp/linux-x86_64/libjnijavacpp.so
Event: 3,496 Loaded shared library /home/aleksei/.javacpp/cache/openblas-0.3.13-1.5.5-linux-x86_64.jar/org/bytedeco/openblas/linux-x86_64/libgcc_s.so.1
Event: 3,500 Loaded shared library /home/aleksei/.javacpp/cache/openblas-0.3.13-1.5.5-linux-x86_64.jar/org/bytedeco/openblas/linux-x86_64/libquadmath.so.0
Event: 3,504 Loaded shared library /usr/lib/libgfortran.so.5.0.0
Event: 3,508 Loaded shared library /home/aleksei/.javacpp/cache/openblas-0.3.13-1.5.5-linux-x86_64.jar/org/bytedeco/openblas/linux-x86_64/libgfortran.so.4
Event: 3,517 Loaded shared library /home/aleksei/.javacpp/cache/openblas-0.3.13-1.5.5-linux-x86_64.jar/org/bytedeco/openblas/linux-x86_64/libopenblas_nolapack.so.0
Event: 3,527 Loaded shared library /home/aleksei/.javacpp/cache/openblas-0.3.13-1.5.5-linux-x86_64.jar/org/bytedeco/openblas/linux-x86_64/libjniopenblas_nolapack.so
Event: 3,568 Loaded shared library /home/aleksei/.javacpp/cache/openblas-0.3.13-1.5.5-linux-x86_64.jar/org/bytedeco/openblas/linux-x86_64/libopenblas.so.0
Event: 3,571 Loaded shared library /home/aleksei/.javacpp/cache/openblas-0.3.13-1.5.5-linux-x86_64.jar/org/bytedeco/openblas/linux-x86_64/libjniopenblas.so
Event: 3,775 Loaded shared library /home/aleksei/.javacpp/cache/opencv-4.5.1-1.5.5-linux-x86_64.jar/org/bytedeco/opencv/linux-x86_64/libopencv_core.so.4.5
Event: 3,784 Loaded shared library /home/aleksei/.javacpp/cache/opencv-4.5.1-1.5.5-linux-x86_64.jar/org/bytedeco/opencv/linux-x86_64/libopencv_imgproc.so.4.5
Event: 3,792 Loaded shared library /home/aleksei/.javacpp/cache/opencv-4.5.1-1.5.5-linux-x86_64.jar/org/bytedeco/opencv/linux-x86_64/libjniopencv_core.so
Event: 3,821 Loaded shared library /home/aleksei/.javacpp/cache/opencv-4.5.1-1.5.5-linux-x86_64.jar/org/bytedeco/opencv/linux-x86_64/libjniopencv_imgproc.so
Event: 3,825 Loaded shared library /home/aleksei/.javacpp/cache/opencv-4.5.1-1.5.5-linux-x86_64.jar/org/bytedeco/opencv/linux-x86_64/libopencv_imgcodecs.so.4.5
Event: 3,826 Loaded shared library /home/aleksei/.javacpp/cache/opencv-4.5.1-1.5.5-linux-x86_64.jar/org/bytedeco/opencv/linux-x86_64/libjniopencv_imgcodecs.so

Deoptimization events (20 events):
Event: 3,837 Thread 0x00007d385802cf30 Uncommon trap: trap_request=0xffffff45 fr.pc=0x00007d384c9dacc4 relative=0x00000000000005e4
Event: 3,837 Thread 0x00007d385802cf30 Uncommon trap: reason=unstable_if action=reinterpret pc=0x00007d384c9dacc4 method=java.lang.Integer.getChars(II[B)I @ 25 c2
Event: 3,837 Thread 0x00007d385802cf30 DEOPT PACKING pc=0x00007d384c9dacc4 sp=0x00007d385d1066e0
Event: 3,837 Thread 0x00007d385802cf30 DEOPT UNPACKING pc=0x00007d384c2b2f99 sp=0x00007d385d106628 mode 2
Event: 3,837 Thread 0x00007d385802cf30 Uncommon trap: trap_request=0xffffff45 fr.pc=0x00007d384c9d95bc relative=0x000000000000011c
Event: 3,837 Thread 0x00007d385802cf30 Uncommon trap: reason=unstable_if action=reinterpret pc=0x00007d384c9d95bc method=java.lang.Integer.getChars(II[B)I @ 25 c2
Event: 3,837 Thread 0x00007d385802cf30 DEOPT PACKING pc=0x00007d384c9d95bc sp=0x00007d385d106680
Event: 3,837 Thread 0x00007d385802cf30 DEOPT UNPACKING pc=0x00007d384c2b2f99 sp=0x00007d385d106628 mode 2
Event: 3,838 Thread 0x00007d385802cf30 Uncommon trap: trap_request=0xffffff45 fr.pc=0x00007d384ca2d22c relative=0x000000000000168c
Event: 3,838 Thread 0x00007d385802cf30 Uncommon trap: reason=unstable_if action=reinterpret pc=0x00007d384ca2d22c method=jdk.internal.loader.URLClassPath$FileLoader.getResource(Ljava/lang/String;Z)Ljdk/internal/loader/Resource; @ 128 c2
Event: 3,838 Thread 0x00007d385802cf30 DEOPT PACKING pc=0x00007d384ca2d22c sp=0x00007d385d105e30
Event: 3,838 Thread 0x00007d385802cf30 DEOPT UNPACKING pc=0x00007d384c2b2f99 sp=0x00007d385d105e00 mode 2
Event: 7,599 Thread 0x00007d385802cf30 DEOPT PACKING pc=0x00007d3844fe83d5 sp=0x00007d385d106760
Event: 7,599 Thread 0x00007d385802cf30 DEOPT UNPACKING pc=0x00007d384c2b372f sp=0x00007d385d105d00 mode 0
Event: 7,600 Thread 0x00007d385802cf30 DEOPT PACKING pc=0x00007d3844fe83d5 sp=0x00007d385d106760
Event: 7,600 Thread 0x00007d385802cf30 DEOPT UNPACKING pc=0x00007d384c2b372f sp=0x00007d385d105d00 mode 0
Event: 7,604 Thread 0x00007d385802cf30 DEOPT PACKING pc=0x00007d3844fe83d5 sp=0x00007d385d106760
Event: 7,604 Thread 0x00007d385802cf30 DEOPT UNPACKING pc=0x00007d384c2b372f sp=0x00007d385d105d00 mode 0
Event: 7,605 Thread 0x00007d385802cf30 DEOPT PACKING pc=0x00007d3844fe8384 sp=0x00007d385d106760
Event: 7,605 Thread 0x00007d385802cf30 DEOPT UNPACKING pc=0x00007d384c2b372f sp=0x00007d385d105d00 mode 0

Classes loaded (20 events):
Event: 3,490 Loading class java/util/ArrayList$ListItr
Event: 3,490 Loading class java/util/ArrayList$ListItr done
Event: 3,495 Loading class jdk/internal/foreign/MemorySessionImpl
Event: 3,495 Loading class java/lang/foreign/MemorySegment$Scope
Event: 3,495 Loading class java/lang/foreign/MemorySegment$Scope done
Event: 3,495 Loading class jdk/internal/foreign/MemorySessionImpl done
Event: 3,509 Loading class java/nio/file/attribute/FileAttribute
Event: 3,509 Loading class java/nio/file/attribute/FileAttribute done
Event: 3,830 Loading class java/nio/ShortBuffer
Event: 3,830 Loading class java/nio/ShortBuffer done
Event: 3,830 Loading class java/nio/FloatBuffer
Event: 3,831 Loading class java/nio/FloatBuffer done
Event: 3,831 Loading class java/nio/DoubleBuffer
Event: 3,831 Loading class java/nio/DoubleBuffer done
Event: 3,831 Loading class java/lang/AssertionError
Event: 3,831 Loading class java/lang/AssertionError done
Event: 3,831 Loading class java/lang/UnsupportedOperationException
Event: 3,831 Loading class java/lang/UnsupportedOperationException done
Event: 3,838 Loading class java/lang/NoSuchFieldError
Event: 3,838 Loading class java/lang/NoSuchFieldError done

Classes unloaded (0 events):
No events

Classes redefined (0 events):
No events

Internal exceptions (6 events):
Event: 3,456 Thread 0x00007d385802cf30 Exception <a 'java/lang/NoSuchMethodError'{0x000000071afc5c90}: 'int java.lang.invoke.DirectMethodHandle$Holder.invokeStaticInit(java.lang.Object, java.lang.Object, java.lang.Object, java.lang.Object)'> (0x000000071afc5c90) 
thrown [src/hotspot/share/interpreter/linkResolver.cpp, line 783]
Event: 3,457 Thread 0x00007d385802cf30 Exception <a 'java/lang/NoSuchMethodError'{0x000000071afce7d8}: 'java.lang.Object java.lang.invoke.DirectMethodHandle$Holder.invokeInterface(java.lang.Object, java.lang.Object)'> (0x000000071afce7d8) 
thrown [src/hotspot/share/interpreter/linkResolver.cpp, line 783]
Event: 3,457 Thread 0x00007d385802cf30 Exception <a 'java/lang/IncompatibleClassChangeError'{0x000000071afd1a70}: Found class java.lang.Object, but interface was expected> (0x000000071afd1a70) 
thrown [src/hotspot/share/interpreter/linkResolver.cpp, line 851]
Event: 3,458 Thread 0x00007d385802cf30 Exception <a 'java/lang/NoSuchMethodError'{0x000000071afd4950}: 'void java.lang.invoke.DirectMethodHandle$Holder.invokeStatic(java.lang.Object, java.lang.Object)'> (0x000000071afd4950) 
thrown [src/hotspot/share/interpreter/linkResolver.cpp, line 783]
Event: 3,458 Thread 0x00007d385802cf30 Exception <a 'java/lang/NoSuchMethodError'{0x000000071afd7d60}: 'void java.lang.invoke.DirectMethodHandle$Holder.invokeStaticInit(java.lang.Object, java.lang.Object)'> (0x000000071afd7d60) 
thrown [src/hotspot/share/interpreter/linkResolver.cpp, line 783]
Event: 3,459 Thread 0x00007d385802cf30 Exception <a 'java/lang/NoSuchMethodError'{0x000000071afdd988}: 'int java.lang.invoke.DirectMethodHandle$Holder.invokeStaticInit(java.lang.Object, java.lang.Object)'> (0x000000071afdd988) 
thrown [src/hotspot/share/interpreter/linkResolver.cpp, line 783]

ZGC Phase Switch (0 events):
No events

VM Operations (20 events):
Event: 3,591 Executing VM operation: G1CollectForAllocation (G1 Evacuation Pause)
Event: 3,601 Executing VM operation: G1CollectForAllocation (G1 Evacuation Pause) done
Event: 3,735 Executing VM operation: G1CollectForAllocation (G1 Evacuation Pause)
Event: 3,738 Executing VM operation: G1CollectForAllocation (G1 Evacuation Pause) done
Event: 4,738 Executing VM operation: Cleanup
Event: 4,738 Executing VM operation: Cleanup done
Event: 7,735 Executing VM operation: G1CollectForAllocation (G1 Evacuation Pause)
Event: 7,736 Executing VM operation: G1CollectForAllocation (G1 Evacuation Pause) done
Event: 7,934 Executing VM operation: G1CollectForAllocation (G1 Evacuation Pause)
Event: 7,935 Executing VM operation: G1CollectForAllocation (G1 Evacuation Pause) done
Event: 8,130 Executing VM operation: G1CollectForAllocation (G1 Evacuation Pause)
Event: 8,131 Executing VM operation: G1CollectForAllocation (G1 Evacuation Pause) done
Event: 8,327 Executing VM operation: G1CollectForAllocation (G1 Evacuation Pause)
Event: 8,328 Executing VM operation: G1CollectForAllocation (G1 Evacuation Pause) done
Event: 8,524 Executing VM operation: G1CollectForAllocation (G1 Evacuation Pause)
Event: 8,525 Executing VM operation: G1CollectForAllocation (G1 Evacuation Pause) done
Event: 8,721 Executing VM operation: G1CollectForAllocation (G1 Evacuation Pause)
Event: 8,722 Executing VM operation: G1CollectForAllocation (G1 Evacuation Pause) done
Event: 8,928 Executing VM operation: G1CollectForAllocation (G1 Evacuation Pause)
Event: 8,929 Executing VM operation: G1CollectForAllocation (G1 Evacuation Pause) done

Memory protections (20 events):
Event: 0,012 Protecting memory [0x00007d38344fe000,0x00007d3834502000] with protection modes 0
Event: 0,012 Protecting memory [0x00007d38343fd000,0x00007d3834401000] with protection modes 0
Event: 0,012 Protecting memory [0x00007d38342fc000,0x00007d3834300000] with protection modes 0
Event: 0,012 Protecting memory [0x00007d38341fb000,0x00007d38341ff000] with protection modes 0
Event: 0,013 Protecting memory [0x00007d38340fa000,0x00007d38340fe000] with protection modes 0
Event: 0,016 Protecting memory [0x00007d37e6f00000,0x00007d37e6f04000] with protection modes 0
Event: 0,016 Protecting memory [0x00007d37e6dff000,0x00007d37e6e03000] with protection modes 0
Event: 0,030 Protecting memory [0x00007d37e6cfe000,0x00007d37e6d02000] with protection modes 0
Event: 0,030 Protecting memory [0x00007d37e6bfd000,0x00007d37e6c01000] with protection modes 0
Event: 0,031 Protecting memory [0x00007d37e6afc000,0x00007d37e6b00000] with protection modes 0
Event: 3,442 Protecting memory [0x00007d37e6afc000,0x00007d37e6b00000] with protection modes 0
Event: 3,443 Protecting memory [0x00007d37e69fb000,0x00007d37e69ff000] with protection modes 0
Event: 3,483 Protecting memory [0x00007d37e68fa000,0x00007d37e68fe000] with protection modes 0
Event: 3,507 Protecting memory [0x00007d37e6500000,0x00007d37e6504000] with protection modes 0
Event: 3,507 Protecting memory [0x00007d37e6100000,0x00007d37e6104000] with protection modes 0
Event: 3,677 Protecting memory [0x00007d37981ff000,0x00007d3798203000] with protection modes 0
Event: 3,684 Protecting memory [0x00007d37980fe000,0x00007d3798102000] with protection modes 0
Event: 7,952 Protecting memory [0x00007d37e6afc000,0x00007d37e6b00000] with protection modes 0
Event: 7,952 Protecting memory [0x00007d37e69fb000,0x00007d37e69ff000] with protection modes 0
Event: 7,952 Protecting memory [0x00007d37e6500000,0x00007d37e6504000] with protection modes 0

Nmethod flushes (0 events):
No events

Events (20 events):
Event: 0,031 Thread 0x00007d385818d230 Thread added: 0x00007d37c0058850
Event: 2,280 Thread 0x00007d37c0058850 Thread exited: 0x00007d37c0058850
Event: 3,442 Thread 0x00007d385818bb80 Thread added: 0x00007d37bc0afc00
Event: 3,443 Thread 0x00007d385818bb80 Thread added: 0x00007d37bc0b08a0
Event: 3,483 Thread 0x00007d385802cf30 Thread added: 0x00007d38583f4160
Event: 3,507 Thread 0x00007d37c00562a0 Thread added: 0x00007d37ac112d60
Event: 3,507 Thread 0x00007d37c00562a0 Thread added: 0x00007d37ac114090
Event: 3,677 Thread 0x00007d37bc0b08a0 Thread added: 0x00007d37a8107c40
Event: 3,684 Thread 0x00007d37ac114090 Thread added: 0x00007d3794130c80
Event: 7,586 Thread 0x00007d37c0057580 Thread exited: 0x00007d37c0057580
Event: 7,586 Thread 0x00007d37c00562a0 Thread exited: 0x00007d37c00562a0
Event: 7,586 Thread 0x00007d3794130c80 Thread exited: 0x00007d3794130c80
Event: 7,587 Thread 0x00007d37a8107c40 Thread exited: 0x00007d37a8107c40
Event: 7,703 Thread 0x00007d37ac114090 Thread exited: 0x00007d37ac114090
Event: 7,804 Thread 0x00007d37ac112d60 Thread exited: 0x00007d37ac112d60
Event: 7,804 Thread 0x00007d37bc0b08a0 Thread exited: 0x00007d37bc0b08a0
Event: 7,806 Thread 0x00007d37bc0afc00 Thread exited: 0x00007d37bc0afc00
Event: 7,952 Thread 0x00007d385818d230 Thread added: 0x00007d37c010e620
Event: 7,952 Thread 0x00007d385818d230 Thread added: 0x00007d37c010f160
Event: 7,952 Thread 0x00007d385818d230 Thread added: 0x00007d37c010fd20


Dynamic libraries:
70c000000-71b400000 rw-p 00000000 00:00 0 
71b400000-7ffe00000 ---p 00000000 00:00 0 
7ffe00000-7fff0c000 rw-p 00d70000 103:06 10757205                        /home/aleksei/App/ideaIC-2025.1.2/idea-IC-251.26094.121/jbr/lib/server/classes.jsa
7fff0c000-800000000 rw-p 00000000 00:00 0 
6085ba6a1000-6085ba6a2000 r--p 00000000 103:06 10757496                  /home/aleksei/App/ideaIC-2025.1.2/idea-IC-251.26094.121/jbr/bin/java
6085ba6a2000-6085ba6a3000 r-xp 00001000 103:06 10757496                  /home/aleksei/App/ideaIC-2025.1.2/idea-IC-251.26094.121/jbr/bin/java
6085ba6a3000-6085ba6a4000 r--p 00002000 103:06 10757496                  /home/aleksei/App/ideaIC-2025.1.2/idea-IC-251.26094.121/jbr/bin/java
6085ba6a4000-6085ba6a5000 r--p 00002000 103:06 10757496                  /home/aleksei/App/ideaIC-2025.1.2/idea-IC-251.26094.121/jbr/bin/java
6085ba6a5000-6085ba6a6000 rw-p 00003000 103:06 10757496                  /home/aleksei/App/ideaIC-2025.1.2/idea-IC-251.26094.121/jbr/bin/java
6085e6a47000-6085e6a8f000 rw-p 00000000 00:00 0                          [heap]
7d3674000000-7d367442d000 rw-p 00000000 00:00 0 
7d367442d000-7d3678000000 ---p 00000000 00:00 0 
7d367a513000-7d367a800000 rw-p 00000000 00:00 0 
7d367a800000-7d367a830000 r-xp 00000000 103:06 10881099                  /home/aleksei/.javacpp/cache/opencv-4.5.1-1.5.5-linux-x86_64.jar/org/bytedeco/opencv/linux-x86_64/libjniopencv_imgcodecs.so
7d367a830000-7d367aa2f000 ---p 00030000 103:06 10881099                  /home/aleksei/.javacpp/cache/opencv-4.5.1-1.5.5-linux-x86_64.jar/org/bytedeco/opencv/linux-x86_64/libjniopencv_imgcodecs.so
7d367aa2f000-7d367aa30000 r--p 0002f000 103:06 10881099                  /home/aleksei/.javacpp/cache/opencv-4.5.1-1.5.5-linux-x86_64.jar/org/bytedeco/opencv/linux-x86_64/libjniopencv_imgcodecs.so
7d367aa30000-7d367aa31000 rw-p 00030000 103:06 10881099                  /home/aleksei/.javacpp/cache/opencv-4.5.1-1.5.5-linux-x86_64.jar/org/bytedeco/opencv/linux-x86_64/libjniopencv_imgcodecs.so
7d367ac00000-7d367af4e000 r-xp 00000000 103:06 10881097                  /home/aleksei/.javacpp/cache/opencv-4.5.1-1.5.5-linux-x86_64.jar/org/bytedeco/opencv/linux-x86_64/libopencv_imgcodecs.so.4.5
7d367af4e000-7d367b14d000 ---p 0034e000 103:06 10881097                  /home/aleksei/.javacpp/cache/opencv-4.5.1-1.5.5-linux-x86_64.jar/org/bytedeco/opencv/linux-x86_64/libopencv_imgcodecs.so.4.5
7d367b14d000-7d367b157000 r--p 0034d000 103:06 10881097                  /home/aleksei/.javacpp/cache/opencv-4.5.1-1.5.5-linux-x86_64.jar/org/bytedeco/opencv/linux-x86_64/libopencv_imgcodecs.so.4.5
7d367b157000-7d367b15b000 rw-p 00357000 103:06 10881097                  /home/aleksei/.javacpp/cache/opencv-4.5.1-1.5.5-linux-x86_64.jar/org/bytedeco/opencv/linux-x86_64/libopencv_imgcodecs.so.4.5
7d367b15b000-7d367b1c5000 rw-p 00000000 00:00 0 
7d367b200000-7d367b353000 r-xp 00000000 103:06 10881096                  /home/aleksei/.javacpp/cache/opencv-4.5.1-1.5.5-linux-x86_64.jar/org/bytedeco/opencv/linux-x86_64/libjniopencv_imgproc.so
7d367b353000-7d367b553000 ---p 00153000 103:06 10881096                  /home/aleksei/.javacpp/cache/opencv-4.5.1-1.5.5-linux-x86_64.jar/org/bytedeco/opencv/linux-x86_64/libjniopencv_imgproc.so
7d367b553000-7d367b556000 r--p 00153000 103:06 10881096                  /home/aleksei/.javacpp/cache/opencv-4.5.1-1.5.5-linux-x86_64.jar/org/bytedeco/opencv/linux-x86_64/libjniopencv_imgproc.so
7d367b556000-7d367b557000 rw-p 00156000 103:06 10881096                  /home/aleksei/.javacpp/cache/opencv-4.5.1-1.5.5-linux-x86_64.jar/org/bytedeco/opencv/linux-x86_64/libjniopencv_imgproc.so
7d367b600000-7d367bbab000 r-xp 00000000 103:06 10881093                  /home/aleksei/.javacpp/cache/opencv-4.5.1-1.5.5-linux-x86_64.jar/org/bytedeco/opencv/linux-x86_64/libopencv_imgproc.so.4.5
7d367bbab000-7d367bdaa000 ---p 005ab000 103:06 10881093                  /home/aleksei/.javacpp/cache/opencv-4.5.1-1.5.5-linux-x86_64.jar/org/bytedeco/opencv/linux-x86_64/libopencv_imgproc.so.4.5
7d367bdaa000-7d367bdc5000 r--p 005aa000 103:06 10881093                  /home/aleksei/.javacpp/cache/opencv-4.5.1-1.5.5-linux-x86_64.jar/org/bytedeco/opencv/linux-x86_64/libopencv_imgproc.so.4.5
7d367bdc5000-7d367bdce000 rw-p 005c5000 103:06 10881093                  /home/aleksei/.javacpp/cache/opencv-4.5.1-1.5.5-linux-x86_64.jar/org/bytedeco/opencv/linux-x86_64/libopencv_imgproc.so.4.5
7d367bdce000-7d367be6e000 rw-p 00000000 00:00 0 
7d367c000000-7d367c021000 rw-p 00000000 00:00 0 
7d367c021000-7d3680000000 ---p 00000000 00:00 0 
7d3680000000-7d36807a9000 rw-p 00000000 00:00 0 
7d36807a9000-7d3684000000 ---p 00000000 00:00 0 
7d3684000000-7d3684021000 rw-p 00000000 00:00 0 
7d3684021000-7d3688000000 ---p 00000000 00:00 0 
7d3688000000-7d3688021000 rw-p 00000000 00:00 0 
7d3688021000-7d368c000000 ---p 00000000 00:00 0 
7d368c000000-7d368c021000 rw-p 00000000 00:00 0 
7d368c021000-7d3690000000 ---p 00000000 00:00 0 
7d369015d000-7d3690400000 rw-p 00000000 00:00 0 
7d3690400000-7d369072f000 r-xp 00000000 103:06 10881095                  /home/aleksei/.javacpp/cache/opencv-4.5.1-1.5.5-linux-x86_64.jar/org/bytedeco/opencv/linux-x86_64/libjniopencv_core.so
7d369072f000-7d369092f000 ---p 0032f000 103:06 10881095                  /home/aleksei/.javacpp/cache/opencv-4.5.1-1.5.5-linux-x86_64.jar/org/bytedeco/opencv/linux-x86_64/libjniopencv_core.so
7d369092f000-7d369093b000 r--p 0032f000 103:06 10881095                  /home/aleksei/.javacpp/cache/opencv-4.5.1-1.5.5-linux-x86_64.jar/org/bytedeco/opencv/linux-x86_64/libjniopencv_core.so
7d369093b000-7d369093e000 rw-p 0033b000 103:06 10881095                  /home/aleksei/.javacpp/cache/opencv-4.5.1-1.5.5-linux-x86_64.jar/org/bytedeco/opencv/linux-x86_64/libjniopencv_core.so
7d369093e000-7d369093f000 rw-p 00000000 00:00 0 
7d3690a00000-7d3690dfb000 r-xp 00000000 103:06 10881085                  /home/aleksei/.javacpp/cache/opencv-4.5.1-1.5.5-linux-x86_64.jar/org/bytedeco/opencv/linux-x86_64/libopencv_core.so.4.5
7d3690dfb000-7d3690ffa000 ---p 003fb000 103:06 10881085                  /home/aleksei/.javacpp/cache/opencv-4.5.1-1.5.5-linux-x86_64.jar/org/bytedeco/opencv/linux-x86_64/libopencv_core.so.4.5
7d3690ffa000-7d3691008000 r--p 003fa000 103:06 10881085                  /home/aleksei/.javacpp/cache/opencv-4.5.1-1.5.5-linux-x86_64.jar/org/bytedeco/opencv/linux-x86_64/libopencv_core.so.4.5
7d3691008000-7d369100e000 rw-p 00408000 103:06 10881085                  /home/aleksei/.javacpp/cache/opencv-4.5.1-1.5.5-linux-x86_64.jar/org/bytedeco/opencv/linux-x86_64/libopencv_core.so.4.5
7d369100e000-7d3691014000 rw-p 00000000 00:00 0 
7d3691200000-7d3692a3f000 r-xp 00000000 103:06 10252867                  /home/aleksei/.javacpp/cache/openblas-0.3.13-1.5.5-linux-x86_64.jar/org/bytedeco/openblas/linux-x86_64/libjniopenblas.so
7d3692a3f000-7d3692c3f000 ---p 0183f000 103:06 10252867                  /home/aleksei/.javacpp/cache/openblas-0.3.13-1.5.5-linux-x86_64.jar/org/bytedeco/openblas/linux-x86_64/libjniopenblas.so
7d3692c3f000-7d3692c40000 r--p 0183f000 103:06 10252867                  /home/aleksei/.javacpp/cache/openblas-0.3.13-1.5.5-linux-x86_64.jar/org/bytedeco/openblas/linux-x86_64/libjniopenblas.so
7d3692c40000-7d3692c48000 rw-p 01840000 103:06 10252867                  /home/aleksei/.javacpp/cache/openblas-0.3.13-1.5.5-linux-x86_64.jar/org/bytedeco/openblas/linux-x86_64/libjniopenblas.so
7d3692c48000-7d3692c49000 rw-p 00000000 00:00 0 
7d3692e00000-7d36a2e00000 rw-p 00000000 00:00 0 
7d36a2fff000-7d36a3000000 ---p 00000000 00:00 0 
7d36a3000000-7d36a3800000 rw-p 00000000 00:00 0 
7d36a3800000-7d36ab800000 rw-p 00000000 00:00 0 
7d36ab9ff000-7d36aba00000 ---p 00000000 00:00 0 
7d36aba00000-7d36ac200000 rw-p 00000000 00:00 0 
7d36ac200000-7d36b4200000 rw-p 00000000 00:00 0 
7d36b43ff000-7d36b4400000 ---p 00000000 00:00 0 
7d36b4400000-7d36b4c00000 rw-p 00000000 00:00 0 
7d36b4c00000-7d36bcc00000 rw-p 00000000 00:00 0 
7d36bcdff000-7d36bce00000 ---p 00000000 00:00 0 
7d36bce00000-7d36bd600000 rw-p 00000000 00:00 0 
7d36bd600000-7d36c5600000 rw-p 00000000 00:00 0 
7d36c57ff000-7d36c5800000 ---p 00000000 00:00 0 
7d36c5800000-7d36c6000000 rw-p 00000000 00:00 0 
7d36c6000000-7d36ce000000 rw-p 00000000 00:00 0 
7d36ce1ff000-7d36ce200000 ---p 00000000 00:00 0 
7d36ce200000-7d36cea00000 rw-p 00000000 00:00 0 
7d36cea00000-7d36d6a00000 rw-p 00000000 00:00 0 
7d36d6bff000-7d36d6c00000 ---p 00000000 00:00 0 
7d36d6c00000-7d36d7400000 rw-p 00000000 00:00 0 
7d36d7400000-7d36df400000 rw-p 00000000 00:00 0 
7d36df5ff000-7d36df600000 ---p 00000000 00:00 0 
7d36df600000-7d36dfe00000 rw-p 00000000 00:00 0 
7d36dfe00000-7d36e7e00000 rw-p 00000000 00:00 0 
7d36e7fff000-7d36e8000000 ---p 00000000 00:00 0 
7d36e8000000-7d36e8800000 rw-p 00000000 00:00 0 
7d36e8800000-7d36f0800000 rw-p 00000000 00:00 0 
7d36f09ff000-7d36f0a00000 ---p 00000000 00:00 0 
7d36f0a00000-7d36f1200000 rw-p 00000000 00:00 0 
7d36f1200000-7d36f9200000 rw-p 00000000 00:00 0 
7d36f93ff000-7d36f9400000 ---p 00000000 00:00 0 
7d36f9400000-7d36f9c00000 rw-p 00000000 00:00 0 
7d36f9c00000-7d3701c00000 rw-p 00000000 00:00 0 
7d3701dff000-7d3701e00000 ---p 00000000 00:00 0 
7d3701e00000-7d3702600000 rw-p 00000000 00:00 0 
7d3702600000-7d370a600000 rw-p 00000000 00:00 0 
7d370a7ff000-7d370a800000 ---p 00000000 00:00 0 
7d370a800000-7d370b000000 rw-p 00000000 00:00 0 
7d370b000000-7d3713000000 rw-p 00000000 00:00 0 
7d37131fe000-7d37131ff000 ---p 00000000 00:00 0 
7d37131ff000-7d37139ff000 rw-p 00000000 00:00 0 
7d37139ff000-7d3713a00000 ---p 00000000 00:00 0 
7d3713a00000-7d3714200000 rw-p 00000000 00:00 0 
7d3714200000-7d3715efc000 r-xp 00000000 103:06 10252697                  /home/aleksei/.javacpp/cache/openblas-0.3.13-1.5.5-linux-x86_64.jar/org/bytedeco/openblas/linux-x86_64/libopenblas.so.0
7d3715efc000-7d37160fc000 ---p 01cfc000 103:06 10252697                  /home/aleksei/.javacpp/cache/openblas-0.3.13-1.5.5-linux-x86_64.jar/org/bytedeco/openblas/linux-x86_64/libopenblas.so.0
7d37160fc000-7d3716102000 r--p 01cfc000 103:06 10252697                  /home/aleksei/.javacpp/cache/openblas-0.3.13-1.5.5-linux-x86_64.jar/org/bytedeco/openblas/linux-x86_64/libopenblas.so.0
7d3716102000-7d3716118000 rw-p 01d02000 103:06 10252697                  /home/aleksei/.javacpp/cache/openblas-0.3.13-1.5.5-linux-x86_64.jar/org/bytedeco/openblas/linux-x86_64/libopenblas.so.0
7d3716118000-7d3716124000 rw-p 00000000 00:00 0 
7d3716200000-7d3736200000 rw-p 00000000 00:00 0 
7d37363fd000-7d37363fe000 ---p 00000000 00:00 0 
7d37363fe000-7d3736bfe000 rw-p 00000000 00:00 0 
7d3736bfe000-7d3736bff000 ---p 00000000 00:00 0 
7d3736bff000-7d37373ff000 rw-p 00000000 00:00 0 
7d37373ff000-7d3737400000 ---p 00000000 00:00 0 
7d3737400000-7d3737c00000 rw-p 00000000 00:00 0 
7d3737c00000-7d373fc00000 rw-p 00000000 00:00 0 
7d373fdff000-7d373fe00000 ---p 00000000 00:00 0 
7d373fe00000-7d3740600000 rw-p 00000000 00:00 0 
7d3740600000-7d3748600000 rw-p 00000000 00:00 0 
7d37487ff000-7d3748800000 ---p 00000000 00:00 0 
7d3748800000-7d3749000000 rw-p 00000000 00:00 0 
7d3749000000-7d3751000000 rw-p 00000000 00:00 0 
7d37511ff000-7d3751200000 ---p 00000000 00:00 0 
7d3751200000-7d3751a00000 rw-p 00000000 00:00 0 
7d3751a00000-7d3759a00000 rw-p 00000000 00:00 0 
7d3759bff000-7d3759c00000 ---p 00000000 00:00 0 
7d3759c00000-7d375a400000 rw-p 00000000 00:00 0 
7d375a400000-7d376a400000 rw-p 00000000 00:00 0 
7d376a5fe000-7d376a5ff000 ---p 00000000 00:00 0 
7d376a5ff000-7d376adff000 rw-p 00000000 00:00 0 
7d376adff000-7d376ae00000 ---p 00000000 00:00 0 
7d376ae00000-7d376b600000 rw-p 00000000 00:00 0 
7d376b600000-7d377b600000 rw-p 00000000 00:00 0 
7d377b7ff000-7d377b800000 ---p 00000000 00:00 0 
7d377b800000-7d377c000000 rw-p 00000000 00:00 0 
7d377c000000-7d3794000000 rw-p 00000000 00:00 0 
7d3794000000-7d3794d24000 rw-p 00000000 00:00 0 
7d3794d24000-7d3798000000 ---p 00000000 00:00 0 
7d37980fd000-7d37980fe000 ---p 00000000 00:00 0 
7d37980fe000-7d3798102000 ---p 00000000 00:00 0 
7d3798102000-7d37981fe000 rw-p 00000000 00:00 0 
7d37981fe000-7d37981ff000 ---p 00000000 00:00 0 
7d37981ff000-7d3798203000 ---p 00000000 00:00 0 
7d3798203000-7d37982ff000 rw-p 00000000 00:00 0 
7d37982ff000-7d3798300000 ---p 00000000 00:00 0 
7d3798300000-7d3798400000 rw-p 00000000 00:00 0 
7d3798400000-7d3798449000 r-xp 00000000 103:06 10251275                  /home/aleksei/.javacpp/cache/openblas-0.3.13-1.5.5-linux-x86_64.jar/org/bytedeco/openblas/linux-x86_64/libjniopenblas_nolapack.so
7d3798449000-7d3798649000 ---p 00049000 103:06 10251275                  /home/aleksei/.javacpp/cache/openblas-0.3.13-1.5.5-linux-x86_64.jar/org/bytedeco/openblas/linux-x86_64/libjniopenblas_nolapack.so
7d3798649000-7d379864a000 r--p 00049000 103:06 10251275                  /home/aleksei/.javacpp/cache/openblas-0.3.13-1.5.5-linux-x86_64.jar/org/bytedeco/openblas/linux-x86_64/libjniopenblas_nolapack.so
7d379864a000-7d379864b000 rw-p 0004a000 103:06 10251275                  /home/aleksei/.javacpp/cache/openblas-0.3.13-1.5.5-linux-x86_64.jar/org/bytedeco/openblas/linux-x86_64/libjniopenblas_nolapack.so
7d37986fc000-7d37986fd000 ---p 00000000 00:00 0 
7d37986fd000-7d37987fd000 rw-p 00000000 00:00 0 
7d37987fd000-7d37987fe000 ---p 00000000 00:00 0 
7d37987fe000-7d3798ffe000 rw-p 00000000 00:00 0 
7d3798ffe000-7d3798fff000 ---p 00000000 00:00 0 
7d3798fff000-7d37997ff000 rw-p 00000000 00:00 0 
7d37997ff000-7d3799800000 ---p 00000000 00:00 0 
7d3799800000-7d379a000000 rw-p 00000000 00:00 0 
7d379a000000-7d379bcfc000 r-xp 00000000 103:06 10251272                  /home/aleksei/.javacpp/cache/openblas-0.3.13-1.5.5-linux-x86_64.jar/org/bytedeco/openblas/linux-x86_64/libopenblas_nolapack.so.0
7d379bcfc000-7d379befc000 ---p 01cfc000 103:06 10251272                  /home/aleksei/.javacpp/cache/openblas-0.3.13-1.5.5-linux-x86_64.jar/org/bytedeco/openblas/linux-x86_64/libopenblas_nolapack.so.0
7d379befc000-7d379bf02000 r--p 01cfc000 103:06 10251272                  /home/aleksei/.javacpp/cache/openblas-0.3.13-1.5.5-linux-x86_64.jar/org/bytedeco/openblas/linux-x86_64/libopenblas_nolapack.so.0
7d379bf02000-7d379bf18000 rw-p 01d02000 103:06 10251272                  /home/aleksei/.javacpp/cache/openblas-0.3.13-1.5.5-linux-x86_64.jar/org/bytedeco/openblas/linux-x86_64/libopenblas_nolapack.so.0
7d379bf18000-7d379bf24000 rw-p 00000000 00:00 0 
7d379c000000-7d379c021000 rw-p 00000000 00:00 0 
7d379c021000-7d37a0000000 ---p 00000000 00:00 0 
7d37a0000000-7d37a0ab5000 rw-p 00000000 00:00 0 
7d37a0ab5000-7d37a4000000 ---p 00000000 00:00 0 
7d37a4000000-7d37a485e000 rw-p 00000000 00:00 0 
7d37a485e000-7d37a8000000 ---p 00000000 00:00 0 
7d37a8000000-7d37a875f000 rw-p 00000000 00:00 0 
7d37a875f000-7d37ac000000 ---p 00000000 00:00 0 
7d37ac000000-7d37ac160000 rw-p 00000000 00:00 0 
7d37ac160000-7d37b0000000 ---p 00000000 00:00 0 
7d37b0000000-7d37b0248000 rw-p 00000000 00:00 0 
7d37b0248000-7d37b4000000 ---p 00000000 00:00 0 
7d37b4000000-7d37b4021000 rw-p 00000000 00:00 0 
7d37b4021000-7d37b8000000 ---p 00000000 00:00 0 
7d37b8000000-7d37b8021000 rw-p 00000000 00:00 0 
7d37b8021000-7d37bc000000 ---p 00000000 00:00 0 
7d37bc000000-7d37bc7e8000 rw-p 00000000 00:00 0 
7d37bc7e8000-7d37c0000000 ---p 00000000 00:00 0 
7d37c0000000-7d37c01a6000 rw-p 00000000 00:00 0 
7d37c01a6000-7d37c4000000 ---p 00000000 00:00 0 
7d37c4000000-7d37c4021000 rw-p 00000000 00:00 0 
7d37c4021000-7d37c8000000 ---p 00000000 00:00 0 
7d37c8000000-7d37c8021000 rw-p 00000000 00:00 0 
7d37c8021000-7d37cc000000 ---p 00000000 00:00 0 
7d37cc000000-7d37cc021000 rw-p 00000000 00:00 0 
7d37cc021000-7d37d0000000 ---p 00000000 00:00 0 
7d37d0000000-7d37d0021000 rw-p 00000000 00:00 0 
7d37d0021000-7d37d4000000 ---p 00000000 00:00 0 
7d37d4000000-7d37d4021000 rw-p 00000000 00:00 0 
7d37d4021000-7d37d8000000 ---p 00000000 00:00 0 
7d37d8000000-7d37d8021000 rw-p 00000000 00:00 0 
7d37d8021000-7d37dc000000 ---p 00000000 00:00 0 
7d37dc000000-7d37dc1b0000 rw-p 00000000 00:00 0 
7d37dc1b0000-7d37dc400000 ---p 00000000 00:00 0 
7d37dc400000-7d37dc4a0000 rw-p 00000000 00:00 0 
7d37dc4a0000-7d37dcac0000 rw-p 00000000 00:00 0 
7d37dcac0000-7d37e0000000 ---p 00000000 00:00 0 
7d37e0000000-7d37e0021000 rw-p 00000000 00:00 0 
7d37e0021000-7d37e4000000 ---p 00000000 00:00 0 
7d37e40fd000-7d37e40fe000 ---p 00000000 00:00 0 
7d37e40fe000-7d37e41fe000 rw-p 00000000 00:00 0 
7d37e41fe000-7d37e41ff000 ---p 00000000 00:00 0 
7d37e41ff000-7d37e49ff000 rw-p 00000000 00:00 0 
7d37e49ff000-7d37e4a00000 ---p 00000000 00:00 0 
7d37e4a00000-7d37e5200000 rw-p 00000000 00:00 0 
7d37e5200000-7d37e536c000 r-xp 00000000 103:06 10250393                  /home/aleksei/.javacpp/cache/openblas-0.3.13-1.5.5-linux-x86_64.jar/org/bytedeco/openblas/linux-x86_64/libgfortran.so.4
7d37e536c000-7d37e556b000 ---p 0016c000 103:06 10250393                  /home/aleksei/.javacpp/cache/openblas-0.3.13-1.5.5-linux-x86_64.jar/org/bytedeco/openblas/linux-x86_64/libgfortran.so.4
7d37e556b000-7d37e556e000 rw-p 0016b000 103:06 10250393                  /home/aleksei/.javacpp/cache/openblas-0.3.13-1.5.5-linux-x86_64.jar/org/bytedeco/openblas/linux-x86_64/libgfortran.so.4
7d37e5600000-7d37e561c000 r--p 00000000 103:06 12063993                  /usr/lib/libgfortran.so.5.0.0
7d37e561c000-7d37e58f9000 r-xp 0001c000 103:06 12063993                  /usr/lib/libgfortran.so.5.0.0
7d37e58f9000-7d37e5923000 r--p 002f9000 103:06 12063993                  /usr/lib/libgfortran.so.5.0.0
7d37e5923000-7d37e5925000 r--p 00323000 103:06 12063993                  /usr/lib/libgfortran.so.5.0.0
7d37e5925000-7d37e5926000 rw-p 00325000 103:06 12063993                  /usr/lib/libgfortran.so.5.0.0
7d37e5a00000-7d37e5a3f000 r-xp 00000000 103:06 10250391                  /home/aleksei/.javacpp/cache/openblas-0.3.13-1.5.5-linux-x86_64.jar/org/bytedeco/openblas/linux-x86_64/libquadmath.so.0
7d37e5a3f000-7d37e5c3e000 ---p 0003f000 103:06 10250391                  /home/aleksei/.javacpp/cache/openblas-0.3.13-1.5.5-linux-x86_64.jar/org/bytedeco/openblas/linux-x86_64/libquadmath.so.0
7d37e5c3e000-7d37e5c3f000 rw-p 0003e000 103:06 10250391                  /home/aleksei/.javacpp/cache/openblas-0.3.13-1.5.5-linux-x86_64.jar/org/bytedeco/openblas/linux-x86_64/libquadmath.so.0
7d37e5cff000-7d37e5d00000 ---p 00000000 00:00 0 
7d37e5d00000-7d37e5e00000 rw-p 00000000 00:00 0 
7d37e5e00000-7d37e5e16000 r-xp 00000000 103:06 10250389                  /home/aleksei/.javacpp/cache/openblas-0.3.13-1.5.5-linux-x86_64.jar/org/bytedeco/openblas/linux-x86_64/libgcc_s.so.1
7d37e5e16000-7d37e6015000 ---p 00016000 103:06 10250389                  /home/aleksei/.javacpp/cache/openblas-0.3.13-1.5.5-linux-x86_64.jar/org/bytedeco/openblas/linux-x86_64/libgcc_s.so.1
7d37e6015000-7d37e6016000 rw-p 00015000 103:06 10250389                  /home/aleksei/.javacpp/cache/openblas-0.3.13-1.5.5-linux-x86_64.jar/org/bytedeco/openblas/linux-x86_64/libgcc_s.so.1
7d37e60ff000-7d37e6100000 ---p 00000000 00:00 0 
7d37e6100000-7d37e6104000 ---p 00000000 00:00 0 
7d37e6104000-7d37e6200000 rw-p 00000000 00:00 0 
7d37e6200000-7d37e6297000 r--p 00000000 103:06 12065959                  /usr/lib/libstdc++.so.6.0.33
7d37e6297000-7d37e63e4000 r-xp 00097000 103:06 12065959                  /usr/lib/libstdc++.so.6.0.33
7d37e63e4000-7d37e6474000 r--p 001e4000 103:06 12065959                  /usr/lib/libstdc++.so.6.0.33
7d37e6474000-7d37e6481000 r--p 00274000 103:06 12065959                  /usr/lib/libstdc++.so.6.0.33
7d37e6481000-7d37e6482000 rw-p 00281000 103:06 12065959                  /usr/lib/libstdc++.so.6.0.33
7d37e6482000-7d37e6486000 rw-p 00000000 00:00 0 
7d37e64ff000-7d37e6500000 ---p 00000000 00:00 0 
7d37e6500000-7d37e6504000 ---p 00000000 00:00 0 
7d37e6504000-7d37e6600000 rw-p 00000000 00:00 0 
7d37e6600000-7d37e660d000 r-xp 00000000 103:06 10250383                  /home/aleksei/.javacpp/cache/javacpp-1.5.5-linux-x86_64.jar/org/bytedeco/javacpp/linux-x86_64/libjnijavacpp.so
7d37e660d000-7d37e680c000 ---p 0000d000 103:06 10250383                  /home/aleksei/.javacpp/cache/javacpp-1.5.5-linux-x86_64.jar/org/bytedeco/javacpp/linux-x86_64/libjnijavacpp.so
7d37e680c000-7d37e680d000 r--p 0000c000 103:06 10250383                  /home/aleksei/.javacpp/cache/javacpp-1.5.5-linux-x86_64.jar/org/bytedeco/javacpp/linux-x86_64/libjnijavacpp.so
7d37e680d000-7d37e680e000 rw-p 0000d000 103:06 10250383                  /home/aleksei/.javacpp/cache/javacpp-1.5.5-linux-x86_64.jar/org/bytedeco/javacpp/linux-x86_64/libjnijavacpp.so
7d37e68f9000-7d37e68fa000 ---p 00000000 00:00 0 
7d37e68fa000-7d37e68fe000 ---p 00000000 00:00 0 
7d37e68fe000-7d37e69fa000 rw-p 00000000 00:00 0 
7d37e69fa000-7d37e69fb000 ---p 00000000 00:00 0 
7d37e69fb000-7d37e69ff000 ---p 00000000 00:00 0 
7d37e69ff000-7d37e6afb000 rw-p 00000000 00:00 0 
7d37e6afb000-7d37e6afc000 ---p 00000000 00:00 0 
7d37e6afc000-7d37e6b00000 ---p 00000000 00:00 0 
7d37e6b00000-7d37e6bfc000 rw-p 00000000 00:00 0 
7d37e6bfc000-7d37e6bfd000 ---p 00000000 00:00 0 
7d37e6bfd000-7d37e6c01000 ---p 00000000 00:00 0 
7d37e6c01000-7d37e6cfd000 rw-p 00000000 00:00 0 
7d37e6cfd000-7d37e6cfe000 ---p 00000000 00:00 0 
7d37e6cfe000-7d37e6d02000 ---p 00000000 00:00 0 
7d37e6d02000-7d37e6dfe000 rw-p 00000000 00:00 0 
7d37e6dfe000-7d37e6dff000 ---p 00000000 00:00 0 
7d37e6dff000-7d37e6e03000 ---p 00000000 00:00 0 
7d37e6e03000-7d37e6eff000 rw-p 00000000 00:00 0 
7d37e6eff000-7d37e6f00000 ---p 00000000 00:00 0 
7d37e6f00000-7d37e6f04000 ---p 00000000 00:00 0 
7d37e6f04000-7d37e7000000 rw-p 00000000 00:00 0 
7d37e7000000-7d37e7d2e000 rw-p 00001000 103:06 10757205                  /home/aleksei/App/ideaIC-2025.1.2/idea-IC-251.26094.121/jbr/lib/server/classes.jsa
7d37e7d2e000-7d37e8000000 ---p 00000000 00:00 0 
7d37e8000000-7d37e8040000 rw-p 00000000 00:00 0 
7d37e8040000-7d37e8060000 rw-p 00000000 00:00 0 
7d37e8060000-7d37e8080000 ---p 00000000 00:00 0 
7d37e8080000-7d37e80a0000 rw-p 00000000 00:00 0 
7d37e80a0000-7d3828000000 ---p 00000000 00:00 0 
7d3828000000-7d3828021000 rw-p 00000000 00:00 0 
7d3828021000-7d382c000000 ---p 00000000 00:00 0 
7d382c000000-7d382c021000 rw-p 00000000 00:00 0 
7d382c021000-7d3830000000 ---p 00000000 00:00 0 
7d3830000000-7d3830021000 rw-p 00000000 00:00 0 
7d3830021000-7d3834000000 ---p 00000000 00:00 0 
7d38340f9000-7d38340fa000 ---p 00000000 00:00 0 
7d38340fa000-7d38340fe000 ---p 00000000 00:00 0 
7d38340fe000-7d38341fa000 rw-p 00000000 00:00 0 
7d38341fa000-7d38341fb000 ---p 00000000 00:00 0 
7d38341fb000-7d38341ff000 ---p 00000000 00:00 0 
7d38341ff000-7d38342fb000 rw-p 00000000 00:00 0 
7d38342fb000-7d38342fc000 ---p 00000000 00:00 0 
7d38342fc000-7d3834300000 ---p 00000000 00:00 0 
7d3834300000-7d38343fc000 rw-p 00000000 00:00 0 
7d38343fc000-7d38343fd000 ---p 00000000 00:00 0 
7d38343fd000-7d3834401000 ---p 00000000 00:00 0 
7d3834401000-7d38344fd000 rw-p 00000000 00:00 0 
7d38344fd000-7d38344fe000 ---p 00000000 00:00 0 
7d38344fe000-7d3834502000 ---p 00000000 00:00 0 
7d3834502000-7d38345fe000 rw-p 00000000 00:00 0 
7d38345fe000-7d38345ff000 ---p 00000000 00:00 0 
7d38345ff000-7d3834603000 ---p 00000000 00:00 0 
7d3834603000-7d38346ff000 rw-p 00000000 00:00 0 
7d38346ff000-7d3834700000 ---p 00000000 00:00 0 
7d3834700000-7d3834704000 ---p 00000000 00:00 0 
7d3834704000-7d3834800000 rw-p 00000000 00:00 0 
7d3834800000-7d3834aef000 r--p 00000000 103:06 12093564                  /usr/lib/locale/locale-archive
7d3834bd5000-7d3834bd6000 ---p 00000000 00:00 0 
7d3834bd6000-7d3834cd6000 rw-p 00000000 00:00 0 
7d3834cd6000-7d3834cd7000 ---p 00000000 00:00 0 
7d3834cd7000-7d3834dd7000 rw-p 00000000 00:00 0 
7d3834ef1000-7d3834ef2000 ---p 00000000 00:00 0 
7d3834ef2000-7d3834ff2000 rw-p 00000000 00:00 0 
7d3834ff2000-7d3834ff3000 ---p 00000000 00:00 0 
7d3834ff3000-7d38350f3000 rw-p 00000000 00:00 0 
7d38350f3000-7d3837e00000 rw-p 00000000 00:00 0 
7d3837eff000-7d3837f00000 ---p 00000000 00:00 0 
7d3837f00000-7d3838000000 rw-p 00000000 00:00 0 
7d3838000000-7d3838021000 rw-p 00000000 00:00 0 
7d3838021000-7d383c000000 ---p 00000000 00:00 0 
7d383c000000-7d383c021000 rw-p 00000000 00:00 0 
7d383c021000-7d3840000000 ---p 00000000 00:00 0 
7d3840066000-7d384006a000 r--p 00000000 103:06 12063952                  /usr/lib/libgcc_s.so.1
7d384006a000-7d384008e000 r-xp 00004000 103:06 12063952                  /usr/lib/libgcc_s.so.1
7d384008e000-7d3840092000 r--p 00028000 103:06 12063952                  /usr/lib/libgcc_s.so.1
7d3840092000-7d3840093000 r--p 0002b000 103:06 12063952                  /usr/lib/libgcc_s.so.1
7d3840093000-7d3840094000 rw-p 0002c000 103:06 12063952                  /usr/lib/libgcc_s.so.1
7d38400bf000-7d38400c0000 ---p 00000000 00:00 0 
7d38400c0000-7d38401c0000 rw-p 00000000 00:00 0 
7d38401c0000-7d3840590000 rw-p 00000000 00:00 0 
7d3840590000-7d3843eb8000 ---p 00000000 00:00 0 
7d3843eb8000-7d3843f3a000 rw-p 00000000 00:00 0 
7d3843f3a000-7d384465f000 ---p 00000000 00:00 0 
7d384465f000-7d38446da000 rw-p 00000000 00:00 0 
7d38446da000-7d3844dff000 ---p 00000000 00:00 0 
7d3844dff000-7d3844e00000 rw-p 00000000 00:00 0 
7d3844e00000-7d3845070000 rwxp 00000000 00:00 0 
7d3845070000-7d384c25f000 ---p 00000000 00:00 0 
7d384c25f000-7d384c61f000 rwxp 00000000 00:00 0 
7d384c61f000-7d384c9a0000 ---p 00000000 00:00 0 
7d384c9a0000-7d384cc10000 rwxp 00000000 00:00 0 
7d384cc10000-7d3853e00000 ---p 00000000 00:00 0 
7d3853e00000-7d3857e63000 r--s 00000000 103:06 10757190                  /home/aleksei/App/ideaIC-2025.1.2/idea-IC-251.26094.121/jbr/lib/modules
7d3857e7e000-7d3857eff000 rw-p 00000000 00:00 0 
7d3857eff000-7d3857f00000 ---p 00000000 00:00 0 
7d3857f00000-7d3858000000 rw-p 00000000 00:00 0 
7d3858000000-7d3858a1a000 rw-p 00000000 00:00 0 
7d3858a1a000-7d385c000000 ---p 00000000 00:00 0 
7d385c013000-7d385ce3b000 rw-p 00000000 00:00 0 
7d385ce3b000-7d385cf1f000 ---p 00000000 00:00 0 
7d385cf1f000-7d385cf24000 rw-p 00000000 00:00 0 
7d385cf24000-7d385d008000 ---p 00000000 00:00 0 
7d385d008000-7d385d00c000 ---p 00000000 00:00 0 
7d385d00c000-7d385d108000 rw-p 00000000 00:00 0 
7d385d108000-7d385d117000 r--p 00000000 103:06 12071231                  /usr/lib/libm.so.6
7d385d117000-7d385d19d000 r-xp 0000f000 103:06 12071231                  /usr/lib/libm.so.6
7d385d19d000-7d385d1fe000 r--p 00095000 103:06 12071231                  /usr/lib/libm.so.6
7d385d1fe000-7d385d1ff000 r--p 000f5000 103:06 12071231                  /usr/lib/libm.so.6
7d385d1ff000-7d385d200000 rw-p 000f6000 103:06 12071231                  /usr/lib/libm.so.6
7d385d200000-7d385d4a3000 r--p 00000000 103:06 10757202                  /home/aleksei/App/ideaIC-2025.1.2/idea-IC-251.26094.121/jbr/lib/server/libjvm.so
7d385d4a3000-7d385e311000 r-xp 002a3000 103:06 10757202                  /home/aleksei/App/ideaIC-2025.1.2/idea-IC-251.26094.121/jbr/lib/server/libjvm.so
7d385e311000-7d385e5f7000 r--p 01111000 103:06 10757202                  /home/aleksei/App/ideaIC-2025.1.2/idea-IC-251.26094.121/jbr/lib/server/libjvm.so
7d385e5f7000-7d385e5f8000 ---p 013f7000 103:06 10757202                  /home/aleksei/App/ideaIC-2025.1.2/idea-IC-251.26094.121/jbr/lib/server/libjvm.so
7d385e5f8000-7d385e6cc000 r--p 013f7000 103:06 10757202                  /home/aleksei/App/ideaIC-2025.1.2/idea-IC-251.26094.121/jbr/lib/server/libjvm.so
7d385e6cc000-7d385e6fc000 rw-p 014cb000 103:06 10757202                  /home/aleksei/App/ideaIC-2025.1.2/idea-IC-251.26094.121/jbr/lib/server/libjvm.so
7d385e6fc000-7d385e772000 rw-p 00000000 00:00 0 
7d385e776000-7d385e777000 r--p 00000000 103:06 12191649                  /usr/share/locale/en_GB/LC_MESSAGES/libc.mo
7d385e777000-7d385e77e000 r--s 00000000 103:06 12093565                  /usr/lib/gconv/gconv-modules.cache
7d385e77e000-7d385e781000 r--p 00000000 103:06 10757193                  /home/aleksei/App/ideaIC-2025.1.2/idea-IC-251.26094.121/jbr/lib/libnet.so
7d385e781000-7d385e789000 r-xp 00003000 103:06 10757193                  /home/aleksei/App/ideaIC-2025.1.2/idea-IC-251.26094.121/jbr/lib/libnet.so
7d385e789000-7d385e78b000 r--p 0000b000 103:06 10757193                  /home/aleksei/App/ideaIC-2025.1.2/idea-IC-251.26094.121/jbr/lib/libnet.so
7d385e78b000-7d385e78c000 ---p 0000d000 103:06 10757193                  /home/aleksei/App/ideaIC-2025.1.2/idea-IC-251.26094.121/jbr/lib/libnet.so
7d385e78c000-7d385e78d000 r--p 0000d000 103:06 10757193                  /home/aleksei/App/ideaIC-2025.1.2/idea-IC-251.26094.121/jbr/lib/libnet.so
7d385e78d000-7d385e78e000 rw-p 00000000 00:00 0 
7d385e78e000-7d385e795000 r--p 00000000 103:06 10757213                  /home/aleksei/App/ideaIC-2025.1.2/idea-IC-251.26094.121/jbr/lib/libnio.so
7d385e795000-7d385e79e000 r-xp 00007000 103:06 10757213                  /home/aleksei/App/ideaIC-2025.1.2/idea-IC-251.26094.121/jbr/lib/libnio.so
7d385e79e000-7d385e7a2000 r--p 00010000 103:06 10757213                  /home/aleksei/App/ideaIC-2025.1.2/idea-IC-251.26094.121/jbr/lib/libnio.so
7d385e7a2000-7d385e7a3000 ---p 00014000 103:06 10757213                  /home/aleksei/App/ideaIC-2025.1.2/idea-IC-251.26094.121/jbr/lib/libnio.so
7d385e7a3000-7d385e7a4000 r--p 00014000 103:06 10757213                  /home/aleksei/App/ideaIC-2025.1.2/idea-IC-251.26094.121/jbr/lib/libnio.so
7d385e7a4000-7d385e7a5000 rw-p 00015000 103:06 10757213                  /home/aleksei/App/ideaIC-2025.1.2/idea-IC-251.26094.121/jbr/lib/libnio.so
7d385e7a5000-7d385e7a7000 r--p 00000000 103:06 10757174                  /home/aleksei/App/ideaIC-2025.1.2/idea-IC-251.26094.121/jbr/lib/libzip.so
7d385e7a7000-7d385e7ab000 r-xp 00002000 103:06 10757174                  /home/aleksei/App/ideaIC-2025.1.2/idea-IC-251.26094.121/jbr/lib/libzip.so
7d385e7ab000-7d385e7ad000 r--p 00006000 103:06 10757174                  /home/aleksei/App/ideaIC-2025.1.2/idea-IC-251.26094.121/jbr/lib/libzip.so
7d385e7ad000-7d385e7ae000 r--p 00007000 103:06 10757174                  /home/aleksei/App/ideaIC-2025.1.2/idea-IC-251.26094.121/jbr/lib/libzip.so
7d385e7ae000-7d385e7f8000 rw-p 00000000 00:00 0 
7d385e7f8000-7d385e7ff000 ---p 00000000 00:00 0 
7d385e7ff000-7d385e80c000 r--p 00000000 103:06 10757191                  /home/aleksei/App/ideaIC-2025.1.2/idea-IC-251.26094.121/jbr/lib/libjava.so
7d385e80c000-7d385e81a000 r-xp 0000d000 103:06 10757191                  /home/aleksei/App/ideaIC-2025.1.2/idea-IC-251.26094.121/jbr/lib/libjava.so
7d385e81a000-7d385e81f000 r--p 0001b000 103:06 10757191                  /home/aleksei/App/ideaIC-2025.1.2/idea-IC-251.26094.121/jbr/lib/libjava.so
7d385e81f000-7d385e820000 ---p 00020000 103:06 10757191                  /home/aleksei/App/ideaIC-2025.1.2/idea-IC-251.26094.121/jbr/lib/libjava.so
7d385e820000-7d385e821000 r--p 00020000 103:06 10757191                  /home/aleksei/App/ideaIC-2025.1.2/idea-IC-251.26094.121/jbr/lib/libjava.so
7d385e821000-7d385e822000 rw-p 00021000 103:06 10757191                  /home/aleksei/App/ideaIC-2025.1.2/idea-IC-251.26094.121/jbr/lib/libjava.so
7d385e822000-7d385e823000 rw-p 00000000 00:00 0 
7d385e823000-7d385e824000 r--p 00000000 103:06 12073204                  /usr/lib/librt.so.1
7d385e824000-7d385e825000 r-xp 00001000 103:06 12073204                  /usr/lib/librt.so.1
7d385e825000-7d385e826000 r--p 00002000 103:06 12073204                  /usr/lib/librt.so.1
7d385e826000-7d385e827000 r--p 00002000 103:06 12073204                  /usr/lib/librt.so.1
7d385e827000-7d385e828000 rw-p 00003000 103:06 12073204                  /usr/lib/librt.so.1
7d385e828000-7d385e82c000 rw-p 00000000 00:00 0 
7d385e82c000-7d385e850000 r--p 00000000 103:06 12071221                  /usr/lib/libc.so.6
7d385e850000-7d385e9c1000 r-xp 00024000 103:06 12071221                  /usr/lib/libc.so.6
7d385e9c1000-7d385ea10000 r--p 00195000 103:06 12071221                  /usr/lib/libc.so.6
7d385ea10000-7d385ea14000 r--p 001e3000 103:06 12071221                  /usr/lib/libc.so.6
7d385ea14000-7d385ea16000 rw-p 001e7000 103:06 12071221                  /usr/lib/libc.so.6
7d385ea16000-7d385ea1e000 rw-p 00000000 00:00 0 
7d385ea1e000-7d385ea1f000 r--p 00000000 103:06 12071226                  /usr/lib/libdl.so.2
7d385ea1f000-7d385ea20000 r-xp 00001000 103:06 12071226                  /usr/lib/libdl.so.2
7d385ea20000-7d385ea21000 r--p 00002000 103:06 12071226                  /usr/lib/libdl.so.2
7d385ea21000-7d385ea22000 r--p 00002000 103:06 12071226                  /usr/lib/libdl.so.2
7d385ea22000-7d385ea23000 rw-p 00003000 103:06 12071226                  /usr/lib/libdl.so.2
7d385ea23000-7d385ea24000 r--p 00000000 103:06 12073198                  /usr/lib/libpthread.so.0
7d385ea24000-7d385ea25000 r-xp 00001000 103:06 12073198                  /usr/lib/libpthread.so.0
7d385ea25000-7d385ea26000 r--p 00002000 103:06 12073198                  /usr/lib/libpthread.so.0
7d385ea26000-7d385ea27000 r--p 00002000 103:06 12073198                  /usr/lib/libpthread.so.0
7d385ea27000-7d385ea28000 rw-p 00003000 103:06 12073198                  /usr/lib/libpthread.so.0
7d385ea28000-7d385ea2a000 r--p 00000000 103:06 10757047                  /home/aleksei/App/ideaIC-2025.1.2/idea-IC-251.26094.121/jbr/lib/libjli.so
7d385ea2a000-7d385ea34000 r-xp 00002000 103:06 10757047                  /home/aleksei/App/ideaIC-2025.1.2/idea-IC-251.26094.121/jbr/lib/libjli.so
7d385ea34000-7d385ea37000 r--p 0000c000 103:06 10757047                  /home/aleksei/App/ideaIC-2025.1.2/idea-IC-251.26094.121/jbr/lib/libjli.so
7d385ea37000-7d385ea38000 ---p 0000f000 103:06 10757047                  /home/aleksei/App/ideaIC-2025.1.2/idea-IC-251.26094.121/jbr/lib/libjli.so
7d385ea38000-7d385ea39000 r--p 0000f000 103:06 10757047                  /home/aleksei/App/ideaIC-2025.1.2/idea-IC-251.26094.121/jbr/lib/libjli.so
7d385ea39000-7d385ea3a000 rw-p 00010000 103:06 10757047                  /home/aleksei/App/ideaIC-2025.1.2/idea-IC-251.26094.121/jbr/lib/libjli.so
7d385ea3a000-7d385ea3d000 r--p 00000000 103:06 12066069                  /usr/lib/libz.so.1.3.1
7d385ea3d000-7d385ea4b000 r-xp 00003000 103:06 12066069                  /usr/lib/libz.so.1.3.1
7d385ea4b000-7d385ea51000 r--p 00011000 103:06 12066069                  /usr/lib/libz.so.1.3.1
7d385ea51000-7d385ea52000 r--p 00017000 103:06 12066069                  /usr/lib/libz.so.1.3.1
7d385ea52000-7d385ea53000 rw-p 00018000 103:06 12066069                  /usr/lib/libz.so.1.3.1
7d385ea53000-7d385ea5b000 rw-s 00000000 00:24 410                        /tmp/hsperfdata_aleksei/71268
7d385ea5b000-7d385ea5c000 ---p 00000000 00:00 0 
7d385ea5c000-7d385ea5d000 r--p 00000000 00:00 0 
7d385ea5d000-7d385ea5e000 ---p 00000000 00:00 0 
7d385ea5e000-7d385ea61000 r--p 00000000 103:06 10757054                  /home/aleksei/App/ideaIC-2025.1.2/idea-IC-251.26094.121/jbr/lib/libjimage.so
7d385ea61000-7d385ea75000 r-xp 00003000 103:06 10757054                  /home/aleksei/App/ideaIC-2025.1.2/idea-IC-251.26094.121/jbr/lib/libjimage.so
7d385ea75000-7d385ea7b000 r--p 00017000 103:06 10757054                  /home/aleksei/App/ideaIC-2025.1.2/idea-IC-251.26094.121/jbr/lib/libjimage.so
7d385ea7b000-7d385ea7d000 r--p 0001c000 103:06 10757054                  /home/aleksei/App/ideaIC-2025.1.2/idea-IC-251.26094.121/jbr/lib/libjimage.so
7d385ea7d000-7d385ea7e000 rw-p 0001e000 103:06 10757054                  /home/aleksei/App/ideaIC-2025.1.2/idea-IC-251.26094.121/jbr/lib/libjimage.so
7d385ea7e000-7d385ea80000 rw-p 00000000 00:00 0 
7d385ea80000-7d385ea84000 r--p 00000000 00:00 0                          [vvar]
7d385ea84000-7d385ea86000 r-xp 00000000 00:00 0                          [vdso]
7d385ea86000-7d385ea87000 r--p 00000000 103:06 12071212                  /usr/lib/ld-linux-x86-64.so.2
7d385ea87000-7d385eab0000 r-xp 00001000 103:06 12071212                  /usr/lib/ld-linux-x86-64.so.2
7d385eab0000-7d385eabb000 r--p 0002a000 103:06 12071212                  /usr/lib/ld-linux-x86-64.so.2
7d385eabb000-7d385eabd000 r--p 00034000 103:06 12071212                  /usr/lib/ld-linux-x86-64.so.2
7d385eabd000-7d385eabe000 rw-p 00036000 103:06 12071212                  /usr/lib/ld-linux-x86-64.so.2
7d385eabe000-7d385eabf000 rw-p 00000000 00:00 0 
7fffdb21e000-7fffdb241000 rw-p 00000000 00:00 0                          [stack]
ffffffffff600000-ffffffffff601000 --xp 00000000 00:00 0                  [vsyscall]
Total number of mappings: 433


VM Arguments:
jvm_args: -Dfile.encoding=UTF-8 -Duser.country=GB -Duser.language=en -Duser.variant -Dawt.toolkit.name=XToolkit 
java_command: core.App
java_class_path (initial): /home/aleksei/Documents/spbu_study/pconv/build/classes/java/main:/home/aleksei/Documents/spbu_study/pconv/build/resources/main:/home/aleksei/.gradle/caches/modules-2/files-2.1/org.bytedeco/opencv-platform/4.5.1-1.5.5/d95b9cb9b23f3b2f3f186068777062d28430ea55/opencv-platform-4.5.1-1.5.5.jar:/home/aleksei/.gradle/caches/modules-2/files-2.1/org.bytedeco/openblas-platform/0.3.13-1.5.5/d79835fa1be959dca3b11f22c4f8bb7293cd4179/openblas-platform-0.3.13-1.5.5.jar:/home/aleksei/.gradle/caches/modules-2/files-2.1/org.bytedeco/opencv/4.5.1-1.5.5/fb962fa32b97d7cae58c840a009e1e25e8a9efb9/opencv-4.5.1-1.5.5.jar:/home/aleksei/.gradle/caches/modules-2/files-2.1/org.bytedeco/opencv/4.5.1-1.5.5/63b92909abf966336eb20c00ff8f9da178f3a088/opencv-4.5.1-1.5.5-android-arm.jar:/home/aleksei/.gradle/caches/modules-2/files-2.1/org.bytedeco/opencv/4.5.1-1.5.5/dc132fff689ce5da1a2d244f6060ee919f142941/opencv-4.5.1-1.5.5-android-arm64.jar:/home/aleksei/.gradle/caches/modules-2/files-2.1/org.bytedeco/opencv/4.5.1-1.5.5/7d2a61b3329291e770d2d607f0376c506119ba50/opencv-4.5.1-1.5.5-android-x86.jar:/home/aleksei/.gradle/caches/modules-2/files-2.1/org.bytedeco/opencv/4.5.1-1.5.5/7a9ec115628f1b996e5cc1e27d503030d8f00407/opencv-4.5.1-1.5.5-android-x86_64.jar:/home/aleksei/.gradle/caches/modules-2/files-2.1/org.bytedeco/opencv/4.5.1-1.5.5/73a7cdd7c572a170c7d14d63eb9549e5b2a79323/opencv-4.5.1-1.5.5-ios-arm64.jar:/home/aleksei/.gradle/caches/modules-2/files-2.1/org.bytedeco/opencv/4.5.1-1.5.5/553e06bebc01739f9da600448377c998c450a283/opencv-4.5.1-1.5.5-ios-x86_64.jar:/home/aleksei/.gradle/caches/modules-2/files-2.1/org.bytedeco/opencv/4.5.1-1.5.5/fb8b3d1467046bac24508405acabc3db0643d581/opencv-4.5.1-1.5.5-linux-x86.jar:/home/aleksei/.gradle/caches/modules-2/files-2.1/org.bytedeco/opencv/4.5.1-1.5.5/25b04906df9c60ae57ea8c45012cb20d36086299/opencv-4.5.1-1.5.5-linux-x86_64.jar:/home/aleksei/.gradle/caches/modules-2/files-2.1/org.bytedeco/opencv/4.5.1-1.5.5/d938362aa23446abe36a3e274816f42601467a4f/opencv-4.5.1-1.5.5-linux-armhf.jar:/home/aleksei/.gradle/caches/modules-2/files-2.1/org.bytedeco/opencv/4.5.1-1.5.5/4a0c4355ad2d8e321440245250b62da515f3ae14/opencv-4.5.1-1.5.5-linux-arm64.jar:/home/aleksei/.gradle/caches/modules-2/files-2.1/org.bytedeco/opencv/4.5.1-1.5.5/b813303169072935cb14fb5987ecc8f92e1eae34/opencv-4.5.1-1.5.5-linux-ppc64le.jar:/home/aleksei/.gradle/caches/modules-2/files-2.1/org.bytedeco/opencv/4.5.1-1.5.5/a079d9d2aff9af6e11456e071fc2e122cbd8d94b/opencv-4.5.1-1.5.5-macosx-x86_64.jar:/home/aleksei/.gradle/caches/modules-2/files-2.1/org.bytedeco/opencv/4.5.1-1.5.5/6aa51b0161dfdfde81e43015042447da868a834c/opencv-4.5.1-1.5.5-windows-x86.jar:/home/aleksei/.gradle/caches/modules-2/files-2.1/org.bytedeco/opencv/4.5.1-1.5.5/33097aa8cb366539340e5e9fd2ef36ea1303ad65/opencv-4.5.1-1.5.5-windows-x86_64.jar:/home/aleksei/.gradle/caches/modules-2/files-2.1/org.bytedeco/javacpp-platform/1.5.5/ce1aae20dac967f042cd30d78e61c55af8477852/javacpp-platform-1.5.5.jar:/home/aleksei/.gradle/caches/modules-2/files-2.1/org.bytedeco/openblas/0.3.13-1.5.5/9dcba9271c67a29d273277ce44b1b91e7240754b/openblas-0.3.13-1.5.5.jar:/home/aleksei/.gradle/caches/modules-2/files-2.1/org.bytedeco/openblas/0.3.13-1.5.5/2ec94abc15c4343c1a1aac22ec506428ba2de0a8/openblas-0.3.13-1.5.5-android-arm.jar:/home/aleksei/.gradle/caches/modules-2/files-2.1/org.bytedeco/openblas/0.3.13-1.5.5/f89e3bf3da02cfea77828873a3e4cf6cf481136c/openblas-0.3.13-1.5.5-android-arm64.jar:/home/aleksei/.gradle/caches/modules-2/files-2.1/org.bytedeco/openblas/0.3.13-1.5.5/12b9d8fdab5894901c3ca75c37bcb4dfab8dbbba/openblas-0.3.13-1.5.5-android-x86.jar:/home/aleksei/.gradle/caches/modules-2/files-2.1/org.bytedeco/openblas/0.3.13-1.5.5/c4fcdf66d92dd4f2da7e2ad61df8c21130c622df/openblas-0.3.13-1.5.5-android-x86_64.jar:/home/aleksei/.gradle/caches/modules-2/files-2.1/org.bytedeco/openblas/0.3.13-1.5.5/6e4a768da2bf4c9979ed688a0f9b1afa25831ebb/openblas-0.3.13-1.5.5-ios-arm64.jar:/home/aleksei/.gradle/caches/modules-2/files-2.1/org.bytedeco/openblas/0.3.13-1.5.5/a065f80bd93d871cc4ce67e241987055af3edd00/openblas-0.3.13-1.5.5-ios-x86_64.jar:/home/aleksei/.gradle/caches/modules-2/files-2.1/org.bytedeco/openblas/0.3.13-1.5.5/7e534273ba7ecbe50c9ffa66363e83299ad6501f/openblas-0.3.13-1.5.5-linux-x86.jar:/home/aleksei/.gradle/caches/modules-2/files-2.1/org.bytedeco/openblas/0.3.13-1.5.5/80fbca129017f61f5767291da018b394f9a2dec3/openblas-0.3.13-1.5.5-linux-x86_64.jar:/home/aleksei/.gradle/caches/modules-2/files-2.1/org.bytedeco/openblas/0.3.13-1.5.5/25917895cc4d047728ce0f6edd010507123d16b3/openblas-0.3.13-1.5.5-linux-armhf.jar:/home/aleksei/.gradle/caches/modules-2/files-2.1/org.bytedeco/openblas/0.3.13-1.5.5/9084552cec07acaf2bc2889a4eaebed8bc48c8bc/openblas-0.3.13-1.5.5-linux-arm64.jar:/home/aleksei/.gradle/caches/modules-2/files-2.1/org.bytedeco/openblas/0.3.13-1.5.5/89146e024449ecf692aa17ae5fa2e90655aff33b/openblas-0.3.13-1.5.5-linux-ppc64le.jar:/home/aleksei/.gradle/caches/modules-2/files-2.1/org.bytedeco/openblas/0.3.13-1.5.5/e67413c8a139b87d8c6356549299bdc2343d7305/openblas-0.3.13-1.5.5-macosx-x86_64.jar:/home/aleksei/.gradle/caches/modules-2/files-2.1/org.bytedeco/openblas/0.3.13-1.5.5/f6f21392676ca7767e79a2db51dc4f66670148c6/openblas-0.3.13-1.5.5-windows-x86.jar:/home/aleksei/.gradle/caches/modules-2/files-2.1/org.bytedeco/openblas/0.3.13-1.5.5/67cf9aff479b0b153df1ab0387161f0a25d8b91f/openblas-0.3.13-1.5.5-windows-x86_64.jar:/home/aleksei/.gradle/caches/modules-2/files-2.1/org.bytedeco/javacpp/1.5.5/92e1c31aaed15a3dc12008859a37ced45fa0b730/javacpp-1.5.5.jar:/home/aleksei/.gradle/caches/modules-2/files-2.1/org.bytedeco/javacpp/1.5.5/3f4103dbc532617a91c176027bd2b52bd95a8929/javacpp-1.5.5-android-arm.jar:/home/aleksei/.gradle/caches/modules-2/files-2.1/org.bytedeco/javacpp/1.5.5/594f1483d24d1a489de29cf7b16cc19b60dbd9f0/javacpp-1.5.5-android-arm64.jar:/home/aleksei/.gradle/caches/modules-2/files-2.1/org.bytedeco/javacpp/1.5.5/42374db77c7c7f1d8620a85c26fbbc14b9c8bcd4/javacpp-1.5.5-android-x86.jar:/home/aleksei/.gradle/caches/modules-2/files-2.1/org.bytedeco/javacpp/1.5.5/82d31939f4ebd6ab9f8e547830ef721340c7c1b7/javacpp-1.5.5-android-x86_64.jar:/home/aleksei/.gradle/caches/modules-2/files-2.1/org.bytedeco/javacpp/1.5.5/9b22365a060f2e3b5bec2ff5f5f6d75ea2962eef/javacpp-1.5.5-ios-arm64.jar:/home/aleksei/.gradle/caches/modules-2/files-2.1/org.bytedeco/javacpp/1.5.5/ee20a88e18d635cc62869a20204e37cc68f6efe4/javacpp-1.5.5-ios-x86_64.jar:/home/aleksei/.gradle/caches/modules-2/files-2.1/org.bytedeco/javacpp/1.5.5/d45afe724f6c373c8070ecd3e955858dc9bbd544/javacpp-1.5.5-linux-armhf.jar:/home/aleksei/.gradle/caches/modules-2/files-2.1/org.bytedeco/javacpp/1.5.5/7397da1ad8ed5a08e8f6d389452ee0fb19bf2bcc/javacpp-1.5.5-linux-arm64.jar:/home/aleksei/.gradle/caches/modules-2/files-2.1/org.bytedeco/javacpp/1.5.5/59e6cae70d93093c8f8909f563f1360c44789c3b/javacpp-1.5.5-linux-ppc64le.jar:/home/aleksei/.gradle/caches/modules-2/files-2.1/org.bytedeco/javacpp/1.5.5/262e581c536a83501f10ddfdcc0f2e83a1a60e10/javacpp-1.5.5-linux-x86.jar:/home/aleksei/.gradle/caches/modules-2/files-2.1/org.bytedeco/javacpp/1.5.5/e5f16ef28a056fe6c0f1c26a6a02f2dc94ce0693/javacpp-1.5.5-linux-x86_64.jar:/home/aleksei/.gradle/caches/modules-2/files-2.1/org.bytedeco/javacpp/1.5.5/1ed7d9a0059182448149115cf13842e83533cfa/javacpp-1.5.5-macosx-arm64.jar:/home/aleksei/.gradle/caches/modules-2/files-2.1/org.bytedeco/javacpp/1.5.5/3525246f3ef45f824fa04004c370f35589730398/javacpp-1.5.5-macosx-x86_64.jar:/home/aleksei/.gradle/caches/modules-2/files-2.1/org.bytedeco/javacpp/1.5.5/9d6da1103af76d7f21c6f644862ab26035c0e05/javacpp-1.5.5-windows-x86.jar:/home/aleksei/.gradle/caches/modules-2/files-2.1/org.bytedeco/javacpp/1.5.5/bdcd2b6a12b6222c50edfbf6e1f46e37ffff73bf/javacpp-1.5.5-windows-x86_64.jar
Launcher Type: SUN_STANDARD

[Global flags]
     intx CICompilerCount                          = 12                                        {product} {ergonomic}
     uint ConcGCThreads                            = 3                                         {product} {ergonomic}
     uint G1ConcRefinementThreads                  = 13                                        {product} {ergonomic}
   size_t G1HeapRegionSize                         = 2097152                                   {product} {ergonomic}
    uintx GCDrainStackTargetSize                   = 64                                        {product} {ergonomic}
   size_t InitialHeapSize                          = 255852544                                 {product} {ergonomic}
   size_t MarkStackSize                            = 4194304                                   {product} {ergonomic}
   size_t MaxHeapSize                              = 4093640704                                {product} {ergonomic}
   size_t MaxNewSize                               = 2455764992                                {product} {ergonomic}
   size_t MinHeapDeltaBytes                        = 2097152                                   {product} {ergonomic}
   size_t MinHeapSize                              = 8388608                                   {product} {ergonomic}
    uintx NonNMethodCodeHeapSize                   = 7602480                                {pd product} {ergonomic}
    uintx NonProfiledCodeHeapSize                  = 122027880                              {pd product} {ergonomic}
    uintx ProfiledCodeHeapSize                     = 122027880                              {pd product} {ergonomic}
    uintx ReservedCodeCacheSize                    = 251658240                              {pd product} {ergonomic}
     bool SegmentedCodeCache                       = true                                      {product} {ergonomic}
   size_t SoftMaxHeapSize                          = 4093640704                             {manageable} {ergonomic}
     bool UseCompressedOops                        = true                           {product lp64_product} {ergonomic}
     bool UseG1GC                                  = true                                      {product} {ergonomic}

Logging:
Log output configuration:
 #0: stdout all=warning uptime,level,tags foldmultilines=false
 #1: stderr all=off uptime,level,tags foldmultilines=false

Environment Variables:
PATH=/home/aleksei/.local/bin:/usr/local/bin:/usr/bin:/usr/local/sbin:/usr/lib/jvm/default/bin:/usr/bin/site_perl:/usr/bin/vendor_perl:/usr/bin/core_perl:/usr/lib/rustup/bin
USERNAME=aleksei
SHELL=/bin/bash
DISPLAY=:0
LANG=en_GB.UTF-8
LC_NUMERIC=ru_RU.UTF-8
LC_TIME=ru_RU.UTF-8

Active Locale:
LC_ALL=LC_CTYPE=en_GB.UTF-8;LC_NUMERIC=ru_RU.UTF-8;LC_TIME=ru_RU.UTF-8;LC_COLLATE=en_GB.UTF-8;LC_MONETARY=ru_RU.UTF-8;LC_MESSAGES=en_GB.UTF-8;LC_PAPER=ru_RU.UTF-8;LC_NAME=ru_RU.UTF-8;LC_ADDRESS=ru_RU.UTF-8;LC_TELEPHONE=ru_RU.UTF-8;LC_MEASUREMENT=ru_RU.UTF-8;LC_IDENTIFICATION=ru_RU.UTF-8
LC_COLLATE=en_GB.UTF-8
LC_CTYPE=en_GB.UTF-8
LC_MESSAGES=en_GB.UTF-8
LC_MONETARY=ru_RU.UTF-8
LC_NUMERIC=ru_RU.UTF-8
LC_TIME=ru_RU.UTF-8

Signal Handlers:
   SIGSEGV: crash_handler in libjvm.so, mask=11100100010111111101111111111110, flags=SA_RESTART|SA_SIGINFO, unblocked
    SIGBUS: crash_handler in libjvm.so, mask=11100100010111111101111111111110, flags=SA_RESTART|SA_SIGINFO, unblocked
    SIGFPE: crash_handler in libjvm.so, mask=11100100010111111101111111111110, flags=SA_RESTART|SA_SIGINFO, unblocked
   SIGPIPE: javaSignalHandler in libjvm.so, mask=11100100010111111101111111111110, flags=SA_RESTART|SA_SIGINFO, blocked
   SIGXFSZ: javaSignalHandler in libjvm.so, mask=11100100010111111101111111111110, flags=SA_RESTART|SA_SIGINFO, blocked
    SIGILL: crash_handler in libjvm.so, mask=11100100010111111101111111111110, flags=SA_RESTART|SA_SIGINFO, unblocked
   SIGUSR2: SR_handler in libjvm.so, mask=00000000000000000000000000000000, flags=SA_RESTART|SA_SIGINFO, blocked
    SIGHUP: UserHandler in libjvm.so, mask=11100100010111111101111111111110, flags=SA_RESTART|SA_SIGINFO, blocked
    SIGINT: UserHandler in libjvm.so, mask=11100100010111111101111111111110, flags=SA_RESTART|SA_SIGINFO, blocked
   SIGTERM: UserHandler in libjvm.so, mask=11100100010111111101111111111110, flags=SA_RESTART|SA_SIGINFO, blocked
   SIGQUIT: UserHandler in libjvm.so, mask=11100100010111111101111111111110, flags=SA_RESTART|SA_SIGINFO, blocked
   SIGTRAP: crash_handler in libjvm.so, mask=11100100010111111101111111111110, flags=SA_RESTART|SA_SIGINFO, unblocked


Periodic native trim disabled

JNI global refs:
JNI global refs: 17, weak refs: 754

JNI global refs memory usage: 859, weak refs: 7873

Process memory usage:
Resident Set Size: 318392K (1% of 15984600K total physical memory with 6040088K free physical memory)

OOME stack traces (most recent first):
Classloader memory used:
Loader jdk.internal.loader.ClassLoaders$AppClassLoader                                 : 7149K
Loader bootstrap                                                                       : 1868K
Loader jdk.internal.loader.ClassLoaders$PlatformClassLoader                            : 18728B

---------------  S Y S T E M  ---------------

OS:
DISTRIB_ID="ManjaroLinux"
DISTRIB_RELEASE="25.0.0"
DISTRIB_CODENAME="Zetar"
DISTRIB_DESCRIPTION="Manjaro Linux"
uname: Linux 6.12.21-4-MANJARO #1 SMP PREEMPT_DYNAMIC Tue, 01 Apr 2025 18:45:30 +0000 x86_64
OS uptime: 0 days 2:58 hours
libc: glibc 2.41 NPTL 2.41 
rlimit (soft/hard): STACK 8192k/infinity , CORE infinity/infinity , NPROC 61811/61811 , NOFILE 524288/524288 , AS infinity/infinity , CPU infinity/infinity , DATA infinity/infinity , FSIZE infinity/infinity , MEMLOCK 8192k/8192k
load average: 1,24 0,88 0,87

/proc/meminfo:
MemTotal:       15984600 kB
MemFree:         2719904 kB
MemAvailable:    6040088 kB
Buffers:           39816 kB
Cached:          4333584 kB
SwapCached:          516 kB
Active:          6133468 kB
Inactive:        5770468 kB
Active(anon):    5007144 kB
Inactive(anon):  3518188 kB
Active(file):    1126324 kB
Inactive(file):  2252280 kB
Unevictable:      117540 kB
Mlocked:              48 kB
SwapTotal:       4194300 kB
SwapFree:        4186108 kB
Zswap:                 0 kB
Zswapped:              0 kB
Dirty:               980 kB
Writeback:             0 kB
AnonPages:       7469732 kB
Mapped:          1913128 kB
Shmem:            995160 kB
KReclaimable:     286508 kB
Slab:             492960 kB
SReclaimable:     286508 kB
SUnreclaim:       206452 kB
KernelStack:       29732 kB
PageTables:        61484 kB
SecPageTables:      2080 kB
NFS_Unstable:          0 kB
Bounce:                0 kB
WritebackTmp:          0 kB
CommitLimit:    12186600 kB
Committed_AS:   24297284 kB
VmallocTotal:   34359738367 kB
VmallocUsed:      177136 kB
VmallocChunk:          0 kB
Percpu:            12672 kB
HardwareCorrupted:     0 kB
AnonHugePages:   2430976 kB
ShmemHugePages:   790528 kB
ShmemPmdMapped:        0 kB
FileHugePages:    649216 kB
FilePmdMapped:    624640 kB
CmaTotal:              0 kB
CmaFree:               0 kB
Unaccepted:            0 kB
HugePages_Total:       0
HugePages_Free:        0
HugePages_Rsvd:        0
HugePages_Surp:        0
Hugepagesize:       2048 kB
Hugetlb:               0 kB
DirectMap4k:     1123060 kB
DirectMap2M:    15263744 kB
DirectMap1G:           0 kB

/sys/kernel/mm/transparent_hugepage/enabled: [always] madvise never
/sys/kernel/mm/transparent_hugepage/hpage_pmd_size: 2097152
/sys/kernel/mm/transparent_hugepage/defrag (defrag/compaction efforts parameter): always defer defer+madvise [madvise] never

Process Memory:
Virtual Size: 11932256K (peak: 11961392K)
Resident Set Size: 318392K (peak: 318392K) (anon: 260876K, file: 57516K, shmem: 0K)
Swapped out: 0K
C-Heap outstanding allocations: 46497K, retained: 54010K
glibc malloc tunables: (default)

/proc/sys/kernel/threads-max (system-wide limit on the number of threads): 123623
/proc/sys/vm/max_map_count (maximum number of memory map areas a process may have): 1048576
/proc/sys/vm/swappiness (control to define how aggressively the kernel swaps out anonymous memory): 60
/proc/sys/kernel/pid_max (system-wide limit on number of process identifiers): 4194304

container information not found.
Steal ticks since vm start: 0
Steal ticks percentage since vm start:  0,000

CPU: total 16 (initial active 16) (8 cores per cpu, 2 threads per core) family 6 model 154 stepping 3 microcode 0x436, cx8, cmov, fxsr, ht, mmx, 3dnowpref, sse, sse2, sse3, ssse3, sse4.1, sse4.2, popcnt, lzcnt, tsc, tscinvbit, avx, avx2, aes, erms, clmul, bmi1, bmi2, adx, sha, fma, vzeroupper, clflush, clflushopt, clwb, serialize, rdtscp, rdpid, fsrm, f16c, pku, ospke, cet_ibt, cet_ss
CPU Model and flags from /proc/cpuinfo:
model name	: 12th Gen Intel(R) Core(TM) i7-12650H
flags		: fpu vme de pse tsc msr pae mce cx8 apic sep mtrr pge mca cmov pat pse36 clflush dts acpi mmx fxsr sse sse2 ss ht tm pbe syscall nx pdpe1gb rdtscp lm constant_tsc art arch_perfmon pebs bts rep_good nopl xtopology nonstop_tsc cpuid aperfmperf tsc_known_freq pni pclmulqdq dtes64 monitor ds_cpl vmx smx est tm2 ssse3 sdbg fma cx16 xtpr pdcm pcid sse4_1 sse4_2 x2apic movbe popcnt tsc_deadline_timer aes xsave avx f16c rdrand lahf_lm abm 3dnowprefetch cpuid_fault epb ssbd ibrs ibpb stibp ibrs_enhanced tpr_shadow flexpriority ept vpid ept_ad fsgsbase tsc_adjust bmi1 avx2 smep bmi2 erms invpcid rdseed adx smap clflushopt clwb intel_pt sha_ni xsaveopt xsavec xgetbv1 xsaves split_lock_detect user_shstk avx_vnni dtherm ida arat pln pts hwp hwp_notify hwp_act_window hwp_epp hwp_pkg_req hfi vnmi umip pku ospke waitpkg gfni vaes vpclmulqdq rdpid movdiri movdir64b fsrm md_clear serialize arch_lbr ibt flush_l1d arch_capabilities

Online cpus: 0-15
Offline cpus: 
BIOS frequency limitation: <Not Available>
Frequency switch latency (ns): 0
Available cpu frequencies: <Not Available>
Current governor: powersave
Core performance/turbo boost: <Not Available>

Memory: 4k page, physical 15984600k(6040088k free), swap 4194300k(4186108k free)
Page Sizes: 4k

vm_info: OpenJDK 64-Bit Server VM (21.0.7+9-b895.130) for linux-amd64 JRE (21.0.7+9-b895.130), built on 2025-05-13 by "builduser" with gcc 10.2.1 20210130 (Red Hat 10.2.1-11.1.0.1)

END.
