#
# A fatal error has been detected by the Java Runtime Environment:
#
#  SIGSEGV (0xb) at pc=0x0000729c2443a799, pid=70893, tid=70894
#
# JRE version: OpenJDK Runtime Environment JBR-21.0.7+9-895.130-jcef (21.0.7+9) (build 21.0.7+9-b895.130)
# Java VM: OpenJDK 64-Bit Server VM JBR-21.0.7+9-895.130-jcef (21.0.7+9-b895.130, mixed mode, sharing, tiered, compressed oops, compressed class ptrs, g1 gc, linux-amd64)
# Problematic frame:
# C  [libjniopenblas_nolapack.so+0x3a799]  Java_org_bytedeco_javacpp_BytePointer_put__JB+0x49
#
# Core dump will be written. Default location: Core dumps may be processed with "/usr/lib/systemd/systemd-coredump %P %u %g %s %t %c %h" (or dumping to /home/aleksei/Documents/spbu_study/pconv/core.70893)
#
# If you would like to submit a bug report, please visit:
#   https://youtrack.jetbrains.com/issues/JBR
# The crash happened outside the Java Virtual Machine in native code.
# See problematic frame for where to report the bug.
#

---------------  S U M M A R Y ------------

Command Line: -Dfile.encoding=UTF-8 -Duser.country=GB -Duser.language=en -Duser.variant -Dawt.toolkit.name=XToolkit core.App

Host: 12th Gen Intel(R) Core(TM) i7-12650H, 16 cores, 15G, Manjaro Linux
Time: Thu Jun 12 19:37:03 2025 MSK elapsed time: 8.635376 seconds (0d 0h 0m 8s)

---------------  T H R E A D  ---------------

Current thread (0x0000729ce002cf30):  JavaThread "main"             [_thread_in_native, id=70894, stack(0x0000729ce6a08000,0x0000729ce6b08000) (1024K)]

Stack: [0x0000729ce6a08000,0x0000729ce6b08000],  sp=0x0000729ce6b06810,  free space=1018k
Native frames: (J=compiled Java code, j=interpreted, Vv=VM code, C=native code)
C  [libjniopenblas_nolapack.so+0x3a799]  Java_org_bytedeco_javacpp_BytePointer_put__JB+0x49
Java frames: (J=compiled Java code, j=interpreted, Vv=VM code)
J 1155  org.bytedeco.javacpp.BytePointer.put(JB)Lorg/bytedeco/javacpp/BytePointer; (0 bytes) @ 0x0000729cd4a6b9f0 [0x0000729cd4a6b9a0+0x0000000000000050]
J 1166% c2 core.convoulter.Convoluter.MakeConvolution(Lcore/convoulter/Filter;)V (220 bytes) @ 0x0000729cd4a6cd38 [0x0000729cd4a6cae0+0x0000000000000258]
j  core.convoulter.Convoluter.convolution(Lcore/console/FilterType;)V+58
j  core.App.main([Ljava/lang/String;)V+118
v  ~StubRoutines::call_stub 0x0000729cd425fcc6

siginfo: si_signo: 11 (SIGSEGV), si_code: 2 (SEGV_ACCERR), si_addr: 0x0000729c24400040

Registers:
RAX=0x0000729ce6b06840, RBX=0x0000729ce6b06840, RCX=0x0000000000000041, RDX=0x0000000000000062
RSP=0x0000729ce6b06810, RBP=0x0000729ce002d2e8, RSI=0x0000729ce6b06840, RDI=0x0000729ce002d2e8
R8 =0x0000000000000003, R9 =0x000000071ae653a8, R10=0x0000000000000018, R11=0x0000000000000016
R12=0x0000729c24400040, R13=0x0000000000000000, R14=0x0000000000000041, R15=0x0000729ce002cf30
RIP=0x0000729c2443a799, EFLAGS=0x0000000000010202, CSGSFS=0x002b000000000033, ERR=0x0000000000000007
  TRAPNO=0x000000000000000e

XMM[0]=0x0000000000000000 0x4050400000000000
XMM[1]=0x0000000000000000 0x4050400000000000
XMM[2]=0x0000000000000000 0xc060000000000000
XMM[3]=0x0000000000000000 0x0000000000000000
XMM[4]=0x0000000000000000 0xc060000000000000
XMM[5]=0x0000000000000000 0x4059000000000000
XMM[6]=0x0000000000000000 0x81c7000004288f8b
XMM[7]=0x0000000000000000 0xc74913711ae2e800
XMM[8]=0x0000000000000000 0xc4f640ff8b490000
XMM[9]=0x0000000000000000 0xffcab418f71fcc4a
XMM[10]=0x0000000000000000 0x00000000f7551832
XMM[11]=0x0000000000000000 0x25ba22dc1cd9ef26
XMM[12]=0x0000000000000000 0x00000000f71fcc4a
XMM[13]=0x0000000000000000 0xbfe69edfc686963b
XMM[14]=0x0000000000000000 0x400921fb54442d18
XMM[15]=0x0000000000000000 0x0000000000000000
  MXCSR=0x00001fa2


Register to memory mapping:

RAX=0x0000729ce6b06840 is pointing into the stack for thread: 0x0000729ce002cf30
RBX=0x0000729ce6b06840 is pointing into the stack for thread: 0x0000729ce002cf30
RCX=0x0000000000000041 is an unknown value
RDX=0x0000000000000062 is an unknown value
RSP=0x0000729ce6b06810 is pointing into the stack for thread: 0x0000729ce002cf30
RBP=0x0000729ce002d2e8 points into unknown readable memory: 0x0000729ce80d3040 | 40 30 0d e8 9c 72 00 00
RSI=0x0000729ce6b06840 is pointing into the stack for thread: 0x0000729ce002cf30
RDI=0x0000729ce002d2e8 points into unknown readable memory: 0x0000729ce80d3040 | 40 30 0d e8 9c 72 00 00
R8 =0x0000000000000003 is an unknown value
R9 =0x000000071ae653a8 is an oop: org.bytedeco.javacpp.BytePointer 
{0x000000071ae653a8} - klass: 'org/bytedeco/javacpp/BytePointer'
 - ---- fields (total size 6 words):
 - private 'deallocator' 'Lorg/bytedeco/javacpp/Pointer$Deallocator;' @12  null (0x00000000)
 - protected 'address' 'J' @16  126014948638784 (0x0000729c24400040)
 - protected 'position' 'J' @24  0 (0x0000000000000000)
 - protected 'limit' 'J' @32  0 (0x0000000000000000)
 - protected 'capacity' 'J' @40  0 (0x0000000000000000)
R10=0x0000000000000018 is an unknown value
R11=0x0000000000000016 is an unknown value
R12=0x0000729c24400040: <offset 0x0000000000000040> in /home/aleksei/.javacpp/cache/openblas-0.3.13-1.5.5-linux-x86_64.jar/org/bytedeco/openblas/linux-x86_64/libjniopenblas_nolapack.so at 0x0000729c24400000
R13=0x0 is null
R14=0x0000000000000041 is an unknown value
R15=0x0000729ce002cf30 is a thread

Top of Stack: (sp=0x0000729ce6b06810)
0x0000729ce6b06810:   0000000000003339 0000729ce6b06880
0x0000729ce6b06820:   0000000000000000 0000000712053010
0x0000729ce6b06830:   0000729c671a7110 0000729cd4a6ba6a
0x0000729ce6b06840:   000000071ae653a8 000000071ae651a8
0x0000729ce6b06850:   00000007120530f0 0000729ce6b06890
0x0000729ce6b06860:   00000000e23c7401 0000729c000005a0
0x0000729ce6b06870:   000000071ae65190 0000000000000003
0x0000729ce6b06880:   4050400000000000 0000729cd4a6cd38
0x0000729ce6b06890:   4050400000000000 0000000300000003
0x0000729ce6b068a0:   000000071201f0e8 0000000000000000
0x0000729ce6b068b0:   3ff0000000000000 0000059f00000780
0x0000729ce6b068c0:   00000000000005a0 0000000300000003
0x0000729ce6b068d0:   0000000100000001 000000071201f100
0x0000729ce6b068e0:   deaddeaf00000000 0000000717604660
0x0000729ce6b068f0:   0000729ce6b06958 0000729cd4267180
0x0000729ce6b06900:   0000000000000000 00000007176045f8
0x0000729ce6b06910:   0000729ce6b06910 0000729c67403012
0x0000729ce6b06920:   0000000000000003 0000729c674033c0
0x0000729ce6b06930:   0000000000000000 000000071201f120
0x0000729ce6b06940:   0000729c67403040 0000729ce6b06900
0x0000729ce6b06950:   0000729ce6b06968 0000729ce6b069c0
0x0000729ce6b06960:   0000729cd4267180 000000071201f190
0x0000729ce6b06970:   000000071201f0e8 0000729ce6b06978
0x0000729ce6b06980:   0000729c67400736 0000000000000005
0x0000729ce6b06990:   0000729c674008e0 0000000000000000
0x0000729ce6b069a0:   000000071201f1a8 0000729c674007e0
0x0000729ce6b069b0:   0000729ce6b06968 0000729ce6b069e8
0x0000729ce6b069c0:   0000729ce6b06a50 0000729cd425fcc6
0x0000729ce6b069d0:   000000071201f2e0 000000071201f250
0x0000729ce6b069e0:   000000071201f230 000000071201f220
0x0000729ce6b069f0:   0000729c00001fa2 0000729ce6b06b70
0x0000729ce6b06a00:   000000000000000e 0000729ce6b06cc8 

Instructions: (pc=0x0000729c2443a799)
0x0000729c2443a699:   48 8b 03 48 8b 15 5d 03 21 00 4c 89 ee 48 89 df
0x0000729c2443a6a9:   ff 90 28 03 00 00 4c 01 e0 4d 85 ff 48 89 44 24
0x0000729c2443a6b9:   08 74 54 48 8b 03 31 d2 4c 89 fe 48 89 df ff 90
0x0000729c2443a6c9:   f0 06 00 00 48 8b 7c 24 08 48 8d 34 28 4c 89 f2
0x0000729c2443a6d9:   49 89 c4 e8 df 76 fd ff 48 8b 03 31 c9 4c 89 e2
0x0000729c2443a6e9:   4c 89 fe 48 89 df ff 90 f8 06 00 00 48 83 c4 18
0x0000729c2443a6f9:   4c 89 e8 5b 5d 41 5c 41 5d 41 5e 41 5f c3 66 0f
0x0000729c2443a709:   1f 84 00 00 00 00 00 48 89 c7 4c 89 f2 48 89 ee
0x0000729c2443a719:   e8 a2 76 fd ff eb d5 be 14 00 00 00 48 89 df 45
0x0000729c2443a729:   31 ed e8 00 d1 ff ff 48 8b 0b 48 8d 15 c1 25 00
0x0000729c2443a739:   00 48 89 c6 48 89 df ff 51 70 eb b0 90 66 2e 0f
0x0000729c2443a749:   1f 84 00 00 00 00 00 41 56 41 55 41 89 ce 41 54
0x0000729c2443a759:   55 49 89 d5 53 48 8b 07 48 89 fd 48 89 f3 48 8b
0x0000729c2443a769:   15 9a 02 21 00 ff 90 28 03 00 00 48 85 c0 74 2d
0x0000729c2443a779:   49 89 c4 48 8b 45 00 48 8b 15 79 02 21 00 48 89
0x0000729c2443a789:   de 48 89 ef ff 90 28 03 00 00 49 01 c4 48 89 d8
0x0000729c2443a799:   47 88 34 2c 5b 5d 41 5c 41 5d 41 5e c3 be 14 00
0x0000729c2443a7a9:   00 00 48 89 ef e8 7d d0 ff ff 48 8b 4d 00 48 8d
0x0000729c2443a7b9:   15 3d 25 00 00 48 89 c6 48 89 ef ff 51 70 31 c0
0x0000729c2443a7c9:   eb d2 0f 1f 44 00 00 41 55 41 54 49 89 d5 55 53
0x0000729c2443a7d9:   49 89 f4 48 89 fb 48 83 ec 08 48 8b 07 48 8b 15
0x0000729c2443a7e9:   1b 02 21 00 ff 90 28 03 00 00 48 85 c0 74 30 48
0x0000729c2443a7f9:   89 c5 48 8b 03 48 8b 15 fb 01 21 00 4c 89 e6 48
0x0000729c2443a809:   89 df ff 90 28 03 00 00 48 01 c5 42 0f b7 44 2d
0x0000729c2443a819:   00 48 83 c4 08 5b 5d 41 5c 41 5d c3 0f 1f 00 be
0x0000729c2443a829:   14 00 00 00 48 89 df e8 fb cf ff ff 48 8b 0b 48
0x0000729c2443a839:   8d 15 bc 24 00 00 48 89 c6 48 89 df ff 51 70 31
0x0000729c2443a849:   c0 eb ce 0f 1f 40 00 41 56 41 55 41 89 ce 41 54
0x0000729c2443a859:   55 49 89 d5 53 48 8b 07 48 89 fd 48 89 f3 48 8b
0x0000729c2443a869:   15 9a 01 21 00 ff 90 28 03 00 00 48 85 c0 74 2e
0x0000729c2443a879:   49 89 c4 48 8b 45 00 48 8b 15 79 01 21 00 48 89
0x0000729c2443a889:   de 48 89 ef ff 90 28 03 00 00 49 01 c4 48 89 d8 


Stack slot to memory mapping:

stack at sp + 0 slots: 0x0000000000003339 is an unknown value
stack at sp + 1 slots: 0x0000729ce6b06880 is pointing into the stack for thread: 0x0000729ce002cf30
stack at sp + 2 slots: 0x0 is null
stack at sp + 3 slots: 0x0000000712053010 is an oop: java.util.concurrent.locks.ReentrantLock$NonfairSync 
{0x0000000712053010} - klass: 'java/util/concurrent/locks/ReentrantLock$NonfairSync'
 - ---- fields (total size 4 words):
 - private transient 'exclusiveOwnerThread' 'Ljava/lang/Thread;' @12  null (0x00000000)
 - private volatile 'state' 'I' @16  0 (0x00000000)
 - private volatile transient 'head' 'Ljava/util/concurrent/locks/AbstractQueuedSynchronizer$Node;' @20  null (0x00000000)
 - private volatile transient 'tail' 'Ljava/util/concurrent/locks/AbstractQueuedSynchronizer$Node;' @24  null (0x00000000)
stack at sp + 4 slots: 0x0000729c671a7110 is pointing into metadata
stack at sp + 5 slots: 0x0000729cd4a6ba6a is at entry_point+202 in (nmethod*)0x0000729cd4a6b810
Compiled method (n/a) 8637 1155     n 0       org.bytedeco.javacpp.BytePointer::put (native)
 total in heap  [0x0000729cd4a6b810,0x0000729cd4a6bd78] = 1384
 relocation     [0x0000729cd4a6b968,0x0000729cd4a6b9a0] = 56
 main code      [0x0000729cd4a6b9a0,0x0000729cd4a6bd6c] = 972
 stub code      [0x0000729cd4a6bd6c,0x0000729cd4a6bd70] = 4
 oops           [0x0000729cd4a6bd70,0x0000729cd4a6bd78] = 8
stack at sp + 6 slots: 0x000000071ae653a8 is an oop: org.bytedeco.javacpp.BytePointer 
{0x000000071ae653a8} - klass: 'org/bytedeco/javacpp/BytePointer'
 - ---- fields (total size 6 words):
 - private 'deallocator' 'Lorg/bytedeco/javacpp/Pointer$Deallocator;' @12  null (0x00000000)
 - protected 'address' 'J' @16  126014948638784 (0x0000729c24400040)
 - protected 'position' 'J' @24  0 (0x0000000000000000)
 - protected 'limit' 'J' @32  0 (0x0000000000000000)
 - protected 'capacity' 'J' @40  0 (0x0000000000000000)
stack at sp + 7 slots: 0x000000071ae651a8 is an oop: java.lang.String 
{0x000000071ae651a8} - klass: 'java/lang/String'
 - string: "1440"
 - ---- fields (total size 3 words):
 - private 'hash' 'I' @12  0 (0x00000000)
 - private final 'coder' 'B' @16  0 (0x00)
 - private 'hashIsZero' 'Z' @17  false (0x00)
 - injected 'flags' 'B' @18  0 (0x00)
 - private final 'value' '[B' @20  [B{0x000000071ae65190} (0xe35cca32)


Compiled method (n/a) 8638 1155     n 0       org.bytedeco.javacpp.BytePointer::put (native)
 total in heap  [0x0000729cd4a6b810,0x0000729cd4a6bd78] = 1384
 relocation     [0x0000729cd4a6b968,0x0000729cd4a6b9a0] = 56
 main code      [0x0000729cd4a6b9a0,0x0000729cd4a6bd6c] = 972
 stub code      [0x0000729cd4a6bd6c,0x0000729cd4a6bd70] = 4
 oops           [0x0000729cd4a6bd70,0x0000729cd4a6bd78] = 8

[Constant Pool (empty)]

[MachCode]
[Entry Point]
  # {method} {0x0000729c67446230} 'put' '(JB)Lorg/bytedeco/javacpp/BytePointer;' in 'org/bytedeco/javacpp/BytePointer'
  # this:     rsi:rsi   = 'org/bytedeco/javacpp/BytePointer'
  # parm0:    rdx:rdx   = long
  # parm1:    rcx       = byte
  #           [sp+0x50]  (sp of caller)
  0x0000729cd4a6b9a0: 448b 5608 | 49bb 0000 | 006b 9c72 | 0000 4d03 | d349 3bc2 | 0f84 0600 

  0x0000729cd4a6b9b8: ;   {runtime_call ic_miss_stub}
  0x0000729cd4a6b9b8: 0000 e9c1 | 1684 ff90 
[Verified Entry Point]
  0x0000729cd4a6b9c0: 8984 2400 | c0fe ff55 | 488b ec48 | 83ec 4090 | 4181 7f20 | 0100 0000 

  0x0000729cd4a6b9d8: ;   {runtime_call StubRoutines (final stubs)}
  0x0000729cd4a6b9d8: 7405 e8c1 | 7a82 ff48 | 8934 2448 | 83fe 0048 | 8d34 2448 | 0f44 3424 

  0x0000729cd4a6b9f0: ;   {internal_word}
  0x0000729cd4a6b9f0: c5f8 7749 | baf0 b9a6 | d49c 7200 | 004d 8997 | a003 0000 | 4989 a798 

  0x0000729cd4a6ba08: ;   {external_word}
  0x0000729cd4a6ba08: 0300 0080 | 3d23 666a | 1300 0f84 | 3400 0000 

  0x0000729cd4a6ba18: ;   {metadata({method} {0x0000729c67446230} 'put' '(JB)Lorg/bytedeco/javacpp/BytePointer;' in 'org/bytedeco/javacpp/BytePointer')}
  0x0000729cd4a6ba18: 5652 5148 | be30 6244 | 679c 7200 | 0049 8bff | 40f6 c40f | 0f84 1200 | 0000 4883 

  0x0000729cd4a6ba34: ;   {runtime_call SharedRuntime::dtrace_method_entry(JavaThread*, Method*)}
  0x0000729cd4a6ba34: ec08 e895 | 3ef5 1248 | 83c4 08e9 | 0500 0000 

  0x0000729cd4a6ba44: ;   {runtime_call SharedRuntime::dtrace_method_entry(JavaThread*, Method*)}
  0x0000729cd4a6ba44: e887 3ef5 | 1259 5a5e | 498d bfb8 | 0300 0041 | c787 4404 | 0000 0400 

  0x0000729cd4a6ba5c: ;   {runtime_call Java_org_bytedeco_javacpp_BytePointer_put__JB}
  0x0000729cd4a6ba5c: 0000 48b8 | 50a7 4324 | 9c72 0000 | ffd0 c5f8 | 7741 c787 | 4404 0000 | 0500 0000 | f083 4424 
  0x0000729cd4a6ba7c: c000 493b | af48 0400 | 000f 870e | 0000 0041 | 83bf 4004 | 0000 000f | 8424 0000 | 00c5 f877 
  0x0000729cd4a6ba9c: 4889 45f8 | 498b ff4c | 8be4 4883 | ec00 4883 

  0x0000729cd4a6baac: ;   {runtime_call JavaThread::check_special_condition_for_native_trans(JavaThread*)}
  0x0000729cd4a6baac: e4f0 e87d | 3cac 1249 | 8be4 4d33 | e448 8b45 | f841 c787 | 4404 0000 | 0800 0000 | 4183 bfc0 
  0x0000729cd4a6bacc: 0400 0002 | 0f84 7002 

  0x0000729cd4a6bad4: ;   {external_word}
  0x0000729cd4a6bad4: 0000 803d | 5865 6a13 | 000f 8436 | 0000 0048 

  0x0000729cd4a6bae4: ;   {metadata({method} {0x0000729c67446230} 'put' '(JB)Lorg/bytedeco/javacpp/BytePointer;' in 'org/bytedeco/javacpp/BytePointer')}
  0x0000729cd4a6bae4: 8945 f848 | be30 6244 | 679c 7200 | 0049 8bff | 40f6 c40f | 0f84 1200 | 0000 4883 

  0x0000729cd4a6bb00: ;   {runtime_call SharedRuntime::dtrace_method_exit(JavaThread*, Method*)}
  0x0000729cd4a6bb00: ec08 e8d9 | 3df5 1248 | 83c4 08e9 | 0500 0000 

  0x0000729cd4a6bb10: ;   {runtime_call SharedRuntime::dtrace_method_exit(JavaThread*, Method*)}
  0x0000729cd4a6bb10: e8cb 3df5 | 1248 8b45 | f849 c787 | 9803 0000 | 0000 0000 | 49c7 87a0 | 0300 0000 | 0000 00c5 
  0x0000729cd4a6bb30: f877 4885 | c00f 84e8 | 0100 00a8 | 030f 8508 | 0000 0048 | 8b00 e9d8 | 0100 00a8 | 010f 8509 
  0x0000729cd4a6bb50: 0000 0048 | 8b40 fee9 | c701 0000 | 488b 40ff | 4180 7f40 | 000f 84b8 | 0100 0048 | 83f8 000f 
  0x0000729cd4a6bb70: 84ae 0100 | 0049 8b4f | 2848 83f9 | 000f 8414 | 0000 0048 | 83e9 0849 | 894f 2849 | 034f 3848 
  0x0000729cd4a6bb90: 8901 e98c | 0100 0048 | 81ec d000 | 0000 4889 | 0424 4889 | 4c24 0848 | 8954 2410 | 4889 7424 
  0x0000729cd4a6bbb0: 1848 897c | 2420 4c89 | 4424 284c | 894c 2430 | 4c89 5424 | 384c 895c | 2440 c5fb | 1144 2450 
  0x0000729cd4a6bbd0: c5fb 114c | 2458 c5fb | 1154 2460 | c5fb 115c | 2468 c5fb | 1164 2470 | c5fb 116c | 2478 c5fb 
  0x0000729cd4a6bbf0: 11b4 2480 | 0000 00c5 | fb11 bc24 | 8800 0000 | c57b 1184 | 2490 0000 | 00c5 7b11 

  0x0000729cd4a6bc0c: ;   {no_reloc}
  0x0000729cd4a6bc0c: 8c24 9800 | 0000 c57b | 1194 24a0 | 0000 00c5 | 7b11 9c24 | a800 0000 | c57b 11a4 | 24b0 0000 
  0x0000729cd4a6bc2c: 00c5 7b11 | ac24 b800 | 0000 c57b | 11b4 24c0 | 0000 00c5 | 7b11 bc24 | c800 0000 | 498b f748 
  0x0000729cd4a6bc4c: 8bf8 40f6 | c40f 0f84 | 1200 0000 | 4883 ec08 

  0x0000729cd4a6bc5c: ;   {runtime_call G1BarrierSetRuntime::write_ref_field_pre_entry(oopDesc*, JavaThread*)}
  0x0000729cd4a6bc5c: e8df 6495 | 1248 83c4 | 08e9 0500 

  0x0000729cd4a6bc68: ;   {runtime_call G1BarrierSetRuntime::write_ref_field_pre_entry(oopDesc*, JavaThread*)}
  0x0000729cd4a6bc68: 0000 e8d1 | 6495 12c5 | 7b10 bc24 | c800 0000 | c57b 10b4 | 24c0 0000 | 00c5 7b10 | ac24 b800 
  0x0000729cd4a6bc88: 0000 c57b | 10a4 24b0 | 0000 00c5 | 7b10 9c24 | a800 0000 | c57b 1094 | 24a0 0000 | 00c5 7b10 
  0x0000729cd4a6bca8: 8c24 9800 | 0000 c57b | 1084 2490 | 0000 00c5 | fb10 bc24 | 8800 0000 | c5fb 10b4 | 2480 0000 
  0x0000729cd4a6bcc8: 00c5 fb10 | 6c24 78c5 | fb10 6424 | 70c5 fb10 | 5c24 68c5 | fb10 5424 | 60c5 fb10 | 4c24 58c5 
  0x0000729cd4a6bce8: fb10 4424 | 504c 8b5c | 2440 4c8b | 5424 384c | 8b4c 2430 | 4c8b 4424 | 2848 8b7c | 2420 488b 
  0x0000729cd4a6bd08: 7424 1848 | 8b54 2410 | 488b 4c24 | 0848 8b04 | 2448 81c4 | d000 0000 | c5f8 7749 | 8b8f 2804 
  0x0000729cd4a6bd28: 0000 c781 | 0001 0000 | 0000 0000 | c949 837f | 0800 0f85 | 0100 0000 

  0x0000729cd4a6bd40: ;   {runtime_call StubRoutines (initial stubs)}
  0x0000729cd4a6bd40: c3e9 ba3e | 7fff c5f8 | 7748 8945 | f84c 8be4 | 4883 ec00 | 4883 e4f0 

  0x0000729cd4a6bd58: ;   {runtime_call SharedRuntime::reguard_yellow_pages()}
  0x0000729cd4a6bd58: e853 4af5 | 1249 8be4 | 4d33 e448 | 8b45 f8e9 | 6afd ffff 
[Stub Code]
  0x0000729cd4a6bd6c: f4f4 f4f4 
[/MachCode]


Compiled method (c2) 8645 1166 %     4       core.convoulter.Convoluter::MakeConvolution @ 89 (220 bytes)
 total in heap  [0x0000729cd4a6c890,0x0000729cd4a6d818] = 3976
 relocation     [0x0000729cd4a6c9e8,0x0000729cd4a6caa8] = 192
 constants      [0x0000729cd4a6cac0,0x0000729cd4a6cae0] = 32
 main code      [0x0000729cd4a6cae0,0x0000729cd4a6d150] = 1648
 stub code      [0x0000729cd4a6d150,0x0000729cd4a6d1c0] = 112
 oops           [0x0000729cd4a6d1c0,0x0000729cd4a6d1c8] = 8
 metadata       [0x0000729cd4a6d1c8,0x0000729cd4a6d230] = 104
 scopes data    [0x0000729cd4a6d230,0x0000729cd4a6d5b0] = 896
 scopes pcs     [0x0000729cd4a6d5b0,0x0000729cd4a6d740] = 400
 dependencies   [0x0000729cd4a6d740,0x0000729cd4a6d768] = 40
 handler table  [0x0000729cd4a6d768,0x0000729cd4a6d7f8] = 144
 nul chk table  [0x0000729cd4a6d7f8,0x0000729cd4a6d818] = 32


[Constant Pool]
             Address          hex4                    hex8      
  0x0000729cd4a6cac0:   0x00000000      0x405fc00000000000      
  0x0000729cd4a6cac4:   0x405fc000                              
  0x0000729cd4a6cac8:   0x00000000      0xc060000000000000      
  0x0000729cd4a6cacc:   0xc0600000                              
  0x0000729cd4a6cad0:   0xf4f4f4f4      0xf4f4f4f4f4f4f4f4      
  0x0000729cd4a6cad4:   0xf4f4f4f4                              
  0x0000729cd4a6cad8:   0xf4f4f4f4      0xf4f4f4f4f4f4f4f4      
  0x0000729cd4a6cadc:   0xf4f4f4f4                              

[MachCode]
[Verified Entry Point]
  # {method} {0x0000729c674032c0} 'MakeConvolution' '(Lcore/convoulter/Filter;)V' in 'core/convoulter/Convoluter'
  0x0000729cd4a6cae0: ;   {no_reloc}
  0x0000729cd4a6cae0: e87b 32ea | 1266 6666 | 0f1f 8400 | 0000 0000 | 8984 2400 | c0fe ff55 | 4883 ec60 | 4181 7f20 
  0x0000729cd4a6cb00: 0100 0000 | 0f85 3706 | 0000 488b | 9e90 0000 | 0048 8b6e | 7044 8b5e | 1044 895c | 243c 448b 
  0x0000729cd4a6cb20: 9680 0000 | 0044 8954 | 2408 448b | 5e78 4489 | 5c24 0cc5 | fb10 4660 | c5fb 1144 | 2418 c5fb 
  0x0000729cd4a6cb40: 1046 50c5 | fb11 4424 | 2044 8b56 | 4844 8954 | 2428 448b | 5e40 4489 | 5c24 2c44 | 8b56 3844 
  0x0000729cd4a6cb60: 8954 2430 | 448b 5e30 | 4489 5c24 | 34c5 fb10 | 4620 c5fb | 1104 2444 | 8b56 1844 | 8954 2438 
  0x0000729cd4a6cb80: 488b fe49 | bae0 229c | e79c 7200 | 0041 ffd2 

  0x0000729cd4a6cb90: ;   {other}
  0x0000729cd4a6cb90: 0f1f 8400 | 0000 0000 | 4885 db0f | 8459 0400 | 0044 8b53 

  0x0000729cd4a6cba4: ;   {metadata('core/convoulter/Convoluter')}
  0x0000729cd4a6cba4: 0841 81fa | 700c 0001 | 0f85 7204 | 0000 4c8b | d34c 8bc5 | 4885 ed0f | 8441 0400 | 0044 8b5d 
  0x0000729cd4a6cbc4: ;   {metadata({type array int}[])}
  0x0000729cd4a6cbc4: 0841 81fb | c82a 0000 | 0f85 5504 | 0000 4c89 | 4424 484c | 8954 2410 | 448b 5c24 | 0c41 c1eb 
  0x0000729cd4a6cbe4: 1f44 035c | 240c 448b | 5424 0841 | c1ea 1f44 | 0354 2408 | 41d1 fb44 | 895c 2440 | 41d1 fa44 
  0x0000729cd4a6cc04: 8954 2444 | eb2f 4d8b | 9f50 0400 | 0044 8b4c | 243c 41ff | c149 c1e2 | 0343 0faf | 4482 10c5 
  0x0000729cd4a6cc24: fb2a c0c5 

  0x0000729cd4a6cc28: ; ImmutableOopMap {[16]=Oop [72]=Oop }
                      ;*goto {reexecute=1 rethrow=0 return_oop=0}
                      ; - (reexecute) core.convoulter.Convoluter::MakeConvolution@161 (line 46)
  0x0000729cd4a6cc28: fb58 0424 

  0x0000729cd4a6cc2c: ;   {poll}
  0x0000729cd4a6cc2c: 4185 03c5 | fb11 0424 | 4489 4c24 | 3c44 8b5c | 243c 443b | 5c24 0c0f | 8c61 0100 | 004d 8b97 
  0x0000729cd4a6cc4c: 5004 0000 | 448b 4424 | 3841 ffc0 | 4489 4424 

  0x0000729cd4a6cc5c: ; ImmutableOopMap {[16]=Oop [72]=Oop }
                      ;*goto {reexecute=1 rethrow=0 return_oop=0}
                      ; - (reexecute) core.convoulter.Convoluter::MakeConvolution@167 (line 45)
                      ;   {poll}
  0x0000729cd4a6cc5c: 3841 8502 | 443b 4424 | 080f 8c32 | 0100 004c | 8b5c 2410 | 4d85 db0f | 845f 0300 | 0048 8b2c 
  0x0000729cd4a6cc7c: 2448 8944 | 24f8 8b44 | 2434 8904 | 2448 8b44 | 24f8 458b | 530c 4585 | d20f 8415 | 0300 004c 
  0x0000729cd4a6cc9c: 895c 2410 | 4b8d 34d4 | 8b54 2430 

  0x0000729cd4a6cca8: ;   {optimized virtual_call}
  0x0000729cd4a6cca8: 8b0c 24e8 

  0x0000729cd4a6ccac: ; ImmutableOopMap {[16]=Oop [72]=Oop }
                      ;*invokevirtual ptr {reexecute=0 rethrow=0 return_oop=1}
                      ; - core.convoulter.Convoluter::MakeConvolution@178 (line 56)
  0x0000729cd4a6ccac: 90e3 ffff 

  0x0000729cd4a6ccb0: ;   {other}
  0x0000729cd4a6ccb0: 0f1f 8400 | 2004 0002 | c4e1 f96e | c5c5 fb59 | 4424 20c5 | fb58 4424 

  0x0000729cd4a6ccc8: ;   {section_word}
  0x0000729cd4a6ccc8: 18c5 fb10 | 25ef fdff | ffc4 e379 | 4bd4 00c4 | e359 4bd8 | 00c5 eb5d | cbc5 e9c2 | da03 c4e3 
  0x0000729cd4a6cce8: 714b c230 

  0x0000729cd4a6ccec: ;   {section_word}
  0x0000729cd4a6ccec: c5fb 1025 | d4fd ffff | c4e3 594b | d840 c4e3 | 794b d440 | c5eb 5fcb | c5e9 c2da | 03c4 e371 
  0x0000729cd4a6cd0c: 4bc2 30c5 | 7b2c d841 | 81fb 0000 | 0080 0f84 | 0c04 0000 | 410f becb | 4885 c00f | 8497 0200 
  0x0000729cd4a6cd2c: 0048 8bf0 

  0x0000729cd4a6cd30: ;   {optimized virtual_call}
  0x0000729cd4a6cd30: 33d2 90e8 

  0x0000729cd4a6cd34: ; ImmutableOopMap {[16]=Oop [72]=Oop }
                      ;*invokevirtual put {reexecute=0 rethrow=0 return_oop=1}
                      ; - org.bytedeco.javacpp.BytePointer::put@3 (line 256)
                      ; - core.convoulter.Convoluter::MakeConvolution@203 (line 56)
  0x0000729cd4a6cd34: 88ec ffff 

  0x0000729cd4a6cd38: ;   {other}
  0x0000729cd4a6cd38: 0f1f 8400 | a804 0003 | 4d8b 9750 | 0400 0044 | 8b04 2441 

  0x0000729cd4a6cd4c: ; ImmutableOopMap {[16]=Oop [72]=Oop }
                      ;*goto {reexecute=1 rethrow=0 return_oop=0}
                      ; - (reexecute) core.convoulter.Convoluter::MakeConvolution@210 (line 43)
                      ;   {poll}
  0x0000729cd4a6cd4c: ffc0 4185 | 0244 3b44 | 242c 0f8d | 6401 0000 | 448b 4c24 | 2c44 8b54 | 2408 4585 | d27f 1c44 
  0x0000729cd4a6cd6c: 8904 24c5 | f957 c044 | 894c 242c | 4c8b 5c24 | 10c4 e1f9 | 7ec5 e907 | ffff ffc5 | f957 c033 
  0x0000729cd4a6cd8c: c944 894c | 242c 4489 | 4424 3489 | 4c24 38eb | 05c5 fb10 | 0424 4533 | c9e9 85fe | ffff 8b44 
  0x0000729cd4a6cdac: 2430 2b44 | 2440 0344 | 243c 0344 | 2428 448b | 5c24 2845 | 85db 0f84 | 7101 0000 | 448b 5c24 
  0x0000729cd4a6cdcc: 3444 2b5c | 2444 4403 | 5c24 3844 | 035c 242c | 448b 5424 | 2c45 85d2 | 0f84 6601 | 0000 4c8b 
  0x0000729cd4a6cdec: 5424 1045 | 8b4a 0c44 | 8b44 2428 | 3d00 0000 | 8075 0833 | d241 83f8 | ff74 0499 | 41f7 f88b 
  0x0000729cd4a6ce0c: ca41 8bc3 | 448b 5424 | 2c3d 0000 | 0080 7508 | 33d2 4183 | faff 7404 | 9941 f7fa | 4585 c90f 
  0x0000729cd4a6ce2c: 8437 0100 | 004b 8d34 

  0x0000729cd4a6ce34: ;   {optimized virtual_call}
  0x0000729cd4a6ce34: cc66 90e8 

  0x0000729cd4a6ce38: ; ImmutableOopMap {[16]=Oop [72]=Oop }
                      ;*invokevirtual ptr {reexecute=0 rethrow=0 return_oop=1}
                      ; - core.convoulter.Convoluter::MakeConvolution@139 (line 49)
  0x0000729cd4a6ce38: 04e2 ffff 

  0x0000729cd4a6ce3c: ;   {other}
  0x0000729cd4a6ce3c: 0f1f 8400 | ac05 0005 | 4885 c00f | 8433 0100 | 0048 8bf0 

  0x0000729cd4a6ce50: ;   {optimized virtual_call}
  0x0000729cd4a6ce50: 33d2 90e8 

  0x0000729cd4a6ce54: ; ImmutableOopMap {[16]=Oop [72]=Oop }
                      ;*invokevirtual get {reexecute=0 rethrow=0 return_oop=0}
                      ; - org.bytedeco.javacpp.BytePointer::get@2 (line 252)
                      ; - core.convoulter.Convoluter::MakeConvolution@142 (line 49)
  0x0000729cd4a6ce54: 68e7 ffff 

  0x0000729cd4a6ce58: ;   {other}
  0x0000729cd4a6ce58: 0f1f 8400 | c805 0006 | 4c8b 5424 | 4845 8b52 | 0c44 8b5c | 2438 453b | da0f 831d | 0100 004c 
  0x0000729cd4a6ce78: 8b54 2448 | 478b 549a | 1047 8b5c | d40c 448b | 4424 3c45 | 3bc3 0f82 | 76fd ffff | bee4 ffff 
  0x0000729cd4a6ce98: ff48 8b6c | 2410 48ff | 7424 4848 | 8f44 2410 | 8944 2440 | 4489 5424 

  0x0000729cd4a6ceb0: ;   {runtime_call UncommonTrapBlob}
  0x0000729cd4a6ceb0: 4466 90e8 

  0x0000729cd4a6ceb4: ; ImmutableOopMap {rbp=Oop [16]=Oop [68]=NarrowOop }
                      ;*iaload {reexecute=0 rethrow=0 return_oop=0}
                      ; - core.convoulter.Convoluter::MakeConvolution@152 (line 49)
  0x0000729cd4a6ceb4: 4860 84ff 

  0x0000729cd4a6ceb8: ;   {other}
  0x0000729cd4a6ceb8: 0f1f 8400 | 2806 0007 | 448b 5c24 | 3041 ffc3 | 443b 5c24 

  0x0000729cd4a6cecc: ;   {oop(a 'java/lang/Class'{0x00000007ffe81448} = 'java/lang/System')}
  0x0000729cd4a6cecc: 287d 5749 | ba48 14e8 | ff07 0000 | 0041 8b6a | 7485 ed0f | 842a 0100 | 0044 895c | 2430 418b 
  0x0000729cd4a6ceec: ;   {static_call}
  0x0000729cd4a6ceec: f366 90e8 

  0x0000729cd4a6cef0: ; ImmutableOopMap {rbp=NarrowOop [16]=Oop [72]=Oop }
                      ;*invokestatic toString {reexecute=0 rethrow=0 return_oop=1}
                      ; - java.lang.String::valueOf@1 (line 4572)
                      ; - java.io.PrintStream::println@11 (line 1078)
                      ; - core.convoulter.Convoluter::MakeConvolution@61 (line 42)
  0x0000729cd4a6cef0: 6cae 59f8 

  0x0000729cd4a6cef4: ;   {other}
  0x0000729cd4a6cef4: 0f1f 8400 | 6406 0008 | 498d 34ec 

  0x0000729cd4a6cf00: ;   {optimized virtual_call}
  0x0000729cd4a6cf00: 488b d0e8 

  0x0000729cd4a6cf04: ; ImmutableOopMap {[16]=Oop [72]=Oop }
                      ;*invokevirtual writeln {reexecute=0 rethrow=0 return_oop=0}
                      ; - java.io.PrintStream::println@14 (line 1078)
                      ; - core.convoulter.Convoluter::MakeConvolution@61 (line 42)
  0x0000729cd4a6cf04: 1878 59f8 

  0x0000729cd4a6cf08: ;   {other}
  0x0000729cd4a6cf08: 0f1f 8400 | 7806 0009 | 448b 4c24 | 2c45 85c9 | 0f8e d200 | 0000 4533 | c0e9 3bfe | ffff 4883 
  0x0000729cd4a6cf28: ;   {poll_return}
  0x0000729cd4a6cf28: c460 5d49 | 3ba7 4804 | 0000 0f87 | de01 0000 | c3be 86ff | ffff 8be8 

  0x0000729cd4a6cf40: ;   {runtime_call UncommonTrapBlob}
  0x0000729cd4a6cf40: 6666 90e8 

  0x0000729cd4a6cf44: ; ImmutableOopMap {}
                      ;*irem {reexecute=0 rethrow=0 return_oop=0}
                      ; - core.convoulter.Convoluter::MakeConvolution@109 (line 47)
  0x0000729cd4a6cf44: b85f 84ff 

  0x0000729cd4a6cf48: ;   {other}
  0x0000729cd4a6cf48: 0f1f 8400 | b806 000a | be86 ffff | ff41 8beb 

  0x0000729cd4a6cf58: ;   {runtime_call UncommonTrapBlob}
  0x0000729cd4a6cf58: 6666 90e8 

  0x0000729cd4a6cf5c: ; ImmutableOopMap {}
                      ;*irem {reexecute=0 rethrow=0 return_oop=0}
                      ; - core.convoulter.Convoluter::MakeConvolution@126 (line 48)
  0x0000729cd4a6cf5c: a05f 84ff 

  0x0000729cd4a6cf60: ;   {other}
  0x0000729cd4a6cf60: 0f1f 8400 | d006 000b | bef6 ffff | ff8b ea89 

  0x0000729cd4a6cf70: ;   {runtime_call UncommonTrapBlob}
  0x0000729cd4a6cf70: 0c24 90e8 

  0x0000729cd4a6cf74: ; ImmutableOopMap {}
                      ;*invokevirtual ptr {reexecute=0 rethrow=0 return_oop=0}
                      ; - core.convoulter.Convoluter::MakeConvolution@139 (line 49)
  0x0000729cd4a6cf74: 885f 84ff 

  0x0000729cd4a6cf78: ;   {other}
  0x0000729cd4a6cf78: 0f1f 8400 | e806 000c | bef6 ffff 

  0x0000729cd4a6cf84: ;   {runtime_call UncommonTrapBlob}
  0x0000729cd4a6cf84: ff66 90e8 

  0x0000729cd4a6cf88: ; ImmutableOopMap {}
                      ;*invokevirtual get {reexecute=0 rethrow=0 return_oop=0}
                      ; - core.convoulter.Convoluter::MakeConvolution@142 (line 49)
  0x0000729cd4a6cf88: 745f 84ff 

  0x0000729cd4a6cf8c: ;   {other}
  0x0000729cd4a6cf8c: 0f1f 8400 | fc06 000d | bee4 ffff | ff48 8b6c | 2410 8944 

  0x0000729cd4a6cfa0: ;   {runtime_call UncommonTrapBlob}
  0x0000729cd4a6cfa0: 2440 90e8 

  0x0000729cd4a6cfa4: ; ImmutableOopMap {rbp=Oop [72]=Oop }
                      ;*aaload {reexecute=0 rethrow=0 return_oop=0}
                      ; - core.convoulter.Convoluter::MakeConvolution@149 (line 49)
  0x0000729cd4a6cfa4: 585f 84ff 

  0x0000729cd4a6cfa8: ;   {other}
  0x0000729cd4a6cfa8: 0f1f 8400 | 1807 000e | bef6 ffff 

  0x0000729cd4a6cfb4: ;   {runtime_call UncommonTrapBlob}
  0x0000729cd4a6cfb4: ff66 90e8 

  0x0000729cd4a6cfb8: ; ImmutableOopMap {}
                      ;*invokevirtual ptr {reexecute=0 rethrow=0 return_oop=0}
                      ; - core.convoulter.Convoluter::MakeConvolution@178 (line 56)
  0x0000729cd4a6cfb8: 445f 84ff 

  0x0000729cd4a6cfbc: ;   {other}
  0x0000729cd4a6cfbc: 0f1f 8400 | 2c07 000f | bef6 ffff 

  0x0000729cd4a6cfc8: ;   {runtime_call UncommonTrapBlob}
  0x0000729cd4a6cfc8: ff8b e9e8 

  0x0000729cd4a6cfcc: ; ImmutableOopMap {}
                      ;*invokevirtual put {reexecute=0 rethrow=0 return_oop=0}
                      ; - core.convoulter.Convoluter::MakeConvolution@203 (line 56)
  0x0000729cd4a6cfcc: 305f 84ff 

  0x0000729cd4a6cfd0: ;   {other}
  0x0000729cd4a6cfd0: 0f1f 8400 | 4007 0010 | be76 ffff | ff48 8b6c 

  0x0000729cd4a6cfe0: ;   {runtime_call UncommonTrapBlob}
  0x0000729cd4a6cfe0: 2410 90e8 

  0x0000729cd4a6cfe4: ; ImmutableOopMap {rbp=Oop [72]=Oop }
                      ;*if_icmpge {reexecute=1 rethrow=0 return_oop=0}
                      ; - (reexecute) core.convoulter.Convoluter::MakeConvolution@83 (line 45)
  0x0000729cd4a6cfe4: 185f 84ff 

  0x0000729cd4a6cfe8: ;   {other}
  0x0000729cd4a6cfe8: 0f1f 8400 | 5807 0011 | 448b 5c24 | 30e9 cbfe | ffff 4533 | d2e9 b3fb | ffff 4533 | db4c 895c 
  0x0000729cd4a6d008: 2448 e9c8 | fbff ffbe | f6ff ffff 

  0x0000729cd4a6d014: ;   {runtime_call UncommonTrapBlob}
  0x0000729cd4a6d014: 418b ebe8 

  0x0000729cd4a6d018: ; ImmutableOopMap {}
                      ;*invokevirtual println {reexecute=0 rethrow=0 return_oop=0}
                      ; - core.convoulter.Convoluter::MakeConvolution@61 (line 42)
  0x0000729cd4a6d018: e45e 84ff 

  0x0000729cd4a6d01c: ;   {other}
  0x0000729cd4a6d01c: 0f1f 8400 | 8c07 0012 | 4c8b c5be | 8dff ffff | 8b6c 2408 | 4889 4424 | f88b 4424 | 0c89 4424 
  0x0000729cd4a6d03c: 0848 8b44 | 24f8 4c89 | 4424 1048 | 8944 24f8 | 8b44 2428 | 8944 240c | 488b 4424 | f848 8944 
  0x0000729cd4a6d05c: 24f8 8b44 | 242c 8944 | 2428 488b | 4424 f848 | 8944 24f8 | 8b44 2430 | 8944 242c | 488b 4424 
  0x0000729cd4a6d07c: f848 8944 | 24f8 8b44 | 2434 8944 | 2430 488b | 4424 f848 | 8944 24f8 | 8b44 2438 | 8944 2434 
  0x0000729cd4a6d09c: 488b 4424 | f848 895c 

  0x0000729cd4a6d0a4: ;   {runtime_call UncommonTrapBlob}
  0x0000729cd4a6d0a4: 2440 90e8 

  0x0000729cd4a6d0a8: ; ImmutableOopMap {[16]=Oop [64]=Oop }
                      ;*iload {reexecute=0 rethrow=0 return_oop=0}
                      ; - core.convoulter.Convoluter::MakeConvolution@89 (line 46)
  0x0000729cd4a6d0a8: 545e 84ff 

  0x0000729cd4a6d0ac: ;   {other}
  0x0000729cd4a6d0ac: 0f1f 8400 | 1c08 0013 | bef6 ffff 

  0x0000729cd4a6d0b8: ;   {runtime_call UncommonTrapBlob}
  0x0000729cd4a6d0b8: ff66 90e8 

  0x0000729cd4a6d0bc: ; ImmutableOopMap {}
                      ;*getfield Image {reexecute=1 rethrow=0 return_oop=0}
                      ; - (reexecute) core.convoulter.Convoluter::MakeConvolution@132 (line 49)
  0x0000729cd4a6d0bc: 405e 84ff 

  0x0000729cd4a6d0c0: ;   {other}
  0x0000729cd4a6d0c0: 0f1f 8400 | 3008 0014 | bef6 ffff 

  0x0000729cd4a6d0cc: ;   {runtime_call UncommonTrapBlob}
  0x0000729cd4a6d0cc: ff66 90e8 

  0x0000729cd4a6d0d0: ; ImmutableOopMap {}
                      ;*aaload {reexecute=0 rethrow=0 return_oop=0}
                      ; - core.convoulter.Convoluter::MakeConvolution@149 (line 49)
  0x0000729cd4a6d0d0: 2c5e 84ff 

  0x0000729cd4a6d0d4: ;   {other}
  0x0000729cd4a6d0d4: 0f1f 8400 | 4408 0015 | bef6 ffff 

  0x0000729cd4a6d0e0: ;   {runtime_call UncommonTrapBlob}
  0x0000729cd4a6d0e0: ff66 90e8 

  0x0000729cd4a6d0e4: ; ImmutableOopMap {}
                      ;*iaload {reexecute=0 rethrow=0 return_oop=0}
                      ; - core.convoulter.Convoluter::MakeConvolution@152 (line 49)
  0x0000729cd4a6d0e4: 185e 84ff 

  0x0000729cd4a6d0e8: ;   {other}
  0x0000729cd4a6d0e8: 0f1f 8400 | 5808 0016 | 488b f0eb | 1748 8bf0 | eb12 488b | f0eb 0d48 | 8bf0 eb08 | 488b f0eb 
  0x0000729cd4a6d108: 0348 8bf0 | 4883 c460 

  0x0000729cd4a6d110: ;   {runtime_call _rethrow_Java}
  0x0000729cd4a6d110: 5de9 ea26 

  0x0000729cd4a6d114: ;   {internal_word}
  0x0000729cd4a6d114: 91ff 49ba | 2bcf a6d4 | 9c72 0000 | 4d89 9760 

  0x0000729cd4a6d124: ;   {runtime_call SafepointBlob}
  0x0000729cd4a6d124: 0400 00e9 | d46e 84ff | 4883 ec08 | c5fb 1104 

  0x0000729cd4a6d134: ;   {runtime_call StubRoutines (initial stubs)}
  0x0000729cd4a6d134: 24e8 ae2c | 7fff 415b | e9df fbff 

  0x0000729cd4a6d140: ;   {runtime_call StubRoutines (final stubs)}
  0x0000729cd4a6d140: ffe8 5a63 | 82ff e9bf | f9ff fff4 | f4f4 f4f4 
[Stub Code]
  0x0000729cd4a6d150: ;   {no_reloc}
  0x0000729cd4a6d150: 48bb 0000 | 0000 0000 

  0x0000729cd4a6d158: ;   {runtime_call nmethod}
  0x0000729cd4a6d158: 0000 e9fb 

  0x0000729cd4a6d15c: ;   {static_stub}
  0x0000729cd4a6d15c: ffff ff48 | bb00 0000 | 0000 0000 

  0x0000729cd4a6d168: ;   {runtime_call nmethod}
  0x0000729cd4a6d168: 00e9 fbff 

  0x0000729cd4a6d16c: ;   {static_stub}
  0x0000729cd4a6d16c: ffff 48bb | 0000 0000 | 0000 0000 

  0x0000729cd4a6d178: ;   {runtime_call nmethod}
  0x0000729cd4a6d178: e9fb ffff 

  0x0000729cd4a6d17c: ;   {static_stub}
  0x0000729cd4a6d17c: ff48 bb00 | 0000 0000 

  0x0000729cd4a6d184: ;   {runtime_call nmethod}
  0x0000729cd4a6d184: 0000 00e9 | fbff ffff 

  0x0000729cd4a6d18c: ;   {static_stub}
  0x0000729cd4a6d18c: 48bb b070 | 4e6b 9c72 

  0x0000729cd4a6d194: ;   {runtime_call I2C/C2I adapters}
  0x0000729cd4a6d194: 0000 e94c 

  0x0000729cd4a6d198: ;   {static_stub}
  0x0000729cd4a6d198: 5984 ff48 | bba8 3c49 | 6b9c 7200 

  0x0000729cd4a6d1a4: ;   {runtime_call I2C/C2I adapters}
  0x0000729cd4a6d1a4: 00e9 3850 

  0x0000729cd4a6d1a8: ;   {runtime_call ExceptionBlob}
  0x0000729cd4a6d1a8: 84ff e951 | a390 ffe8 | 0000 0000 | 4883 2c24 

  0x0000729cd4a6d1b8: ;   {runtime_call DeoptimizationBlob}
  0x0000729cd4a6d1b8: 05e9 e260 | 84ff f4f4 
[/MachCode]


---------------  P R O C E S S  ---------------

Threads class SMR info:
_java_thread_list=0x0000729c400660f0, length=14, elements={
0x0000729ce002cf30, 0x0000729ce0184720, 0x0000729ce0185c80, 0x0000729ce0187410,
0x0000729ce0188a40, 0x0000729ce0189fd0, 0x0000729ce018bb80, 0x0000729ce018d230,
0x0000729ce019ac60, 0x0000729ce019dcc0, 0x0000729ce03fc250, 0x0000729c400640a0,
0x0000729c40064970, 0x0000729c400655b0
}

Java Threads: ( => current thread )
=>0x0000729ce002cf30 JavaThread "main"                              [_thread_in_native, id=70894, stack(0x0000729ce6a08000,0x0000729ce6b08000) (1024K)]
  0x0000729ce0184720 JavaThread "Reference Handler"          daemon [_thread_blocked, id=70908, stack(0x0000729cc8300000,0x0000729cc8400000) (1024K)]
  0x0000729ce0185c80 JavaThread "Finalizer"                  daemon [_thread_blocked, id=70909, stack(0x0000729cc81ff000,0x0000729cc82ff000) (1024K)]
  0x0000729ce0187410 JavaThread "Signal Dispatcher"          daemon [_thread_blocked, id=70910, stack(0x0000729cc80fe000,0x0000729cc81fe000) (1024K)]
  0x0000729ce0188a40 JavaThread "Service Thread"             daemon [_thread_blocked, id=70911, stack(0x0000729cb9f00000,0x0000729cba000000) (1024K)]
  0x0000729ce0189fd0 JavaThread "Monitor Deflation Thread"   daemon [_thread_blocked, id=70912, stack(0x0000729cb9dff000,0x0000729cb9eff000) (1024K)]
  0x0000729ce018bb80 JavaThread "C2 CompilerThread0"         daemon [_thread_blocked, id=70913, stack(0x0000729cb9cfe000,0x0000729cb9dfe000) (1024K)]
  0x0000729ce018d230 JavaThread "C1 CompilerThread0"         daemon [_thread_blocked, id=70914, stack(0x0000729cb9bfd000,0x0000729cb9cfd000) (1024K)]
  0x0000729ce019ac60 JavaThread "Notification Thread"        daemon [_thread_blocked, id=70915, stack(0x0000729cb9afc000,0x0000729cb9bfc000) (1024K)]
  0x0000729ce019dcc0 JavaThread "Common-Cleaner"             daemon [_thread_blocked, id=70916, stack(0x0000729cb99fb000,0x0000729cb9afb000) (1024K)]
  0x0000729ce03fc250 JavaThread "JavaCPP Deallocator"        daemon [_thread_blocked, id=70929, stack(0x0000729cb94f6000,0x0000729cb95f6000) (1024K)]
  0x0000729c400640a0 JavaThread "C1 CompilerThread1"         daemon [_thread_blocked, id=71021, stack(0x0000729cb96f8000,0x0000729cb97f8000) (1024K)]
  0x0000729c40064970 JavaThread "C1 CompilerThread2"         daemon [_thread_blocked, id=71022, stack(0x0000729cb95f7000,0x0000729cb96f7000) (1024K)]
  0x0000729c400655b0 JavaThread "C1 CompilerThread3"         daemon [_thread_blocked, id=71023, stack(0x0000729c641fe000,0x0000729c642fe000) (1024K)]
Total: 14

Other Threads:
  0x0000729ce0179d80 VMThread "VM Thread"                           [id=70907, stack(0x0000729cc875e000,0x0000729cc885e000) (1024K)]
  0x0000729ce0167a70 WatcherThread "VM Periodic Task Thread"        [id=70905, stack(0x0000729cc885f000,0x0000729cc895f000) (1024K)]
  0x0000729ce0094d20 WorkerThread "GC Thread#0"                     [id=70896, stack(0x0000729ce4a2e000,0x0000729ce4b2e000) (1024K)]
  0x0000729c60008970 WorkerThread "GC Thread#1"                     [id=70968, stack(0x0000729cb8d00000,0x0000729cb8e00000) (1024K)]
  0x0000729c600094a0 WorkerThread "GC Thread#2"                     [id=70969, stack(0x0000729cb8900000,0x0000729cb8a00000) (1024K)]
  0x0000729c60009fd0 WorkerThread "GC Thread#3"                     [id=70970, stack(0x0000729cb8100000,0x0000729cb8200000) (1024K)]
  0x0000729c6000ab00 WorkerThread "GC Thread#4"                     [id=70971, stack(0x0000729c642ff000,0x0000729c643ff000) (1024K)]
  0x0000729ce00a5750 ConcurrentGCThread "G1 Main Marker"            [id=70897, stack(0x0000729ce492d000,0x0000729ce4a2d000) (1024K)]
  0x0000729ce00a66f0 WorkerThread "G1 Conc#0"                       [id=70898, stack(0x0000729ce482c000,0x0000729ce492c000) (1024K)]
  0x0000729ce014d480 ConcurrentGCThread "G1 Refine#0"               [id=70903, stack(0x0000729cc8bfc000,0x0000729cc8cfc000) (1024K)]
  0x0000729ce014e430 ConcurrentGCThread "G1 Service"                [id=70904, stack(0x0000729cc8afb000,0x0000729cc8bfb000) (1024K)]
Total: 11

Threads with active compile tasks:
Total: 0

VM state: not at safepoint (normal execution)

VM Mutex/Monitor currently owned by a thread: None

Heap address: 0x000000070c000000, size: 3904 MB, Compressed Oops mode: Zero based, Oop shift amount: 3

CDS archive(s) mapped at: [0x0000729c6b000000-0x0000729c6bd2e000-0x0000729c6bd2e000), size 13819904, SharedBaseAddress: 0x0000729c6b000000, ArchiveRelocationMode: 1.
Compressed class space mapped at: 0x0000729c6c000000-0x0000729cac000000, reserved size: 1073741824
Narrow klass base: 0x0000729c6b000000, Narrow klass shift: 0, Narrow klass range: 0x100000000

GC Precious Log:
 CardTable entry size: 512
 Card Set container configuration: InlinePtr #cards 4 size 8 Array Of Cards #cards 16 size 48 Howl #buckets 8 coarsen threshold 3686 Howl Bitmap #cards 512 size 80 coarsen threshold 460 Card regions per heap region 1 cards per card region 4096
 CPUs: 16 total, 16 available
 Memory: 15609M
 Large Page Support: Disabled
 NUMA Support: Disabled
 Compressed Oops: Enabled (Zero based)
 Heap Region Size: 2M
 Heap Min Capacity: 8M
 Heap Initial Capacity: 244M
 Heap Max Capacity: 3904M
 Pre-touch: Disabled
 Parallel Workers: 13
 Concurrent Workers: 3
 Concurrent Refinement Workers: 13
 Periodic GC: Disabled

Heap:
 garbage-first heap   total 251904K, used 8825K [0x000000070c000000, 0x0000000800000000)
  region size 2048K, 5 young (10240K), 2 survivors (4096K)
 Metaspace       used 9028K, committed 9152K, reserved 1114112K
  class space    used 438K, committed 512K, reserved 1048576K

Heap Regions: E=young(eden), S=young(survivor), O=old, HS=humongous(starts), HC=humongous(continues), CS=collection set, F=free, TAMS=top-at-mark-start, PB=parsable bottom
|   0|0x000000070c000000, 0x000000070c000000, 0x000000070c200000|  0%| F|  |TAMS 0x000000070c000000| PB 0x000000070c000000| Untracked 
|   1|0x000000070c200000, 0x000000070c200000, 0x000000070c400000|  0%| F|  |TAMS 0x000000070c200000| PB 0x000000070c200000| Untracked 
|   2|0x000000070c400000, 0x000000070c400000, 0x000000070c600000|  0%| F|  |TAMS 0x000000070c400000| PB 0x000000070c400000| Untracked 
|   3|0x000000070c600000, 0x000000070c600000, 0x000000070c800000|  0%| F|  |TAMS 0x000000070c600000| PB 0x000000070c600000| Untracked 
|   4|0x000000070c800000, 0x000000070c800000, 0x000000070ca00000|  0%| F|  |TAMS 0x000000070c800000| PB 0x000000070c800000| Untracked 
|   5|0x000000070ca00000, 0x000000070ca00000, 0x000000070cc00000|  0%| F|  |TAMS 0x000000070ca00000| PB 0x000000070ca00000| Untracked 
|   6|0x000000070cc00000, 0x000000070cc00000, 0x000000070ce00000|  0%| F|  |TAMS 0x000000070cc00000| PB 0x000000070cc00000| Untracked 
|   7|0x000000070ce00000, 0x000000070ce00000, 0x000000070d000000|  0%| F|  |TAMS 0x000000070ce00000| PB 0x000000070ce00000| Untracked 
|   8|0x000000070d000000, 0x000000070d000000, 0x000000070d200000|  0%| F|  |TAMS 0x000000070d000000| PB 0x000000070d000000| Untracked 
|   9|0x000000070d200000, 0x000000070d200000, 0x000000070d400000|  0%| F|  |TAMS 0x000000070d200000| PB 0x000000070d200000| Untracked 
|  10|0x000000070d400000, 0x000000070d400000, 0x000000070d600000|  0%| F|  |TAMS 0x000000070d400000| PB 0x000000070d400000| Untracked 
|  11|0x000000070d600000, 0x000000070d600000, 0x000000070d800000|  0%| F|  |TAMS 0x000000070d600000| PB 0x000000070d600000| Untracked 
|  12|0x000000070d800000, 0x000000070d800000, 0x000000070da00000|  0%| F|  |TAMS 0x000000070d800000| PB 0x000000070d800000| Untracked 
|  13|0x000000070da00000, 0x000000070da00000, 0x000000070dc00000|  0%| F|  |TAMS 0x000000070da00000| PB 0x000000070da00000| Untracked 
|  14|0x000000070dc00000, 0x000000070dc00000, 0x000000070de00000|  0%| F|  |TAMS 0x000000070dc00000| PB 0x000000070dc00000| Untracked 
|  15|0x000000070de00000, 0x000000070de00000, 0x000000070e000000|  0%| F|  |TAMS 0x000000070de00000| PB 0x000000070de00000| Untracked 
|  16|0x000000070e000000, 0x000000070e000000, 0x000000070e200000|  0%| F|  |TAMS 0x000000070e000000| PB 0x000000070e000000| Untracked 
|  17|0x000000070e200000, 0x000000070e200000, 0x000000070e400000|  0%| F|  |TAMS 0x000000070e200000| PB 0x000000070e200000| Untracked 
|  18|0x000000070e400000, 0x000000070e400000, 0x000000070e600000|  0%| F|  |TAMS 0x000000070e400000| PB 0x000000070e400000| Untracked 
|  19|0x000000070e600000, 0x000000070e600000, 0x000000070e800000|  0%| F|  |TAMS 0x000000070e600000| PB 0x000000070e600000| Untracked 
|  20|0x000000070e800000, 0x000000070e800000, 0x000000070ea00000|  0%| F|  |TAMS 0x000000070e800000| PB 0x000000070e800000| Untracked 
|  21|0x000000070ea00000, 0x000000070ea00000, 0x000000070ec00000|  0%| F|  |TAMS 0x000000070ea00000| PB 0x000000070ea00000| Untracked 
|  22|0x000000070ec00000, 0x000000070ec00000, 0x000000070ee00000|  0%| F|  |TAMS 0x000000070ec00000| PB 0x000000070ec00000| Untracked 
|  23|0x000000070ee00000, 0x000000070ee00000, 0x000000070f000000|  0%| F|  |TAMS 0x000000070ee00000| PB 0x000000070ee00000| Untracked 
|  24|0x000000070f000000, 0x000000070f000000, 0x000000070f200000|  0%| F|  |TAMS 0x000000070f000000| PB 0x000000070f000000| Untracked 
|  25|0x000000070f200000, 0x000000070f200000, 0x000000070f400000|  0%| F|  |TAMS 0x000000070f200000| PB 0x000000070f200000| Untracked 
|  26|0x000000070f400000, 0x000000070f400000, 0x000000070f600000|  0%| F|  |TAMS 0x000000070f400000| PB 0x000000070f400000| Untracked 
|  27|0x000000070f600000, 0x000000070f600000, 0x000000070f800000|  0%| F|  |TAMS 0x000000070f600000| PB 0x000000070f600000| Untracked 
|  28|0x000000070f800000, 0x000000070f800000, 0x000000070fa00000|  0%| F|  |TAMS 0x000000070f800000| PB 0x000000070f800000| Untracked 
|  29|0x000000070fa00000, 0x000000070fa00000, 0x000000070fc00000|  0%| F|  |TAMS 0x000000070fa00000| PB 0x000000070fa00000| Untracked 
|  30|0x000000070fc00000, 0x000000070fc00000, 0x000000070fe00000|  0%| F|  |TAMS 0x000000070fc00000| PB 0x000000070fc00000| Untracked 
|  31|0x000000070fe00000, 0x000000070fe00000, 0x0000000710000000|  0%| F|  |TAMS 0x000000070fe00000| PB 0x000000070fe00000| Untracked 
|  32|0x0000000710000000, 0x0000000710000000, 0x0000000710200000|  0%| F|  |TAMS 0x0000000710000000| PB 0x0000000710000000| Untracked 
|  33|0x0000000710200000, 0x0000000710200000, 0x0000000710400000|  0%| F|  |TAMS 0x0000000710200000| PB 0x0000000710200000| Untracked 
|  34|0x0000000710400000, 0x0000000710400000, 0x0000000710600000|  0%| F|  |TAMS 0x0000000710400000| PB 0x0000000710400000| Untracked 
|  35|0x0000000710600000, 0x0000000710600000, 0x0000000710800000|  0%| F|  |TAMS 0x0000000710600000| PB 0x0000000710600000| Untracked 
|  36|0x0000000710800000, 0x0000000710800000, 0x0000000710a00000|  0%| F|  |TAMS 0x0000000710800000| PB 0x0000000710800000| Untracked 
|  37|0x0000000710a00000, 0x0000000710a00000, 0x0000000710c00000|  0%| F|  |TAMS 0x0000000710a00000| PB 0x0000000710a00000| Untracked 
|  38|0x0000000710c00000, 0x0000000710c00000, 0x0000000710e00000|  0%| F|  |TAMS 0x0000000710c00000| PB 0x0000000710c00000| Untracked 
|  39|0x0000000710e00000, 0x0000000710e00000, 0x0000000711000000|  0%| F|  |TAMS 0x0000000710e00000| PB 0x0000000710e00000| Untracked 
|  40|0x0000000711000000, 0x0000000711000000, 0x0000000711200000|  0%| F|  |TAMS 0x0000000711000000| PB 0x0000000711000000| Untracked 
|  41|0x0000000711200000, 0x0000000711200000, 0x0000000711400000|  0%| F|  |TAMS 0x0000000711200000| PB 0x0000000711200000| Untracked 
|  42|0x0000000711400000, 0x0000000711400000, 0x0000000711600000|  0%| F|  |TAMS 0x0000000711400000| PB 0x0000000711400000| Untracked 
|  43|0x0000000711600000, 0x0000000711600000, 0x0000000711800000|  0%| F|  |TAMS 0x0000000711600000| PB 0x0000000711600000| Untracked 
|  44|0x0000000711800000, 0x0000000711800000, 0x0000000711a00000|  0%| F|  |TAMS 0x0000000711800000| PB 0x0000000711800000| Untracked 
|  45|0x0000000711a00000, 0x0000000711a00000, 0x0000000711c00000|  0%| F|  |TAMS 0x0000000711a00000| PB 0x0000000711a00000| Untracked 
|  46|0x0000000711c00000, 0x0000000711c00000, 0x0000000711e00000|  0%| F|  |TAMS 0x0000000711c00000| PB 0x0000000711c00000| Untracked 
|  47|0x0000000711e00000, 0x0000000711f92b88, 0x0000000712000000| 78%| S|CS|TAMS 0x0000000711e00000| PB 0x0000000711e00000| Complete 
|  48|0x0000000712000000, 0x0000000712200000, 0x0000000712200000|100%| S|CS|TAMS 0x0000000712000000| PB 0x0000000712000000| Complete 
|  49|0x0000000712200000, 0x0000000712200000, 0x0000000712400000|  0%| F|  |TAMS 0x0000000712200000| PB 0x0000000712200000| Untracked 
|  50|0x0000000712400000, 0x0000000712400000, 0x0000000712600000|  0%| F|  |TAMS 0x0000000712400000| PB 0x0000000712400000| Untracked 
|  51|0x0000000712600000, 0x0000000712600000, 0x0000000712800000|  0%| F|  |TAMS 0x0000000712600000| PB 0x0000000712600000| Untracked 
|  52|0x0000000712800000, 0x0000000712800000, 0x0000000712a00000|  0%| F|  |TAMS 0x0000000712800000| PB 0x0000000712800000| Untracked 
|  53|0x0000000712a00000, 0x0000000712a00000, 0x0000000712c00000|  0%| F|  |TAMS 0x0000000712a00000| PB 0x0000000712a00000| Untracked 
|  54|0x0000000712c00000, 0x0000000712c00000, 0x0000000712e00000|  0%| F|  |TAMS 0x0000000712c00000| PB 0x0000000712c00000| Untracked 
|  55|0x0000000712e00000, 0x0000000712e00000, 0x0000000713000000|  0%| F|  |TAMS 0x0000000712e00000| PB 0x0000000712e00000| Untracked 
|  56|0x0000000713000000, 0x0000000713000000, 0x0000000713200000|  0%| F|  |TAMS 0x0000000713000000| PB 0x0000000713000000| Untracked 
|  57|0x0000000713200000, 0x0000000713200000, 0x0000000713400000|  0%| F|  |TAMS 0x0000000713200000| PB 0x0000000713200000| Untracked 
|  58|0x0000000713400000, 0x0000000713400000, 0x0000000713600000|  0%| F|  |TAMS 0x0000000713400000| PB 0x0000000713400000| Untracked 
|  59|0x0000000713600000, 0x0000000713600000, 0x0000000713800000|  0%| F|  |TAMS 0x0000000713600000| PB 0x0000000713600000| Untracked 
|  60|0x0000000713800000, 0x0000000713800000, 0x0000000713a00000|  0%| F|  |TAMS 0x0000000713800000| PB 0x0000000713800000| Untracked 
|  61|0x0000000713a00000, 0x0000000713a00000, 0x0000000713c00000|  0%| F|  |TAMS 0x0000000713a00000| PB 0x0000000713a00000| Untracked 
|  62|0x0000000713c00000, 0x0000000713c00000, 0x0000000713e00000|  0%| F|  |TAMS 0x0000000713c00000| PB 0x0000000713c00000| Untracked 
|  63|0x0000000713e00000, 0x0000000713e00000, 0x0000000714000000|  0%| F|  |TAMS 0x0000000713e00000| PB 0x0000000713e00000| Untracked 
|  64|0x0000000714000000, 0x0000000714000000, 0x0000000714200000|  0%| F|  |TAMS 0x0000000714000000| PB 0x0000000714000000| Untracked 
|  65|0x0000000714200000, 0x0000000714200000, 0x0000000714400000|  0%| F|  |TAMS 0x0000000714200000| PB 0x0000000714200000| Untracked 
|  66|0x0000000714400000, 0x0000000714400000, 0x0000000714600000|  0%| F|  |TAMS 0x0000000714400000| PB 0x0000000714400000| Untracked 
|  67|0x0000000714600000, 0x0000000714600000, 0x0000000714800000|  0%| F|  |TAMS 0x0000000714600000| PB 0x0000000714600000| Untracked 
|  68|0x0000000714800000, 0x0000000714800000, 0x0000000714a00000|  0%| F|  |TAMS 0x0000000714800000| PB 0x0000000714800000| Untracked 
|  69|0x0000000714a00000, 0x0000000714a00000, 0x0000000714c00000|  0%| F|  |TAMS 0x0000000714a00000| PB 0x0000000714a00000| Untracked 
|  70|0x0000000714c00000, 0x0000000714c00000, 0x0000000714e00000|  0%| F|  |TAMS 0x0000000714c00000| PB 0x0000000714c00000| Untracked 
|  71|0x0000000714e00000, 0x0000000714e00000, 0x0000000715000000|  0%| F|  |TAMS 0x0000000714e00000| PB 0x0000000714e00000| Untracked 
|  72|0x0000000715000000, 0x0000000715000000, 0x0000000715200000|  0%| F|  |TAMS 0x0000000715000000| PB 0x0000000715000000| Untracked 
|  73|0x0000000715200000, 0x0000000715200000, 0x0000000715400000|  0%| F|  |TAMS 0x0000000715200000| PB 0x0000000715200000| Untracked 
|  74|0x0000000715400000, 0x0000000715400000, 0x0000000715600000|  0%| F|  |TAMS 0x0000000715400000| PB 0x0000000715400000| Untracked 
|  75|0x0000000715600000, 0x0000000715600000, 0x0000000715800000|  0%| F|  |TAMS 0x0000000715600000| PB 0x0000000715600000| Untracked 
|  76|0x0000000715800000, 0x0000000715800000, 0x0000000715a00000|  0%| F|  |TAMS 0x0000000715800000| PB 0x0000000715800000| Untracked 
|  77|0x0000000715a00000, 0x0000000715a00000, 0x0000000715c00000|  0%| F|  |TAMS 0x0000000715a00000| PB 0x0000000715a00000| Untracked 
|  78|0x0000000715c00000, 0x0000000715c00000, 0x0000000715e00000|  0%| F|  |TAMS 0x0000000715c00000| PB 0x0000000715c00000| Untracked 
|  79|0x0000000715e00000, 0x0000000715e00000, 0x0000000716000000|  0%| F|  |TAMS 0x0000000715e00000| PB 0x0000000715e00000| Untracked 
|  80|0x0000000716000000, 0x0000000716000000, 0x0000000716200000|  0%| F|  |TAMS 0x0000000716000000| PB 0x0000000716000000| Untracked 
|  81|0x0000000716200000, 0x0000000716200000, 0x0000000716400000|  0%| F|  |TAMS 0x0000000716200000| PB 0x0000000716200000| Untracked 
|  82|0x0000000716400000, 0x0000000716400000, 0x0000000716600000|  0%| F|  |TAMS 0x0000000716400000| PB 0x0000000716400000| Untracked 
|  83|0x0000000716600000, 0x0000000716600000, 0x0000000716800000|  0%| F|  |TAMS 0x0000000716600000| PB 0x0000000716600000| Untracked 
|  84|0x0000000716800000, 0x0000000716800000, 0x0000000716a00000|  0%| F|  |TAMS 0x0000000716800000| PB 0x0000000716800000| Untracked 
|  85|0x0000000716a00000, 0x0000000716a00000, 0x0000000716c00000|  0%| F|  |TAMS 0x0000000716a00000| PB 0x0000000716a00000| Untracked 
|  86|0x0000000716c00000, 0x0000000716c00000, 0x0000000716e00000|  0%| F|  |TAMS 0x0000000716c00000| PB 0x0000000716c00000| Untracked 
|  87|0x0000000716e00000, 0x0000000716e00000, 0x0000000717000000|  0%| F|  |TAMS 0x0000000716e00000| PB 0x0000000716e00000| Untracked 
|  88|0x0000000717000000, 0x0000000717000000, 0x0000000717200000|  0%| F|  |TAMS 0x0000000717000000| PB 0x0000000717000000| Untracked 
|  89|0x0000000717200000, 0x0000000717200000, 0x0000000717400000|  0%| F|  |TAMS 0x0000000717200000| PB 0x0000000717200000| Untracked 
|  90|0x0000000717400000, 0x0000000717400000, 0x0000000717600000|  0%| F|  |TAMS 0x0000000717400000| PB 0x0000000717400000| Untracked 
|  91|0x0000000717600000, 0x0000000717600000, 0x0000000717800000|  0%| F|  |TAMS 0x0000000717600000| PB 0x0000000717600000| Untracked 
|  92|0x0000000717800000, 0x0000000717800000, 0x0000000717a00000|  0%| F|  |TAMS 0x0000000717800000| PB 0x0000000717800000| Untracked 
|  93|0x0000000717a00000, 0x0000000717a00000, 0x0000000717c00000|  0%| F|  |TAMS 0x0000000717a00000| PB 0x0000000717a00000| Untracked 
|  94|0x0000000717c00000, 0x0000000717c00000, 0x0000000717e00000|  0%| F|  |TAMS 0x0000000717c00000| PB 0x0000000717c00000| Untracked 
|  95|0x0000000717e00000, 0x0000000717e00000, 0x0000000718000000|  0%| F|  |TAMS 0x0000000717e00000| PB 0x0000000717e00000| Untracked 
|  96|0x0000000718000000, 0x0000000718000000, 0x0000000718200000|  0%| F|  |TAMS 0x0000000718000000| PB 0x0000000718000000| Untracked 
|  97|0x0000000718200000, 0x0000000718200000, 0x0000000718400000|  0%| F|  |TAMS 0x0000000718200000| PB 0x0000000718200000| Untracked 
|  98|0x0000000718400000, 0x0000000718400000, 0x0000000718600000|  0%| F|  |TAMS 0x0000000718400000| PB 0x0000000718400000| Untracked 
|  99|0x0000000718600000, 0x0000000718600000, 0x0000000718800000|  0%| F|  |TAMS 0x0000000718600000| PB 0x0000000718600000| Untracked 
| 100|0x0000000718800000, 0x0000000718800000, 0x0000000718a00000|  0%| F|  |TAMS 0x0000000718800000| PB 0x0000000718800000| Untracked 
| 101|0x0000000718a00000, 0x0000000718a00000, 0x0000000718c00000|  0%| F|  |TAMS 0x0000000718a00000| PB 0x0000000718a00000| Untracked 
| 102|0x0000000718c00000, 0x0000000718c00000, 0x0000000718e00000|  0%| F|  |TAMS 0x0000000718c00000| PB 0x0000000718c00000| Untracked 
| 103|0x0000000718e00000, 0x0000000718e00000, 0x0000000719000000|  0%| F|  |TAMS 0x0000000718e00000| PB 0x0000000718e00000| Untracked 
| 104|0x0000000719000000, 0x0000000719000000, 0x0000000719200000|  0%| F|  |TAMS 0x0000000719000000| PB 0x0000000719000000| Untracked 
| 105|0x0000000719200000, 0x0000000719200000, 0x0000000719400000|  0%| F|  |TAMS 0x0000000719200000| PB 0x0000000719200000| Untracked 
| 106|0x0000000719400000, 0x0000000719400000, 0x0000000719600000|  0%| F|  |TAMS 0x0000000719400000| PB 0x0000000719400000| Untracked 
| 107|0x0000000719600000, 0x0000000719600000, 0x0000000719800000|  0%| F|  |TAMS 0x0000000719600000| PB 0x0000000719600000| Untracked 
| 108|0x0000000719800000, 0x0000000719800000, 0x0000000719a00000|  0%| F|  |TAMS 0x0000000719800000| PB 0x0000000719800000| Untracked 
| 109|0x0000000719a00000, 0x0000000719a00000, 0x0000000719c00000|  0%| F|  |TAMS 0x0000000719a00000| PB 0x0000000719a00000| Untracked 
| 110|0x0000000719c00000, 0x0000000719c00000, 0x0000000719e00000|  0%| F|  |TAMS 0x0000000719c00000| PB 0x0000000719c00000| Untracked 
| 111|0x0000000719e00000, 0x0000000719e00000, 0x000000071a000000|  0%| F|  |TAMS 0x0000000719e00000| PB 0x0000000719e00000| Untracked 
| 112|0x000000071a000000, 0x000000071a000000, 0x000000071a200000|  0%| F|  |TAMS 0x000000071a000000| PB 0x000000071a000000| Untracked 
| 113|0x000000071a200000, 0x000000071a200000, 0x000000071a400000|  0%| F|  |TAMS 0x000000071a200000| PB 0x000000071a200000| Untracked 
| 114|0x000000071a400000, 0x000000071a400000, 0x000000071a600000|  0%| F|  |TAMS 0x000000071a400000| PB 0x000000071a400000| Untracked 
| 115|0x000000071a600000, 0x000000071a600000, 0x000000071a800000|  0%| F|  |TAMS 0x000000071a600000| PB 0x000000071a600000| Untracked 
| 116|0x000000071a800000, 0x000000071a800000, 0x000000071aa00000|  0%| F|  |TAMS 0x000000071a800000| PB 0x000000071a800000| Untracked 
| 117|0x000000071aa00000, 0x000000071aa00000, 0x000000071ac00000|  0%| F|  |TAMS 0x000000071aa00000| PB 0x000000071aa00000| Untracked 
| 118|0x000000071ac00000, 0x000000071ac00000, 0x000000071ae00000|  0%| F|  |TAMS 0x000000071ac00000| PB 0x000000071ac00000| Untracked 
| 119|0x000000071ae00000, 0x000000071af00000, 0x000000071b000000| 50%| E|  |TAMS 0x000000071ae00000| PB 0x000000071ae00000| Complete 
| 120|0x000000071b000000, 0x000000071b200000, 0x000000071b200000|100%| E|CS|TAMS 0x000000071b000000| PB 0x000000071b000000| Complete 
| 121|0x000000071b200000, 0x000000071b400000, 0x000000071b400000|100%| E|CS|TAMS 0x000000071b200000| PB 0x000000071b200000| Complete 
|1951|0x00000007ffe00000, 0x00000007fff0bb78, 0x0000000800000000| 52%| O|  |TAMS 0x00000007ffe00000| PB 0x00000007ffe00000| Untracked 

Card table byte_map: [0x0000729ce4be9000,0x0000729ce5389000] _byte_map_base: 0x0000729ce1389000

Marking Bits: (CMBitMap*) 0x0000729ce0095840
 Bits: [0x0000729cc9100000, 0x0000729ccce00000)

Polling page: 0x0000729ce83e6000

Metaspace:

Usage:
  Non-class:      8,39 MB used.
      Class:    438,26 KB used.
       Both:      8,82 MB used.

Virtual space:
  Non-class space:       64,00 MB reserved,       8,44 MB ( 13%) committed,  1 nodes.
      Class space:        1,00 GB reserved,     512,00 KB ( <1%) committed,  1 nodes.
             Both:        1,06 GB reserved,       8,94 MB ( <1%) committed. 

Chunk freelists:
   Non-Class:  5,25 MB
       Class:  15,43 MB
        Both:  20,68 MB

MaxMetaspaceSize: unlimited
CompressedClassSpaceSize: 1,00 GB
Initial GC threshold: 21,00 MB
Current GC threshold: 21,00 MB
CDS: on
 - commit_granule_bytes: 65536.
 - commit_granule_words: 8192.
 - virtual_space_node_default_size: 8388608.
 - enlarge_chunks_in_place: 1.
 - use_allocation_guard: 0.


Internal statistics:

num_allocs_failed_limit: 0.
num_arena_births: 42.
num_arena_deaths: 0.
num_vsnodes_births: 2.
num_vsnodes_deaths: 0.
num_space_committed: 141.
num_space_uncommitted: 0.
num_chunks_returned_to_freelist: 0.
num_chunks_taken_from_freelist: 279.
num_chunk_merges: 0.
num_chunk_splits: 249.
num_chunks_enlarged: 232.
num_inconsistent_stats: 0.

CodeHeap 'non-profiled nmethods': size=119168Kb used=829Kb max_used=829Kb free=118338Kb
 bounds [0x0000729cd49a0000, 0x0000729cd4c10000, 0x0000729cdbe00000]
CodeHeap 'profiled nmethods': size=119164Kb used=2146Kb max_used=2146Kb free=117018Kb
 bounds [0x0000729ccce00000, 0x0000729ccd070000, 0x0000729cd425f000]
CodeHeap 'non-nmethods': size=7428Kb used=3729Kb max_used=3743Kb free=3698Kb
 bounds [0x0000729cd425f000, 0x0000729cd461f000, 0x0000729cd49a0000]
 total_blobs=2255 nmethods=1256 adapters=902
 compilation: enabled
              stopped_count=0, restarted_count=0
 full_count=0

Compilation events (20 events):
Event: 7,751 Thread 0x0000729c40064970 nmethod 1236 0x0000729ccd011690 code [0x0000729ccd0119e0, 0x0000729ccd012e40]
Event: 7,751 Thread 0x0000729c40064970 1249   !   3       java.io.FileOutputStream::write (47 bytes)
Event: 7,751 Thread 0x0000729c400655b0 nmethod 1248 0x0000729ccd013590 code [0x0000729ccd013740, 0x0000729ccd013a30]
Event: 7,751 Thread 0x0000729c400655b0 1250       3       java.io.FileDescriptor$1::getAppend (5 bytes)
Event: 7,751 Thread 0x0000729c40064970 nmethod 1249 0x0000729ccd013b90 code [0x0000729ccd013d60, 0x0000729ccd014030]
Event: 7,751 Thread 0x0000729c40064970 1251       3       java.nio.ByteBuffer::clear (7 bytes)
Event: 7,751 Thread 0x0000729c400655b0 nmethod 1250 0x0000729ccd014210 code [0x0000729ccd0143a0, 0x0000729ccd0144b0]
Event: 7,751 Thread 0x0000729ce018d230 nmethod 1246 0x0000729ccd014590 code [0x0000729ccd014840, 0x0000729ccd015578]
Event: 7,752 Thread 0x0000729c400640a0 nmethod 1247 0x0000729ccd015a10 code [0x0000729ccd015c20, 0x0000729ccd0162c8]
Event: 7,752 Thread 0x0000729ce018d230 1252   !   3       sun.nio.cs.StreamEncoder::flushBuffer (63 bytes)
Event: 7,752 Thread 0x0000729c40064970 nmethod 1251 0x0000729ccd016510 code [0x0000729ccd0166a0, 0x0000729ccd016818]
Event: 7,752 Thread 0x0000729ce018d230 nmethod 1252 0x0000729ccd016910 code [0x0000729ccd016c60, 0x0000729ccd0180a8]
Event: 7,854 Thread 0x0000729ce018bb80 1253       4       java.util.concurrent.locks.ReentrantLock$Sync::tryRelease (51 bytes)
Event: 7,855 Thread 0x0000729ce018bb80 nmethod 1253 0x0000729cd4a6e890 code [0x0000729cd4a6ea20, 0x0000729cd4a6eba8]
Event: 7,870 Thread 0x0000729ce018bb80 1254       4       java.util.concurrent.locks.ReentrantLock$NonfairSync::initialTryLock (58 bytes)
Event: 7,871 Thread 0x0000729ce018bb80 nmethod 1254 0x0000729cd4a6ec90 code [0x0000729cd4a6ee20, 0x0000729cd4a6f000]
Event: 7,897 Thread 0x0000729ce018bb80 1255       4       java.util.concurrent.locks.AbstractQueuedSynchronizer::signalNext (34 bytes)
Event: 7,897 Thread 0x0000729ce018bb80 nmethod 1255 0x0000729cd4a6f110 code [0x0000729cd4a6f2a0, 0x0000729cd4a6f388]
Event: 8,016 Thread 0x0000729ce018bb80 1256       4       java.io.OutputStream::flush (1 bytes)
Event: 8,016 Thread 0x0000729ce018bb80 nmethod 1256 0x0000729cd4a6f490 code [0x0000729cd4a6f600, 0x0000729cd4a6f688]

GC Heap History (18 events):
Event: 1,213 GC heap before
{Heap before GC invocations=0 (full 0):
 garbage-first heap   total 251904K, used 27694K [0x000000070c000000, 0x0000000800000000)
  region size 2048K, 11 young (22528K), 0 survivors (0K)
 Metaspace       used 6549K, committed 6720K, reserved 1114112K
  class space    used 179K, committed 256K, reserved 1048576K
}
Event: 1,217 GC heap after
{Heap after GC invocations=1 (full 0):
 garbage-first heap   total 251904K, used 4372K [0x000000070c000000, 0x0000000800000000)
  region size 2048K, 2 young (4096K), 2 survivors (4096K)
 Metaspace       used 6549K, committed 6720K, reserved 1114112K
  class space    used 179K, committed 256K, reserved 1048576K
}
Event: 1,348 GC heap before
{Heap before GC invocations=1 (full 0):
 garbage-first heap   total 251904K, used 61716K [0x000000070c000000, 0x0000000800000000)
  region size 2048K, 30 young (61440K), 2 survivors (4096K)
 Metaspace       used 6566K, committed 6720K, reserved 1114112K
  class space    used 179K, committed 256K, reserved 1048576K
}
Event: 1,350 GC heap after
{Heap after GC invocations=2 (full 0):
 garbage-first heap   total 251904K, used 4467K [0x000000070c000000, 0x0000000800000000)
  region size 2048K, 2 young (4096K), 2 survivors (4096K)
 Metaspace       used 6566K, committed 6720K, reserved 1114112K
  class space    used 179K, committed 256K, reserved 1048576K
}
Event: 7,553 GC heap before
{Heap before GC invocations=2 (full 0):
 garbage-first heap   total 251904K, used 149875K [0x000000070c000000, 0x0000000800000000)
  region size 2048K, 73 young (149504K), 2 survivors (4096K)
 Metaspace       used 8989K, committed 9152K, reserved 1114112K
  class space    used 438K, committed 512K, reserved 1048576K
}
Event: 7,555 GC heap after
{Heap after GC invocations=3 (full 0):
 garbage-first heap   total 251904K, used 4755K [0x000000070c000000, 0x0000000800000000)
  region size 2048K, 2 young (4096K), 2 survivors (4096K)
 Metaspace       used 8989K, committed 9152K, reserved 1114112K
  class space    used 438K, committed 512K, reserved 1048576K
}
Event: 7,733 GC heap before
{Heap before GC invocations=3 (full 0):
 garbage-first heap   total 251904K, used 150163K [0x000000070c000000, 0x0000000800000000)
  region size 2048K, 73 young (149504K), 2 survivors (4096K)
 Metaspace       used 9006K, committed 9152K, reserved 1114112K
  class space    used 438K, committed 512K, reserved 1048576K
}
Event: 7,734 GC heap after
{Heap after GC invocations=4 (full 0):
 garbage-first heap   total 251904K, used 4757K [0x000000070c000000, 0x0000000800000000)
  region size 2048K, 2 young (4096K), 2 survivors (4096K)
 Metaspace       used 9006K, committed 9152K, reserved 1114112K
  class space    used 438K, committed 512K, reserved 1048576K
}
Event: 7,913 GC heap before
{Heap before GC invocations=4 (full 0):
 garbage-first heap   total 251904K, used 150165K [0x000000070c000000, 0x0000000800000000)
  region size 2048K, 73 young (149504K), 2 survivors (4096K)
 Metaspace       used 9028K, committed 9152K, reserved 1114112K
  class space    used 438K, committed 512K, reserved 1048576K
}
Event: 7,914 GC heap after
{Heap after GC invocations=5 (full 0):
 garbage-first heap   total 251904K, used 4671K [0x000000070c000000, 0x0000000800000000)
  region size 2048K, 2 young (4096K), 2 survivors (4096K)
 Metaspace       used 9028K, committed 9152K, reserved 1114112K
  class space    used 438K, committed 512K, reserved 1048576K
}
Event: 8,090 GC heap before
{Heap before GC invocations=5 (full 0):
 garbage-first heap   total 251904K, used 150079K [0x000000070c000000, 0x0000000800000000)
  region size 2048K, 73 young (149504K), 2 survivors (4096K)
 Metaspace       used 9028K, committed 9152K, reserved 1114112K
  class space    used 438K, committed 512K, reserved 1048576K
}
Event: 8,091 GC heap after
{Heap after GC invocations=6 (full 0):
 garbage-first heap   total 251904K, used 4915K [0x000000070c000000, 0x0000000800000000)
  region size 2048K, 2 young (4096K), 2 survivors (4096K)
 Metaspace       used 9028K, committed 9152K, reserved 1114112K
  class space    used 438K, committed 512K, reserved 1048576K
}
Event: 8,273 GC heap before
{Heap before GC invocations=6 (full 0):
 garbage-first heap   total 251904K, used 150323K [0x000000070c000000, 0x0000000800000000)
  region size 2048K, 73 young (149504K), 2 survivors (4096K)
 Metaspace       used 9028K, committed 9152K, reserved 1114112K
  class space    used 438K, committed 512K, reserved 1048576K
}
Event: 8,274 GC heap after
{Heap after GC invocations=7 (full 0):
 garbage-first heap   total 251904K, used 4899K [0x000000070c000000, 0x0000000800000000)
  region size 2048K, 2 young (4096K), 2 survivors (4096K)
 Metaspace       used 9028K, committed 9152K, reserved 1114112K
  class space    used 438K, committed 512K, reserved 1048576K
}
Event: 8,438 GC heap before
{Heap before GC invocations=7 (full 0):
 garbage-first heap   total 251904K, used 150307K [0x000000070c000000, 0x0000000800000000)
  region size 2048K, 73 young (149504K), 2 survivors (4096K)
 Metaspace       used 9028K, committed 9152K, reserved 1114112K
  class space    used 438K, committed 512K, reserved 1048576K
}
Event: 8,439 GC heap after
{Heap after GC invocations=8 (full 0):
 garbage-first heap   total 251904K, used 4722K [0x000000070c000000, 0x0000000800000000)
  region size 2048K, 2 young (4096K), 2 survivors (4096K)
 Metaspace       used 9028K, committed 9152K, reserved 1114112K
  class space    used 438K, committed 512K, reserved 1048576K
}
Event: 8,627 GC heap before
{Heap before GC invocations=8 (full 0):
 garbage-first heap   total 251904K, used 150130K [0x000000070c000000, 0x0000000800000000)
  region size 2048K, 73 young (149504K), 2 survivors (4096K)
 Metaspace       used 9028K, committed 9152K, reserved 1114112K
  class space    used 438K, committed 512K, reserved 1048576K
}
Event: 8,628 GC heap after
{Heap after GC invocations=9 (full 0):
 garbage-first heap   total 251904K, used 4729K [0x000000070c000000, 0x0000000800000000)
  region size 2048K, 2 young (4096K), 2 survivors (4096K)
 Metaspace       used 9028K, committed 9152K, reserved 1114112K
  class space    used 438K, committed 512K, reserved 1048576K
}

Dll operation events (20 events):
Event: 0,001 Loaded shared library /home/aleksei/App/ideaIC-2025.1.2/idea-IC-251.26094.121/jbr/lib/libjava.so
Event: 0,014 Loaded shared library /home/aleksei/App/ideaIC-2025.1.2/idea-IC-251.26094.121/jbr/lib/libzip.so
Event: 0,029 Loaded shared library /home/aleksei/App/ideaIC-2025.1.2/idea-IC-251.26094.121/jbr/lib/libnio.so
Event: 0,029 Loaded shared library /home/aleksei/App/ideaIC-2025.1.2/idea-IC-251.26094.121/jbr/lib/libjimage.so
Event: 0,031 Loaded shared library /home/aleksei/App/ideaIC-2025.1.2/idea-IC-251.26094.121/jbr/lib/libzip.so
Event: 1,075 Loaded shared library /home/aleksei/.javacpp/cache/javacpp-1.5.5-linux-x86_64.jar/org/bytedeco/javacpp/linux-x86_64/libjnijavacpp.so
Event: 1,092 Loaded shared library /home/aleksei/.javacpp/cache/openblas-0.3.13-1.5.5-linux-x86_64.jar/org/bytedeco/openblas/linux-x86_64/libgcc_s.so.1
Event: 1,095 Loaded shared library /home/aleksei/.javacpp/cache/openblas-0.3.13-1.5.5-linux-x86_64.jar/org/bytedeco/openblas/linux-x86_64/libquadmath.so.0
Event: 1,099 Loaded shared library /usr/lib/libgfortran.so.5.0.0
Event: 1,102 Loaded shared library /home/aleksei/.javacpp/cache/openblas-0.3.13-1.5.5-linux-x86_64.jar/org/bytedeco/openblas/linux-x86_64/libgfortran.so.4
Event: 1,110 Loaded shared library /home/aleksei/.javacpp/cache/openblas-0.3.13-1.5.5-linux-x86_64.jar/org/bytedeco/openblas/linux-x86_64/libopenblas_nolapack.so.0
Event: 1,117 Loaded shared library /home/aleksei/.javacpp/cache/openblas-0.3.13-1.5.5-linux-x86_64.jar/org/bytedeco/openblas/linux-x86_64/libjniopenblas_nolapack.so
Event: 1,158 Loaded shared library /home/aleksei/.javacpp/cache/openblas-0.3.13-1.5.5-linux-x86_64.jar/org/bytedeco/openblas/linux-x86_64/libopenblas.so.0
Event: 1,164 Loaded shared library /home/aleksei/.javacpp/cache/openblas-0.3.13-1.5.5-linux-x86_64.jar/org/bytedeco/openblas/linux-x86_64/libjniopenblas.so
Event: 1,392 Loaded shared library /home/aleksei/.javacpp/cache/opencv-4.5.1-1.5.5-linux-x86_64.jar/org/bytedeco/opencv/linux-x86_64/libopencv_core.so.4.5
Event: 1,403 Loaded shared library /home/aleksei/.javacpp/cache/opencv-4.5.1-1.5.5-linux-x86_64.jar/org/bytedeco/opencv/linux-x86_64/libopencv_imgproc.so.4.5
Event: 1,411 Loaded shared library /home/aleksei/.javacpp/cache/opencv-4.5.1-1.5.5-linux-x86_64.jar/org/bytedeco/opencv/linux-x86_64/libjniopencv_core.so
Event: 1,444 Loaded shared library /home/aleksei/.javacpp/cache/opencv-4.5.1-1.5.5-linux-x86_64.jar/org/bytedeco/opencv/linux-x86_64/libjniopencv_imgproc.so
Event: 1,448 Loaded shared library /home/aleksei/.javacpp/cache/opencv-4.5.1-1.5.5-linux-x86_64.jar/org/bytedeco/opencv/linux-x86_64/libopencv_imgcodecs.so.4.5
Event: 1,449 Loaded shared library /home/aleksei/.javacpp/cache/opencv-4.5.1-1.5.5-linux-x86_64.jar/org/bytedeco/opencv/linux-x86_64/libjniopencv_imgcodecs.so

Deoptimization events (20 events):
Event: 1,281 Thread 0x0000729ce002cf30 Uncommon trap: trap_request=0xffffffde fr.pc=0x0000729cd4a068c4 relative=0x0000000000000124
Event: 1,281 Thread 0x0000729ce002cf30 Uncommon trap: reason=class_check action=maybe_recompile pc=0x0000729cd4a068c4 method=jdk.internal.misc.Unsafe.allocateUninitializedArray(Ljava/lang/Class;I)Ljava/lang/Object; @ 51 c2
Event: 1,281 Thread 0x0000729ce002cf30 DEOPT PACKING pc=0x0000729cd4a068c4 sp=0x0000729ce6b04c80
Event: 1,281 Thread 0x0000729ce002cf30 DEOPT UNPACKING pc=0x0000729cd42b2f99 sp=0x0000729ce6b04c18 mode 2
Event: 1,457 Thread 0x0000729ce002cf30 DEOPT PACKING pc=0x0000729cccf39d37 sp=0x0000729ce6b05db0
Event: 1,457 Thread 0x0000729ce002cf30 DEOPT UNPACKING pc=0x0000729cd42b372f sp=0x0000729ce6b052e0 mode 0
Event: 1,460 Thread 0x0000729ce002cf30 Uncommon trap: trap_request=0xffffff45 fr.pc=0x0000729cd49ddcc4 relative=0x00000000000005e4
Event: 1,460 Thread 0x0000729ce002cf30 Uncommon trap: reason=unstable_if action=reinterpret pc=0x0000729cd49ddcc4 method=java.lang.Integer.getChars(II[B)I @ 25 c2
Event: 1,460 Thread 0x0000729ce002cf30 DEOPT PACKING pc=0x0000729cd49ddcc4 sp=0x0000729ce6b066e0
Event: 1,460 Thread 0x0000729ce002cf30 DEOPT UNPACKING pc=0x0000729cd42b2f99 sp=0x0000729ce6b06628 mode 2
Event: 1,460 Thread 0x0000729ce002cf30 Uncommon trap: trap_request=0xffffff45 fr.pc=0x0000729cd49dc13c relative=0x000000000000011c
Event: 1,460 Thread 0x0000729ce002cf30 Uncommon trap: reason=unstable_if action=reinterpret pc=0x0000729cd49dc13c method=java.lang.Integer.getChars(II[B)I @ 25 c2
Event: 1,460 Thread 0x0000729ce002cf30 DEOPT PACKING pc=0x0000729cd49dc13c sp=0x0000729ce6b06680
Event: 1,460 Thread 0x0000729ce002cf30 DEOPT UNPACKING pc=0x0000729cd42b2f99 sp=0x0000729ce6b06628 mode 2
Event: 1,460 Thread 0x0000729ce002cf30 Uncommon trap: trap_request=0xffffff45 fr.pc=0x0000729cd4a271ac relative=0x000000000000168c
Event: 1,460 Thread 0x0000729ce002cf30 Uncommon trap: reason=unstable_if action=reinterpret pc=0x0000729cd4a271ac method=jdk.internal.loader.URLClassPath$FileLoader.getResource(Ljava/lang/String;Z)Ljdk/internal/loader/Resource; @ 128 c2
Event: 1,460 Thread 0x0000729ce002cf30 DEOPT PACKING pc=0x0000729cd4a271ac sp=0x0000729ce6b05e30
Event: 1,460 Thread 0x0000729ce002cf30 DEOPT UNPACKING pc=0x0000729cd42b2f99 sp=0x0000729ce6b05e00 mode 2
Event: 7,432 Thread 0x0000729ce002cf30 DEOPT PACKING pc=0x0000729cccfe92e3 sp=0x0000729ce6b06760
Event: 7,432 Thread 0x0000729ce002cf30 DEOPT UNPACKING pc=0x0000729cd42b372f sp=0x0000729ce6b05d00 mode 0

Classes loaded (20 events):
Event: 1,085 Loading class java/util/ArrayList$ListItr
Event: 1,085 Loading class java/util/ArrayList$ListItr done
Event: 1,090 Loading class jdk/internal/foreign/MemorySessionImpl
Event: 1,091 Loading class java/lang/foreign/MemorySegment$Scope
Event: 1,091 Loading class java/lang/foreign/MemorySegment$Scope done
Event: 1,091 Loading class jdk/internal/foreign/MemorySessionImpl done
Event: 1,102 Loading class java/nio/file/attribute/FileAttribute
Event: 1,102 Loading class java/nio/file/attribute/FileAttribute done
Event: 1,453 Loading class java/nio/ShortBuffer
Event: 1,453 Loading class java/nio/ShortBuffer done
Event: 1,453 Loading class java/nio/FloatBuffer
Event: 1,453 Loading class java/nio/FloatBuffer done
Event: 1,453 Loading class java/nio/DoubleBuffer
Event: 1,453 Loading class java/nio/DoubleBuffer done
Event: 1,454 Loading class java/lang/AssertionError
Event: 1,454 Loading class java/lang/AssertionError done
Event: 1,454 Loading class java/lang/UnsupportedOperationException
Event: 1,454 Loading class java/lang/UnsupportedOperationException done
Event: 1,460 Loading class java/lang/NoSuchFieldError
Event: 1,460 Loading class java/lang/NoSuchFieldError done

Classes unloaded (0 events):
No events

Classes redefined (0 events):
No events

Internal exceptions (6 events):
Event: 1,048 Thread 0x0000729ce002cf30 Exception <a 'java/lang/NoSuchMethodError'{0x000000071afc5c90}: 'int java.lang.invoke.DirectMethodHandle$Holder.invokeStaticInit(java.lang.Object, java.lang.Object, java.lang.Object, java.lang.Object)'> (0x000000071afc5c90) 
thrown [src/hotspot/share/interpreter/linkResolver.cpp, line 783]
Event: 1,048 Thread 0x0000729ce002cf30 Exception <a 'java/lang/NoSuchMethodError'{0x000000071afce7d8}: 'java.lang.Object java.lang.invoke.DirectMethodHandle$Holder.invokeInterface(java.lang.Object, java.lang.Object)'> (0x000000071afce7d8) 
thrown [src/hotspot/share/interpreter/linkResolver.cpp, line 783]
Event: 1,049 Thread 0x0000729ce002cf30 Exception <a 'java/lang/IncompatibleClassChangeError'{0x000000071afd1a70}: Found class java.lang.Object, but interface was expected> (0x000000071afd1a70) 
thrown [src/hotspot/share/interpreter/linkResolver.cpp, line 851]
Event: 1,049 Thread 0x0000729ce002cf30 Exception <a 'java/lang/NoSuchMethodError'{0x000000071afd4950}: 'void java.lang.invoke.DirectMethodHandle$Holder.invokeStatic(java.lang.Object, java.lang.Object)'> (0x000000071afd4950) 
thrown [src/hotspot/share/interpreter/linkResolver.cpp, line 783]
Event: 1,049 Thread 0x0000729ce002cf30 Exception <a 'java/lang/NoSuchMethodError'{0x000000071afd7d60}: 'void java.lang.invoke.DirectMethodHandle$Holder.invokeStaticInit(java.lang.Object, java.lang.Object)'> (0x000000071afd7d60) 
thrown [src/hotspot/share/interpreter/linkResolver.cpp, line 783]
Event: 1,050 Thread 0x0000729ce002cf30 Exception <a 'java/lang/NoSuchMethodError'{0x000000071afdda08}: 'int java.lang.invoke.DirectMethodHandle$Holder.invokeStaticInit(java.lang.Object, java.lang.Object)'> (0x000000071afdda08) 
thrown [src/hotspot/share/interpreter/linkResolver.cpp, line 783]

ZGC Phase Switch (0 events):
No events

VM Operations (20 events):
Event: 1,213 Executing VM operation: G1CollectForAllocation (G1 Evacuation Pause)
Event: 1,217 Executing VM operation: G1CollectForAllocation (G1 Evacuation Pause) done
Event: 1,348 Executing VM operation: G1CollectForAllocation (G1 Evacuation Pause)
Event: 1,350 Executing VM operation: G1CollectForAllocation (G1 Evacuation Pause) done
Event: 2,350 Executing VM operation: Cleanup
Event: 2,350 Executing VM operation: Cleanup done
Event: 7,553 Executing VM operation: G1CollectForAllocation (G1 Evacuation Pause)
Event: 7,555 Executing VM operation: G1CollectForAllocation (G1 Evacuation Pause) done
Event: 7,733 Executing VM operation: G1CollectForAllocation (G1 Evacuation Pause)
Event: 7,734 Executing VM operation: G1CollectForAllocation (G1 Evacuation Pause) done
Event: 7,913 Executing VM operation: G1CollectForAllocation (G1 Evacuation Pause)
Event: 7,914 Executing VM operation: G1CollectForAllocation (G1 Evacuation Pause) done
Event: 8,090 Executing VM operation: G1CollectForAllocation (G1 Evacuation Pause)
Event: 8,091 Executing VM operation: G1CollectForAllocation (G1 Evacuation Pause) done
Event: 8,273 Executing VM operation: G1CollectForAllocation (G1 Evacuation Pause)
Event: 8,274 Executing VM operation: G1CollectForAllocation (G1 Evacuation Pause) done
Event: 8,438 Executing VM operation: G1CollectForAllocation (G1 Evacuation Pause)
Event: 8,439 Executing VM operation: G1CollectForAllocation (G1 Evacuation Pause) done
Event: 8,627 Executing VM operation: G1CollectForAllocation (G1 Evacuation Pause)
Event: 8,628 Executing VM operation: G1CollectForAllocation (G1 Evacuation Pause) done

Memory protections (20 events):
Event: 0,015 Protecting memory [0x0000729cc80fe000,0x0000729cc8102000] with protection modes 0
Event: 0,015 Protecting memory [0x0000729cb9f00000,0x0000729cb9f04000] with protection modes 0
Event: 0,015 Protecting memory [0x0000729cb9dff000,0x0000729cb9e03000] with protection modes 0
Event: 0,015 Protecting memory [0x0000729cb9cfe000,0x0000729cb9d02000] with protection modes 0
Event: 0,015 Protecting memory [0x0000729cb9bfd000,0x0000729cb9c01000] with protection modes 0
Event: 0,019 Protecting memory [0x0000729cb9afc000,0x0000729cb9b00000] with protection modes 0
Event: 0,019 Protecting memory [0x0000729cb99fb000,0x0000729cb99ff000] with protection modes 0
Event: 0,033 Protecting memory [0x0000729cb98fa000,0x0000729cb98fe000] with protection modes 0
Event: 0,033 Protecting memory [0x0000729cb97f9000,0x0000729cb97fd000] with protection modes 0
Event: 0,033 Protecting memory [0x0000729cb96f8000,0x0000729cb96fc000] with protection modes 0
Event: 1,033 Protecting memory [0x0000729cb96f8000,0x0000729cb96fc000] with protection modes 0
Event: 1,033 Protecting memory [0x0000729cb95f7000,0x0000729cb95fb000] with protection modes 0
Event: 1,078 Protecting memory [0x0000729cb94f6000,0x0000729cb94fa000] with protection modes 0
Event: 1,100 Protecting memory [0x0000729cb9100000,0x0000729cb9104000] with protection modes 0
Event: 1,277 Protecting memory [0x0000729c641fe000,0x0000729c64202000] with protection modes 0
Event: 1,279 Protecting memory [0x0000729c640fd000,0x0000729c64101000] with protection modes 0
Event: 1,285 Protecting memory [0x0000729c246f9000,0x0000729c246fd000] with protection modes 0
Event: 7,750 Protecting memory [0x0000729cb96f8000,0x0000729cb96fc000] with protection modes 0
Event: 7,750 Protecting memory [0x0000729cb95f7000,0x0000729cb95fb000] with protection modes 0
Event: 7,750 Protecting memory [0x0000729c641fe000,0x0000729c64202000] with protection modes 0

Nmethod flushes (0 events):
No events

Events (20 events):
Event: 0,033 Thread 0x0000729ce018d230 Thread added: 0x0000729c40040440
Event: 1,022 Thread 0x0000729c40040440 Thread exited: 0x0000729c40040440
Event: 1,033 Thread 0x0000729c4003f170 Thread added: 0x0000729c3002ad10
Event: 1,033 Thread 0x0000729c4003f170 Thread added: 0x0000729c3002b9d0
Event: 1,078 Thread 0x0000729ce002cf30 Thread added: 0x0000729ce03fc250
Event: 1,100 Thread 0x0000729c4003f170 Thread added: 0x0000729c301270c0
Event: 1,277 Thread 0x0000729ce018bb80 Thread added: 0x0000729c4c170ea0
Event: 1,279 Thread 0x0000729c3002ad10 Thread added: 0x0000729c34310300
Event: 1,285 Thread 0x0000729ce018bb80 Thread added: 0x0000729c4c155980
Event: 6,460 Thread 0x0000729c4003f170 Thread exited: 0x0000729c4003f170
Event: 6,460 Thread 0x0000729c4003de90 Thread exited: 0x0000729c4003de90
Event: 6,463 Thread 0x0000729c4c155980 Thread exited: 0x0000729c4c155980
Event: 7,624 Thread 0x0000729c34310300 Thread exited: 0x0000729c34310300
Event: 7,625 Thread 0x0000729c301270c0 Thread exited: 0x0000729c301270c0
Event: 7,625 Thread 0x0000729c4c170ea0 Thread exited: 0x0000729c4c170ea0
Event: 7,625 Thread 0x0000729c3002b9d0 Thread exited: 0x0000729c3002b9d0
Event: 7,750 Thread 0x0000729c3002ad10 Thread exited: 0x0000729c3002ad10
Event: 7,750 Thread 0x0000729ce018d230 Thread added: 0x0000729c400640a0
Event: 7,750 Thread 0x0000729ce018d230 Thread added: 0x0000729c40064970
Event: 7,750 Thread 0x0000729ce018d230 Thread added: 0x0000729c400655b0


Dynamic libraries:
70c000000-71b400000 rw-p 00000000 00:00 0 
71b400000-7ffe00000 ---p 00000000 00:00 0 
7ffe00000-7fff0c000 rw-p 00d70000 103:06 10757205                        /home/aleksei/App/ideaIC-2025.1.2/idea-IC-251.26094.121/jbr/lib/server/classes.jsa
7fff0c000-800000000 rw-p 00000000 00:00 0 
5c07ce17a000-5c07ce17b000 r--p 00000000 103:06 10757496                  /home/aleksei/App/ideaIC-2025.1.2/idea-IC-251.26094.121/jbr/bin/java
5c07ce17b000-5c07ce17c000 r-xp 00001000 103:06 10757496                  /home/aleksei/App/ideaIC-2025.1.2/idea-IC-251.26094.121/jbr/bin/java
5c07ce17c000-5c07ce17d000 r--p 00002000 103:06 10757496                  /home/aleksei/App/ideaIC-2025.1.2/idea-IC-251.26094.121/jbr/bin/java
5c07ce17d000-5c07ce17e000 r--p 00002000 103:06 10757496                  /home/aleksei/App/ideaIC-2025.1.2/idea-IC-251.26094.121/jbr/bin/java
5c07ce17e000-5c07ce17f000 rw-p 00003000 103:06 10757496                  /home/aleksei/App/ideaIC-2025.1.2/idea-IC-251.26094.121/jbr/bin/java
5c0800e88000-5c0800ed0000 rw-p 00000000 00:00 0                          [heap]
729b00000000-729b0041f000 rw-p 00000000 00:00 0 
729b0041f000-729b04000000 ---p 00000000 00:00 0 
729b04000000-729b046ec000 rw-p 00000000 00:00 0 
729b046ec000-729b08000000 ---p 00000000 00:00 0 
729b08000000-729b08021000 rw-p 00000000 00:00 0 
729b08021000-729b0c000000 ---p 00000000 00:00 0 
729b0c000000-729b0cc23000 rw-p 00000000 00:00 0 
729b0cc23000-729b10000000 ---p 00000000 00:00 0 
729b10000000-729b10021000 rw-p 00000000 00:00 0 
729b10021000-729b14000000 ---p 00000000 00:00 0 
729b14000000-729b14021000 rw-p 00000000 00:00 0 
729b14021000-729b18000000 ---p 00000000 00:00 0 
729b18000000-729b18021000 rw-p 00000000 00:00 0 
729b18021000-729b1c000000 ---p 00000000 00:00 0 
729b1c913000-729b1cc00000 rw-p 00000000 00:00 0 
729b1cc00000-729b1cc30000 r-xp 00000000 103:06 10881099                  /home/aleksei/.javacpp/cache/opencv-4.5.1-1.5.5-linux-x86_64.jar/org/bytedeco/opencv/linux-x86_64/libjniopencv_imgcodecs.so
729b1cc30000-729b1ce2f000 ---p 00030000 103:06 10881099                  /home/aleksei/.javacpp/cache/opencv-4.5.1-1.5.5-linux-x86_64.jar/org/bytedeco/opencv/linux-x86_64/libjniopencv_imgcodecs.so
729b1ce2f000-729b1ce30000 r--p 0002f000 103:06 10881099                  /home/aleksei/.javacpp/cache/opencv-4.5.1-1.5.5-linux-x86_64.jar/org/bytedeco/opencv/linux-x86_64/libjniopencv_imgcodecs.so
729b1ce30000-729b1ce31000 rw-p 00030000 103:06 10881099                  /home/aleksei/.javacpp/cache/opencv-4.5.1-1.5.5-linux-x86_64.jar/org/bytedeco/opencv/linux-x86_64/libjniopencv_imgcodecs.so
729b1d000000-729b1d34e000 r-xp 00000000 103:06 10881097                  /home/aleksei/.javacpp/cache/opencv-4.5.1-1.5.5-linux-x86_64.jar/org/bytedeco/opencv/linux-x86_64/libopencv_imgcodecs.so.4.5
729b1d34e000-729b1d54d000 ---p 0034e000 103:06 10881097                  /home/aleksei/.javacpp/cache/opencv-4.5.1-1.5.5-linux-x86_64.jar/org/bytedeco/opencv/linux-x86_64/libopencv_imgcodecs.so.4.5
729b1d54d000-729b1d557000 r--p 0034d000 103:06 10881097                  /home/aleksei/.javacpp/cache/opencv-4.5.1-1.5.5-linux-x86_64.jar/org/bytedeco/opencv/linux-x86_64/libopencv_imgcodecs.so.4.5
729b1d557000-729b1d55b000 rw-p 00357000 103:06 10881097                  /home/aleksei/.javacpp/cache/opencv-4.5.1-1.5.5-linux-x86_64.jar/org/bytedeco/opencv/linux-x86_64/libopencv_imgcodecs.so.4.5
729b1d55b000-729b1d5c5000 rw-p 00000000 00:00 0 
729b1d600000-729b1d753000 r-xp 00000000 103:06 10881096                  /home/aleksei/.javacpp/cache/opencv-4.5.1-1.5.5-linux-x86_64.jar/org/bytedeco/opencv/linux-x86_64/libjniopencv_imgproc.so
729b1d753000-729b1d953000 ---p 00153000 103:06 10881096                  /home/aleksei/.javacpp/cache/opencv-4.5.1-1.5.5-linux-x86_64.jar/org/bytedeco/opencv/linux-x86_64/libjniopencv_imgproc.so
729b1d953000-729b1d956000 r--p 00153000 103:06 10881096                  /home/aleksei/.javacpp/cache/opencv-4.5.1-1.5.5-linux-x86_64.jar/org/bytedeco/opencv/linux-x86_64/libjniopencv_imgproc.so
729b1d956000-729b1d957000 rw-p 00156000 103:06 10881096                  /home/aleksei/.javacpp/cache/opencv-4.5.1-1.5.5-linux-x86_64.jar/org/bytedeco/opencv/linux-x86_64/libjniopencv_imgproc.so
729b1da00000-729b1dd2f000 r-xp 00000000 103:06 10881095                  /home/aleksei/.javacpp/cache/opencv-4.5.1-1.5.5-linux-x86_64.jar/org/bytedeco/opencv/linux-x86_64/libjniopencv_core.so
729b1dd2f000-729b1df2f000 ---p 0032f000 103:06 10881095                  /home/aleksei/.javacpp/cache/opencv-4.5.1-1.5.5-linux-x86_64.jar/org/bytedeco/opencv/linux-x86_64/libjniopencv_core.so
729b1df2f000-729b1df3b000 r--p 0032f000 103:06 10881095                  /home/aleksei/.javacpp/cache/opencv-4.5.1-1.5.5-linux-x86_64.jar/org/bytedeco/opencv/linux-x86_64/libjniopencv_core.so
729b1df3b000-729b1df3e000 rw-p 0033b000 103:06 10881095                  /home/aleksei/.javacpp/cache/opencv-4.5.1-1.5.5-linux-x86_64.jar/org/bytedeco/opencv/linux-x86_64/libjniopencv_core.so
729b1df3e000-729b1df3f000 rw-p 00000000 00:00 0 
729b1e000000-729b1e5ab000 r-xp 00000000 103:06 10881093                  /home/aleksei/.javacpp/cache/opencv-4.5.1-1.5.5-linux-x86_64.jar/org/bytedeco/opencv/linux-x86_64/libopencv_imgproc.so.4.5
729b1e5ab000-729b1e7aa000 ---p 005ab000 103:06 10881093                  /home/aleksei/.javacpp/cache/opencv-4.5.1-1.5.5-linux-x86_64.jar/org/bytedeco/opencv/linux-x86_64/libopencv_imgproc.so.4.5
729b1e7aa000-729b1e7c5000 r--p 005aa000 103:06 10881093                  /home/aleksei/.javacpp/cache/opencv-4.5.1-1.5.5-linux-x86_64.jar/org/bytedeco/opencv/linux-x86_64/libopencv_imgproc.so.4.5
729b1e7c5000-729b1e7ce000 rw-p 005c5000 103:06 10881093                  /home/aleksei/.javacpp/cache/opencv-4.5.1-1.5.5-linux-x86_64.jar/org/bytedeco/opencv/linux-x86_64/libopencv_imgproc.so.4.5
729b1e7ce000-729b1e86e000 rw-p 00000000 00:00 0 
729b1ea00000-729b1edfb000 r-xp 00000000 103:06 10881085                  /home/aleksei/.javacpp/cache/opencv-4.5.1-1.5.5-linux-x86_64.jar/org/bytedeco/opencv/linux-x86_64/libopencv_core.so.4.5
729b1edfb000-729b1effa000 ---p 003fb000 103:06 10881085                  /home/aleksei/.javacpp/cache/opencv-4.5.1-1.5.5-linux-x86_64.jar/org/bytedeco/opencv/linux-x86_64/libopencv_core.so.4.5
729b1effa000-729b1f008000 r--p 003fa000 103:06 10881085                  /home/aleksei/.javacpp/cache/opencv-4.5.1-1.5.5-linux-x86_64.jar/org/bytedeco/opencv/linux-x86_64/libopencv_core.so.4.5
729b1f008000-729b1f00e000 rw-p 00408000 103:06 10881085                  /home/aleksei/.javacpp/cache/opencv-4.5.1-1.5.5-linux-x86_64.jar/org/bytedeco/opencv/linux-x86_64/libopencv_core.so.4.5
729b1f00e000-729b1f014000 rw-p 00000000 00:00 0 
729b1f200000-729b20a3f000 r-xp 00000000 103:06 10252867                  /home/aleksei/.javacpp/cache/openblas-0.3.13-1.5.5-linux-x86_64.jar/org/bytedeco/openblas/linux-x86_64/libjniopenblas.so
729b20a3f000-729b20c3f000 ---p 0183f000 103:06 10252867                  /home/aleksei/.javacpp/cache/openblas-0.3.13-1.5.5-linux-x86_64.jar/org/bytedeco/openblas/linux-x86_64/libjniopenblas.so
729b20c3f000-729b20c40000 r--p 0183f000 103:06 10252867                  /home/aleksei/.javacpp/cache/openblas-0.3.13-1.5.5-linux-x86_64.jar/org/bytedeco/openblas/linux-x86_64/libjniopenblas.so
729b20c40000-729b20c48000 rw-p 01840000 103:06 10252867                  /home/aleksei/.javacpp/cache/openblas-0.3.13-1.5.5-linux-x86_64.jar/org/bytedeco/openblas/linux-x86_64/libjniopenblas.so
729b20c48000-729b20c49000 rw-p 00000000 00:00 0 
729b20e00000-729b30e00000 rw-p 00000000 00:00 0 
729b30fff000-729b31000000 ---p 00000000 00:00 0 
729b31000000-729b31800000 rw-p 00000000 00:00 0 
729b31800000-729b39800000 rw-p 00000000 00:00 0 
729b399ff000-729b39a00000 ---p 00000000 00:00 0 
729b39a00000-729b3a200000 rw-p 00000000 00:00 0 
729b3a200000-729b42200000 rw-p 00000000 00:00 0 
729b423ff000-729b42400000 ---p 00000000 00:00 0 
729b42400000-729b42c00000 rw-p 00000000 00:00 0 
729b42c00000-729b4ac00000 rw-p 00000000 00:00 0 
729b4adff000-729b4ae00000 ---p 00000000 00:00 0 
729b4ae00000-729b4b600000 rw-p 00000000 00:00 0 
729b4b600000-729b53600000 rw-p 00000000 00:00 0 
729b537ff000-729b53800000 ---p 00000000 00:00 0 
729b53800000-729b54000000 rw-p 00000000 00:00 0 
729b54000000-729b5c000000 rw-p 00000000 00:00 0 
729b5c1ff000-729b5c200000 ---p 00000000 00:00 0 
729b5c200000-729b5ca00000 rw-p 00000000 00:00 0 
729b5ca00000-729b64a00000 rw-p 00000000 00:00 0 
729b64bff000-729b64c00000 ---p 00000000 00:00 0 
729b64c00000-729b65400000 rw-p 00000000 00:00 0 
729b65400000-729b6d400000 rw-p 00000000 00:00 0 
729b6d5ff000-729b6d600000 ---p 00000000 00:00 0 
729b6d600000-729b6de00000 rw-p 00000000 00:00 0 
729b6de00000-729b75e00000 rw-p 00000000 00:00 0 
729b75fff000-729b76000000 ---p 00000000 00:00 0 
729b76000000-729b76800000 rw-p 00000000 00:00 0 
729b76800000-729b7e800000 rw-p 00000000 00:00 0 
729b7e9ff000-729b7ea00000 ---p 00000000 00:00 0 
729b7ea00000-729b7f200000 rw-p 00000000 00:00 0 
729b7f200000-729b87200000 rw-p 00000000 00:00 0 
729b873ff000-729b87400000 ---p 00000000 00:00 0 
729b87400000-729b87c00000 rw-p 00000000 00:00 0 
729b87c00000-729b8fc00000 rw-p 00000000 00:00 0 
729b8fdfe000-729b8fdff000 ---p 00000000 00:00 0 
729b8fdff000-729b905ff000 rw-p 00000000 00:00 0 
729b905ff000-729b90600000 ---p 00000000 00:00 0 
729b90600000-729b90e00000 rw-p 00000000 00:00 0 
729b90e00000-729ba0e00000 rw-p 00000000 00:00 0 
729ba0ffe000-729ba0fff000 ---p 00000000 00:00 0 
729ba0fff000-729ba17ff000 rw-p 00000000 00:00 0 
729ba17ff000-729ba1800000 ---p 00000000 00:00 0 
729ba1800000-729ba2000000 rw-p 00000000 00:00 0 
729ba2000000-729ba3cfc000 r-xp 00000000 103:06 10252697                  /home/aleksei/.javacpp/cache/openblas-0.3.13-1.5.5-linux-x86_64.jar/org/bytedeco/openblas/linux-x86_64/libopenblas.so.0
729ba3cfc000-729ba3efc000 ---p 01cfc000 103:06 10252697                  /home/aleksei/.javacpp/cache/openblas-0.3.13-1.5.5-linux-x86_64.jar/org/bytedeco/openblas/linux-x86_64/libopenblas.so.0
729ba3efc000-729ba3f02000 r--p 01cfc000 103:06 10252697                  /home/aleksei/.javacpp/cache/openblas-0.3.13-1.5.5-linux-x86_64.jar/org/bytedeco/openblas/linux-x86_64/libopenblas.so.0
729ba3f02000-729ba3f18000 rw-p 01d02000 103:06 10252697                  /home/aleksei/.javacpp/cache/openblas-0.3.13-1.5.5-linux-x86_64.jar/org/bytedeco/openblas/linux-x86_64/libopenblas.so.0
729ba3f18000-729ba3f24000 rw-p 00000000 00:00 0 
729ba4000000-729bb4000000 rw-p 00000000 00:00 0 
729bb41ff000-729bb4200000 ---p 00000000 00:00 0 
729bb4200000-729bb4a00000 rw-p 00000000 00:00 0 
729bb4a00000-729bcca00000 rw-p 00000000 00:00 0 
729bccbfd000-729bccbfe000 ---p 00000000 00:00 0 
729bccbfe000-729bcd3fe000 rw-p 00000000 00:00 0 
729bcd3fe000-729bcd3ff000 ---p 00000000 00:00 0 
729bcd3ff000-729bcdbff000 rw-p 00000000 00:00 0 
729bcdbff000-729bcdc00000 ---p 00000000 00:00 0 
729bcdc00000-729bce400000 rw-p 00000000 00:00 0 
729bce400000-729bd6400000 rw-p 00000000 00:00 0 
729bd65ff000-729bd6600000 ---p 00000000 00:00 0 
729bd6600000-729bd6e00000 rw-p 00000000 00:00 0 
729bd6e00000-729be6e00000 rw-p 00000000 00:00 0 
729be6ffe000-729be6fff000 ---p 00000000 00:00 0 
729be6fff000-729be77ff000 rw-p 00000000 00:00 0 
729be77ff000-729be7800000 ---p 00000000 00:00 0 
729be7800000-729be8000000 rw-p 00000000 00:00 0 
729be8000000-729c20000000 rw-p 00000000 00:00 0 
729c20000000-729c20b35000 rw-p 00000000 00:00 0 
729c20b35000-729c24000000 ---p 00000000 00:00 0 
729c2415d000-729c24400000 rw-p 00000000 00:00 0 
729c24400000-729c24449000 r-xp 00000000 103:06 10251275                  /home/aleksei/.javacpp/cache/openblas-0.3.13-1.5.5-linux-x86_64.jar/org/bytedeco/openblas/linux-x86_64/libjniopenblas_nolapack.so
729c24449000-729c24649000 ---p 00049000 103:06 10251275                  /home/aleksei/.javacpp/cache/openblas-0.3.13-1.5.5-linux-x86_64.jar/org/bytedeco/openblas/linux-x86_64/libjniopenblas_nolapack.so
729c24649000-729c2464a000 r--p 00049000 103:06 10251275                  /home/aleksei/.javacpp/cache/openblas-0.3.13-1.5.5-linux-x86_64.jar/org/bytedeco/openblas/linux-x86_64/libjniopenblas_nolapack.so
729c2464a000-729c2464b000 rw-p 0004a000 103:06 10251275                  /home/aleksei/.javacpp/cache/openblas-0.3.13-1.5.5-linux-x86_64.jar/org/bytedeco/openblas/linux-x86_64/libjniopenblas_nolapack.so
729c246f8000-729c246f9000 ---p 00000000 00:00 0 
729c246f9000-729c246fd000 ---p 00000000 00:00 0 
729c246fd000-729c247f9000 rw-p 00000000 00:00 0 
729c247f9000-729c247fa000 ---p 00000000 00:00 0 
729c247fa000-729c24ffa000 rw-p 00000000 00:00 0 
729c24ffa000-729c24ffb000 ---p 00000000 00:00 0 
729c24ffb000-729c257fb000 rw-p 00000000 00:00 0 
729c257fb000-729c257fc000 ---p 00000000 00:00 0 
729c257fc000-729c25ffc000 rw-p 00000000 00:00 0 
729c25ffc000-729c25ffd000 ---p 00000000 00:00 0 
729c25ffd000-729c267fd000 rw-p 00000000 00:00 0 
729c267fd000-729c267fe000 ---p 00000000 00:00 0 
729c267fe000-729c26ffe000 rw-p 00000000 00:00 0 
729c26ffe000-729c26fff000 ---p 00000000 00:00 0 
729c26fff000-729c277ff000 rw-p 00000000 00:00 0 
729c277ff000-729c27800000 ---p 00000000 00:00 0 
729c27800000-729c28000000 rw-p 00000000 00:00 0 
729c28000000-729c2884d000 rw-p 00000000 00:00 0 
729c2884d000-729c2c000000 ---p 00000000 00:00 0 
729c2c000000-729c2c021000 rw-p 00000000 00:00 0 
729c2c021000-729c30000000 ---p 00000000 00:00 0 
729c30000000-729c30210000 rw-p 00000000 00:00 0 
729c30210000-729c34000000 ---p 00000000 00:00 0 
729c34000000-729c34b01000 rw-p 00000000 00:00 0 
729c34b01000-729c38000000 ---p 00000000 00:00 0 
729c38000000-729c38021000 rw-p 00000000 00:00 0 
729c38021000-729c3c000000 ---p 00000000 00:00 0 
729c3c000000-729c3c1f4000 rw-p 00000000 00:00 0 
729c3c1f4000-729c40000000 ---p 00000000 00:00 0 
729c40000000-729c40166000 rw-p 00000000 00:00 0 
729c40166000-729c44000000 ---p 00000000 00:00 0 
729c44000000-729c44021000 rw-p 00000000 00:00 0 
729c44021000-729c48000000 ---p 00000000 00:00 0 
729c48000000-729c48021000 rw-p 00000000 00:00 0 
729c48021000-729c4c000000 ---p 00000000 00:00 0 
729c4c000000-729c4c7b3000 rw-p 00000000 00:00 0 
729c4c7b3000-729c50000000 ---p 00000000 00:00 0 
729c50000000-729c50021000 rw-p 00000000 00:00 0 
729c50021000-729c54000000 ---p 00000000 00:00 0 
729c54000000-729c54021000 rw-p 00000000 00:00 0 
729c54021000-729c58000000 ---p 00000000 00:00 0 
729c58000000-729c58021000 rw-p 00000000 00:00 0 
729c58021000-729c5c000000 ---p 00000000 00:00 0 
729c5c000000-729c5c021000 rw-p 00000000 00:00 0 
729c5c021000-729c60000000 ---p 00000000 00:00 0 
729c60000000-729c60021000 rw-p 00000000 00:00 0 
729c60021000-729c64000000 ---p 00000000 00:00 0 
729c640fc000-729c640fd000 ---p 00000000 00:00 0 
729c640fd000-729c64101000 ---p 00000000 00:00 0 
729c64101000-729c641fd000 rw-p 00000000 00:00 0 
729c641fd000-729c641fe000 ---p 00000000 00:00 0 
729c641fe000-729c64202000 ---p 00000000 00:00 0 
729c64202000-729c642fe000 rw-p 00000000 00:00 0 
729c642fe000-729c642ff000 ---p 00000000 00:00 0 
729c642ff000-729c643ff000 rw-p 00000000 00:00 0 
729c643ff000-729c64400000 ---p 00000000 00:00 0 
729c64400000-729c64c00000 rw-p 00000000 00:00 0 
729c64c00000-729c668fc000 r-xp 00000000 103:06 10251272                  /home/aleksei/.javacpp/cache/openblas-0.3.13-1.5.5-linux-x86_64.jar/org/bytedeco/openblas/linux-x86_64/libopenblas_nolapack.so.0
729c668fc000-729c66afc000 ---p 01cfc000 103:06 10251272                  /home/aleksei/.javacpp/cache/openblas-0.3.13-1.5.5-linux-x86_64.jar/org/bytedeco/openblas/linux-x86_64/libopenblas_nolapack.so.0
729c66afc000-729c66b02000 r--p 01cfc000 103:06 10251272                  /home/aleksei/.javacpp/cache/openblas-0.3.13-1.5.5-linux-x86_64.jar/org/bytedeco/openblas/linux-x86_64/libopenblas_nolapack.so.0
729c66b02000-729c66b18000 rw-p 01d02000 103:06 10251272                  /home/aleksei/.javacpp/cache/openblas-0.3.13-1.5.5-linux-x86_64.jar/org/bytedeco/openblas/linux-x86_64/libopenblas_nolapack.so.0
729c66b18000-729c66b24000 rw-p 00000000 00:00 0 
729c66c00000-729c66d6c000 r-xp 00000000 103:06 10250393                  /home/aleksei/.javacpp/cache/openblas-0.3.13-1.5.5-linux-x86_64.jar/org/bytedeco/openblas/linux-x86_64/libgfortran.so.4
729c66d6c000-729c66f6b000 ---p 0016c000 103:06 10250393                  /home/aleksei/.javacpp/cache/openblas-0.3.13-1.5.5-linux-x86_64.jar/org/bytedeco/openblas/linux-x86_64/libgfortran.so.4
729c66f6b000-729c66f6e000 rw-p 0016b000 103:06 10250393                  /home/aleksei/.javacpp/cache/openblas-0.3.13-1.5.5-linux-x86_64.jar/org/bytedeco/openblas/linux-x86_64/libgfortran.so.4
729c67000000-729c671b0000 rw-p 00000000 00:00 0 
729c671b0000-729c67400000 ---p 00000000 00:00 0 
729c67400000-729c674a0000 rw-p 00000000 00:00 0 
729c674a0000-729c67ac0000 rw-p 00000000 00:00 0 
729c67ac0000-729c6b000000 ---p 00000000 00:00 0 
729c6b000000-729c6bd2e000 rw-p 00001000 103:06 10757205                  /home/aleksei/App/ideaIC-2025.1.2/idea-IC-251.26094.121/jbr/lib/server/classes.jsa
729c6bd2e000-729c6c000000 ---p 00000000 00:00 0 
729c6c000000-729c6c040000 rw-p 00000000 00:00 0 
729c6c040000-729c6c060000 rw-p 00000000 00:00 0 
729c6c060000-729c6c080000 ---p 00000000 00:00 0 
729c6c080000-729c6c0a0000 rw-p 00000000 00:00 0 
729c6c0a0000-729cac000000 ---p 00000000 00:00 0 
729cac000000-729cac021000 rw-p 00000000 00:00 0 
729cac021000-729cb0000000 ---p 00000000 00:00 0 
729cb0000000-729cb0021000 rw-p 00000000 00:00 0 
729cb0021000-729cb4000000 ---p 00000000 00:00 0 
729cb4000000-729cb4021000 rw-p 00000000 00:00 0 
729cb4021000-729cb8000000 ---p 00000000 00:00 0 
729cb80ff000-729cb8100000 ---p 00000000 00:00 0 
729cb8100000-729cb8200000 rw-p 00000000 00:00 0 
729cb8200000-729cb821c000 r--p 00000000 103:06 12063993                  /usr/lib/libgfortran.so.5.0.0
729cb821c000-729cb84f9000 r-xp 0001c000 103:06 12063993                  /usr/lib/libgfortran.so.5.0.0
729cb84f9000-729cb8523000 r--p 002f9000 103:06 12063993                  /usr/lib/libgfortran.so.5.0.0
729cb8523000-729cb8525000 r--p 00323000 103:06 12063993                  /usr/lib/libgfortran.so.5.0.0
729cb8525000-729cb8526000 rw-p 00325000 103:06 12063993                  /usr/lib/libgfortran.so.5.0.0
729cb8600000-729cb863f000 r-xp 00000000 103:06 10250391                  /home/aleksei/.javacpp/cache/openblas-0.3.13-1.5.5-linux-x86_64.jar/org/bytedeco/openblas/linux-x86_64/libquadmath.so.0
729cb863f000-729cb883e000 ---p 0003f000 103:06 10250391                  /home/aleksei/.javacpp/cache/openblas-0.3.13-1.5.5-linux-x86_64.jar/org/bytedeco/openblas/linux-x86_64/libquadmath.so.0
729cb883e000-729cb883f000 rw-p 0003e000 103:06 10250391                  /home/aleksei/.javacpp/cache/openblas-0.3.13-1.5.5-linux-x86_64.jar/org/bytedeco/openblas/linux-x86_64/libquadmath.so.0
729cb88ff000-729cb8900000 ---p 00000000 00:00 0 
729cb8900000-729cb8a00000 rw-p 00000000 00:00 0 
729cb8a00000-729cb8a16000 r-xp 00000000 103:06 10250389                  /home/aleksei/.javacpp/cache/openblas-0.3.13-1.5.5-linux-x86_64.jar/org/bytedeco/openblas/linux-x86_64/libgcc_s.so.1
729cb8a16000-729cb8c15000 ---p 00016000 103:06 10250389                  /home/aleksei/.javacpp/cache/openblas-0.3.13-1.5.5-linux-x86_64.jar/org/bytedeco/openblas/linux-x86_64/libgcc_s.so.1
729cb8c15000-729cb8c16000 rw-p 00015000 103:06 10250389                  /home/aleksei/.javacpp/cache/openblas-0.3.13-1.5.5-linux-x86_64.jar/org/bytedeco/openblas/linux-x86_64/libgcc_s.so.1
729cb8cff000-729cb8d00000 ---p 00000000 00:00 0 
729cb8d00000-729cb8e00000 rw-p 00000000 00:00 0 
729cb8e00000-729cb8e97000 r--p 00000000 103:06 12065959                  /usr/lib/libstdc++.so.6.0.33
729cb8e97000-729cb8fe4000 r-xp 00097000 103:06 12065959                  /usr/lib/libstdc++.so.6.0.33
729cb8fe4000-729cb9074000 r--p 001e4000 103:06 12065959                  /usr/lib/libstdc++.so.6.0.33
729cb9074000-729cb9081000 r--p 00274000 103:06 12065959                  /usr/lib/libstdc++.so.6.0.33
729cb9081000-729cb9082000 rw-p 00281000 103:06 12065959                  /usr/lib/libstdc++.so.6.0.33
729cb9082000-729cb9086000 rw-p 00000000 00:00 0 
729cb90ff000-729cb9100000 ---p 00000000 00:00 0 
729cb9100000-729cb9104000 ---p 00000000 00:00 0 
729cb9104000-729cb9200000 rw-p 00000000 00:00 0 
729cb9200000-729cb920d000 r-xp 00000000 103:06 10250383                  /home/aleksei/.javacpp/cache/javacpp-1.5.5-linux-x86_64.jar/org/bytedeco/javacpp/linux-x86_64/libjnijavacpp.so
729cb920d000-729cb940c000 ---p 0000d000 103:06 10250383                  /home/aleksei/.javacpp/cache/javacpp-1.5.5-linux-x86_64.jar/org/bytedeco/javacpp/linux-x86_64/libjnijavacpp.so
729cb940c000-729cb940d000 r--p 0000c000 103:06 10250383                  /home/aleksei/.javacpp/cache/javacpp-1.5.5-linux-x86_64.jar/org/bytedeco/javacpp/linux-x86_64/libjnijavacpp.so
729cb940d000-729cb940e000 rw-p 0000d000 103:06 10250383                  /home/aleksei/.javacpp/cache/javacpp-1.5.5-linux-x86_64.jar/org/bytedeco/javacpp/linux-x86_64/libjnijavacpp.so
729cb94f5000-729cb94f6000 ---p 00000000 00:00 0 
729cb94f6000-729cb94fa000 ---p 00000000 00:00 0 
729cb94fa000-729cb95f6000 rw-p 00000000 00:00 0 
729cb95f6000-729cb95f7000 ---p 00000000 00:00 0 
729cb95f7000-729cb95fb000 ---p 00000000 00:00 0 
729cb95fb000-729cb96f7000 rw-p 00000000 00:00 0 
729cb96f7000-729cb96f8000 ---p 00000000 00:00 0 
729cb96f8000-729cb96fc000 ---p 00000000 00:00 0 
729cb96fc000-729cb97f8000 rw-p 00000000 00:00 0 
729cb97f8000-729cb97f9000 ---p 00000000 00:00 0 
729cb97f9000-729cb97fd000 ---p 00000000 00:00 0 
729cb97fd000-729cb98f9000 rw-p 00000000 00:00 0 
729cb98f9000-729cb98fa000 ---p 00000000 00:00 0 
729cb98fa000-729cb98fe000 ---p 00000000 00:00 0 
729cb98fe000-729cb99fa000 rw-p 00000000 00:00 0 
729cb99fa000-729cb99fb000 ---p 00000000 00:00 0 
729cb99fb000-729cb99ff000 ---p 00000000 00:00 0 
729cb99ff000-729cb9afb000 rw-p 00000000 00:00 0 
729cb9afb000-729cb9afc000 ---p 00000000 00:00 0 
729cb9afc000-729cb9b00000 ---p 00000000 00:00 0 
729cb9b00000-729cb9bfc000 rw-p 00000000 00:00 0 
729cb9bfc000-729cb9bfd000 ---p 00000000 00:00 0 
729cb9bfd000-729cb9c01000 ---p 00000000 00:00 0 
729cb9c01000-729cb9cfd000 rw-p 00000000 00:00 0 
729cb9cfd000-729cb9cfe000 ---p 00000000 00:00 0 
729cb9cfe000-729cb9d02000 ---p 00000000 00:00 0 
729cb9d02000-729cb9dfe000 rw-p 00000000 00:00 0 
729cb9dfe000-729cb9dff000 ---p 00000000 00:00 0 
729cb9dff000-729cb9e03000 ---p 00000000 00:00 0 
729cb9e03000-729cb9eff000 rw-p 00000000 00:00 0 
729cb9eff000-729cb9f00000 ---p 00000000 00:00 0 
729cb9f00000-729cb9f04000 ---p 00000000 00:00 0 
729cb9f04000-729cba000000 rw-p 00000000 00:00 0 
729cba000000-729cbc021000 rw-p 00000000 00:00 0 
729cbc021000-729cc0000000 ---p 00000000 00:00 0 
729cc0000000-729cc0021000 rw-p 00000000 00:00 0 
729cc0021000-729cc4000000 ---p 00000000 00:00 0 
729cc4000000-729cc4021000 rw-p 00000000 00:00 0 
729cc4021000-729cc8000000 ---p 00000000 00:00 0 
729cc80fd000-729cc80fe000 ---p 00000000 00:00 0 
729cc80fe000-729cc8102000 ---p 00000000 00:00 0 
729cc8102000-729cc81fe000 rw-p 00000000 00:00 0 
729cc81fe000-729cc81ff000 ---p 00000000 00:00 0 
729cc81ff000-729cc8203000 ---p 00000000 00:00 0 
729cc8203000-729cc82ff000 rw-p 00000000 00:00 0 
729cc82ff000-729cc8300000 ---p 00000000 00:00 0 
729cc8300000-729cc8304000 ---p 00000000 00:00 0 
729cc8304000-729cc8400000 rw-p 00000000 00:00 0 
729cc8400000-729cc86ef000 r--p 00000000 103:06 12093564                  /usr/lib/locale/locale-archive
729cc86f4000-729cc86f8000 r--p 00000000 103:06 12063952                  /usr/lib/libgcc_s.so.1
729cc86f8000-729cc871c000 r-xp 00004000 103:06 12063952                  /usr/lib/libgcc_s.so.1
729cc871c000-729cc8720000 r--p 00028000 103:06 12063952                  /usr/lib/libgcc_s.so.1
729cc8720000-729cc8721000 r--p 0002b000 103:06 12063952                  /usr/lib/libgcc_s.so.1
729cc8721000-729cc8722000 rw-p 0002c000 103:06 12063952                  /usr/lib/libgcc_s.so.1
729cc874d000-729cc8750000 r--p 00000000 103:06 10757193                  /home/aleksei/App/ideaIC-2025.1.2/idea-IC-251.26094.121/jbr/lib/libnet.so
729cc8750000-729cc8758000 r-xp 00003000 103:06 10757193                  /home/aleksei/App/ideaIC-2025.1.2/idea-IC-251.26094.121/jbr/lib/libnet.so
729cc8758000-729cc875a000 r--p 0000b000 103:06 10757193                  /home/aleksei/App/ideaIC-2025.1.2/idea-IC-251.26094.121/jbr/lib/libnet.so
729cc875a000-729cc875b000 ---p 0000d000 103:06 10757193                  /home/aleksei/App/ideaIC-2025.1.2/idea-IC-251.26094.121/jbr/lib/libnet.so
729cc875b000-729cc875c000 r--p 0000d000 103:06 10757193                  /home/aleksei/App/ideaIC-2025.1.2/idea-IC-251.26094.121/jbr/lib/libnet.so
729cc875c000-729cc875d000 rw-p 00000000 00:00 0 
729cc875d000-729cc875e000 ---p 00000000 00:00 0 
729cc875e000-729cc885e000 rw-p 00000000 00:00 0 
729cc885e000-729cc885f000 ---p 00000000 00:00 0 
729cc885f000-729cc895f000 rw-p 00000000 00:00 0 
729cc8a79000-729cc8afa000 rw-p 00000000 00:00 0 
729cc8afa000-729cc8afb000 ---p 00000000 00:00 0 
729cc8afb000-729cc8bfb000 rw-p 00000000 00:00 0 
729cc8bfb000-729cc8bfc000 ---p 00000000 00:00 0 
729cc8bfc000-729cc8cfc000 rw-p 00000000 00:00 0 
729cc8cfc000-729cc94d0000 rw-p 00000000 00:00 0 
729cc94d0000-729cccdf8000 ---p 00000000 00:00 0 
729cccdf8000-729ccce00000 rw-p 00000000 00:00 0 
729ccce00000-729ccd070000 rwxp 00000000 00:00 0 
729ccd070000-729cd425f000 ---p 00000000 00:00 0 
729cd425f000-729cd461f000 rwxp 00000000 00:00 0 
729cd461f000-729cd49a0000 ---p 00000000 00:00 0 
729cd49a0000-729cd4c10000 rwxp 00000000 00:00 0 
729cd4c10000-729cdbe00000 ---p 00000000 00:00 0 
729cdbe00000-729cdfe63000 r--s 00000000 103:06 10757190                  /home/aleksei/App/ideaIC-2025.1.2/idea-IC-251.26094.121/jbr/lib/modules
729cdfe63000-729ce0a22000 rw-p 00000000 00:00 0 
729ce0a22000-729ce4000000 ---p 00000000 00:00 0 
729ce4002000-729ce4009000 r--p 00000000 103:06 10757213                  /home/aleksei/App/ideaIC-2025.1.2/idea-IC-251.26094.121/jbr/lib/libnio.so
729ce4009000-729ce4012000 r-xp 00007000 103:06 10757213                  /home/aleksei/App/ideaIC-2025.1.2/idea-IC-251.26094.121/jbr/lib/libnio.so
729ce4012000-729ce4016000 r--p 00010000 103:06 10757213                  /home/aleksei/App/ideaIC-2025.1.2/idea-IC-251.26094.121/jbr/lib/libnio.so
729ce4016000-729ce4017000 ---p 00014000 103:06 10757213                  /home/aleksei/App/ideaIC-2025.1.2/idea-IC-251.26094.121/jbr/lib/libnio.so
729ce4017000-729ce4018000 r--p 00014000 103:06 10757213                  /home/aleksei/App/ideaIC-2025.1.2/idea-IC-251.26094.121/jbr/lib/libnio.so
729ce4018000-729ce4019000 rw-p 00015000 103:06 10757213                  /home/aleksei/App/ideaIC-2025.1.2/idea-IC-251.26094.121/jbr/lib/libnio.so
729ce4019000-729ce401b000 r--p 00000000 103:06 10757174                  /home/aleksei/App/ideaIC-2025.1.2/idea-IC-251.26094.121/jbr/lib/libzip.so
729ce401b000-729ce401f000 r-xp 00002000 103:06 10757174                  /home/aleksei/App/ideaIC-2025.1.2/idea-IC-251.26094.121/jbr/lib/libzip.so
729ce401f000-729ce4021000 r--p 00006000 103:06 10757174                  /home/aleksei/App/ideaIC-2025.1.2/idea-IC-251.26094.121/jbr/lib/libzip.so
729ce4021000-729ce4022000 r--p 00007000 103:06 10757174                  /home/aleksei/App/ideaIC-2025.1.2/idea-IC-251.26094.121/jbr/lib/libzip.so
729ce4022000-729ce482b000 rw-p 00000000 00:00 0 
729ce482b000-729ce482c000 ---p 00000000 00:00 0 
729ce482c000-729ce492c000 rw-p 00000000 00:00 0 
729ce492c000-729ce492d000 ---p 00000000 00:00 0 
729ce492d000-729ce4a2d000 rw-p 00000000 00:00 0 
729ce4a2d000-729ce4a2e000 ---p 00000000 00:00 0 
729ce4a2e000-729ce4b2e000 rw-p 00000000 00:00 0 
729ce4b2e000-729ce4c63000 rw-p 00000000 00:00 0 
729ce4c63000-729ce5388000 ---p 00000000 00:00 0 
729ce5388000-729ce5403000 rw-p 00000000 00:00 0 
729ce5403000-729ce5b28000 ---p 00000000 00:00 0 
729ce5b28000-729ce683b000 rw-p 00000000 00:00 0 
729ce683b000-729ce691f000 ---p 00000000 00:00 0 
729ce691f000-729ce6924000 rw-p 00000000 00:00 0 
729ce6924000-729ce6a08000 ---p 00000000 00:00 0 
729ce6a08000-729ce6a0c000 ---p 00000000 00:00 0 
729ce6a0c000-729ce6b08000 rw-p 00000000 00:00 0 
729ce6b08000-729ce6b17000 r--p 00000000 103:06 12071231                  /usr/lib/libm.so.6
729ce6b17000-729ce6b9d000 r-xp 0000f000 103:06 12071231                  /usr/lib/libm.so.6
729ce6b9d000-729ce6bfe000 r--p 00095000 103:06 12071231                  /usr/lib/libm.so.6
729ce6bfe000-729ce6bff000 r--p 000f5000 103:06 12071231                  /usr/lib/libm.so.6
729ce6bff000-729ce6c00000 rw-p 000f6000 103:06 12071231                  /usr/lib/libm.so.6
729ce6c00000-729ce6ea3000 r--p 00000000 103:06 10757202                  /home/aleksei/App/ideaIC-2025.1.2/idea-IC-251.26094.121/jbr/lib/server/libjvm.so
729ce6ea3000-729ce7d11000 r-xp 002a3000 103:06 10757202                  /home/aleksei/App/ideaIC-2025.1.2/idea-IC-251.26094.121/jbr/lib/server/libjvm.so
729ce7d11000-729ce7ff7000 r--p 01111000 103:06 10757202                  /home/aleksei/App/ideaIC-2025.1.2/idea-IC-251.26094.121/jbr/lib/server/libjvm.so
729ce7ff7000-729ce7ff8000 ---p 013f7000 103:06 10757202                  /home/aleksei/App/ideaIC-2025.1.2/idea-IC-251.26094.121/jbr/lib/server/libjvm.so
729ce7ff8000-729ce80cc000 r--p 013f7000 103:06 10757202                  /home/aleksei/App/ideaIC-2025.1.2/idea-IC-251.26094.121/jbr/lib/server/libjvm.so
729ce80cc000-729ce80fc000 rw-p 014cb000 103:06 10757202                  /home/aleksei/App/ideaIC-2025.1.2/idea-IC-251.26094.121/jbr/lib/server/libjvm.so
729ce80fc000-729ce8172000 rw-p 00000000 00:00 0 
729ce8173000-729ce8174000 r--p 00000000 103:06 12191649                  /usr/share/locale/en_GB/LC_MESSAGES/libc.mo
729ce8174000-729ce817b000 r--s 00000000 103:06 12093565                  /usr/lib/gconv/gconv-modules.cache
729ce817b000-729ce8183000 rw-p 00000000 00:00 0 
729ce8183000-729ce818a000 ---p 00000000 00:00 0 
729ce818a000-729ce8197000 r--p 00000000 103:06 10757191                  /home/aleksei/App/ideaIC-2025.1.2/idea-IC-251.26094.121/jbr/lib/libjava.so
729ce8197000-729ce81a5000 r-xp 0000d000 103:06 10757191                  /home/aleksei/App/ideaIC-2025.1.2/idea-IC-251.26094.121/jbr/lib/libjava.so
729ce81a5000-729ce81aa000 r--p 0001b000 103:06 10757191                  /home/aleksei/App/ideaIC-2025.1.2/idea-IC-251.26094.121/jbr/lib/libjava.so
729ce81aa000-729ce81ab000 ---p 00020000 103:06 10757191                  /home/aleksei/App/ideaIC-2025.1.2/idea-IC-251.26094.121/jbr/lib/libjava.so
729ce81ab000-729ce81ac000 r--p 00020000 103:06 10757191                  /home/aleksei/App/ideaIC-2025.1.2/idea-IC-251.26094.121/jbr/lib/libjava.so
729ce81ac000-729ce81ad000 rw-p 00021000 103:06 10757191                  /home/aleksei/App/ideaIC-2025.1.2/idea-IC-251.26094.121/jbr/lib/libjava.so
729ce81ad000-729ce81ae000 rw-p 00000000 00:00 0 
729ce81ae000-729ce81af000 r--p 00000000 103:06 12073204                  /usr/lib/librt.so.1
729ce81af000-729ce81b0000 r-xp 00001000 103:06 12073204                  /usr/lib/librt.so.1
729ce81b0000-729ce81b1000 r--p 00002000 103:06 12073204                  /usr/lib/librt.so.1
729ce81b1000-729ce81b2000 r--p 00002000 103:06 12073204                  /usr/lib/librt.so.1
729ce81b2000-729ce81b3000 rw-p 00003000 103:06 12073204                  /usr/lib/librt.so.1
729ce81b3000-729ce81b7000 rw-p 00000000 00:00 0 
729ce81b7000-729ce81db000 r--p 00000000 103:06 12071221                  /usr/lib/libc.so.6
729ce81db000-729ce834c000 r-xp 00024000 103:06 12071221                  /usr/lib/libc.so.6
729ce834c000-729ce839b000 r--p 00195000 103:06 12071221                  /usr/lib/libc.so.6
729ce839b000-729ce839f000 r--p 001e3000 103:06 12071221                  /usr/lib/libc.so.6
729ce839f000-729ce83a1000 rw-p 001e7000 103:06 12071221                  /usr/lib/libc.so.6
729ce83a1000-729ce83a9000 rw-p 00000000 00:00 0 
729ce83a9000-729ce83aa000 r--p 00000000 103:06 12071226                  /usr/lib/libdl.so.2
729ce83aa000-729ce83ab000 r-xp 00001000 103:06 12071226                  /usr/lib/libdl.so.2
729ce83ab000-729ce83ac000 r--p 00002000 103:06 12071226                  /usr/lib/libdl.so.2
729ce83ac000-729ce83ad000 r--p 00002000 103:06 12071226                  /usr/lib/libdl.so.2
729ce83ad000-729ce83ae000 rw-p 00003000 103:06 12071226                  /usr/lib/libdl.so.2
729ce83ae000-729ce83af000 r--p 00000000 103:06 12073198                  /usr/lib/libpthread.so.0
729ce83af000-729ce83b0000 r-xp 00001000 103:06 12073198                  /usr/lib/libpthread.so.0
729ce83b0000-729ce83b1000 r--p 00002000 103:06 12073198                  /usr/lib/libpthread.so.0
729ce83b1000-729ce83b2000 r--p 00002000 103:06 12073198                  /usr/lib/libpthread.so.0
729ce83b2000-729ce83b3000 rw-p 00003000 103:06 12073198                  /usr/lib/libpthread.so.0
729ce83b3000-729ce83b5000 r--p 00000000 103:06 10757047                  /home/aleksei/App/ideaIC-2025.1.2/idea-IC-251.26094.121/jbr/lib/libjli.so
729ce83b5000-729ce83bf000 r-xp 00002000 103:06 10757047                  /home/aleksei/App/ideaIC-2025.1.2/idea-IC-251.26094.121/jbr/lib/libjli.so
729ce83bf000-729ce83c2000 r--p 0000c000 103:06 10757047                  /home/aleksei/App/ideaIC-2025.1.2/idea-IC-251.26094.121/jbr/lib/libjli.so
729ce83c2000-729ce83c3000 ---p 0000f000 103:06 10757047                  /home/aleksei/App/ideaIC-2025.1.2/idea-IC-251.26094.121/jbr/lib/libjli.so
729ce83c3000-729ce83c4000 r--p 0000f000 103:06 10757047                  /home/aleksei/App/ideaIC-2025.1.2/idea-IC-251.26094.121/jbr/lib/libjli.so
729ce83c4000-729ce83c5000 rw-p 00010000 103:06 10757047                  /home/aleksei/App/ideaIC-2025.1.2/idea-IC-251.26094.121/jbr/lib/libjli.so
729ce83c5000-729ce83c8000 r--p 00000000 103:06 12066069                  /usr/lib/libz.so.1.3.1
729ce83c8000-729ce83d6000 r-xp 00003000 103:06 12066069                  /usr/lib/libz.so.1.3.1
729ce83d6000-729ce83dc000 r--p 00011000 103:06 12066069                  /usr/lib/libz.so.1.3.1
729ce83dc000-729ce83dd000 r--p 00017000 103:06 12066069                  /usr/lib/libz.so.1.3.1
729ce83dd000-729ce83de000 rw-p 00018000 103:06 12066069                  /usr/lib/libz.so.1.3.1
729ce83de000-729ce83e6000 rw-s 00000000 00:24 409                        /tmp/hsperfdata_aleksei/70893
729ce83e6000-729ce83e7000 ---p 00000000 00:00 0 
729ce83e7000-729ce83e8000 r--p 00000000 00:00 0 
729ce83e8000-729ce83e9000 ---p 00000000 00:00 0 
729ce83e9000-729ce83ec000 r--p 00000000 103:06 10757054                  /home/aleksei/App/ideaIC-2025.1.2/idea-IC-251.26094.121/jbr/lib/libjimage.so
729ce83ec000-729ce8400000 r-xp 00003000 103:06 10757054                  /home/aleksei/App/ideaIC-2025.1.2/idea-IC-251.26094.121/jbr/lib/libjimage.so
729ce8400000-729ce8406000 r--p 00017000 103:06 10757054                  /home/aleksei/App/ideaIC-2025.1.2/idea-IC-251.26094.121/jbr/lib/libjimage.so
729ce8406000-729ce8408000 r--p 0001c000 103:06 10757054                  /home/aleksei/App/ideaIC-2025.1.2/idea-IC-251.26094.121/jbr/lib/libjimage.so
729ce8408000-729ce8409000 rw-p 0001e000 103:06 10757054                  /home/aleksei/App/ideaIC-2025.1.2/idea-IC-251.26094.121/jbr/lib/libjimage.so
729ce8409000-729ce840b000 rw-p 00000000 00:00 0 
729ce840b000-729ce840f000 r--p 00000000 00:00 0                          [vvar]
729ce840f000-729ce8411000 r-xp 00000000 00:00 0                          [vdso]
729ce8411000-729ce8412000 r--p 00000000 103:06 12071212                  /usr/lib/ld-linux-x86-64.so.2
729ce8412000-729ce843b000 r-xp 00001000 103:06 12071212                  /usr/lib/ld-linux-x86-64.so.2
729ce843b000-729ce8446000 r--p 0002a000 103:06 12071212                  /usr/lib/ld-linux-x86-64.so.2
729ce8446000-729ce8448000 r--p 00034000 103:06 12071212                  /usr/lib/ld-linux-x86-64.so.2
729ce8448000-729ce8449000 rw-p 00036000 103:06 12071212                  /usr/lib/ld-linux-x86-64.so.2
729ce8449000-729ce844a000 rw-p 00000000 00:00 0 
7fffec783000-7fffec7a6000 rw-p 00000000 00:00 0                          [stack]
ffffffffff600000-ffffffffff601000 --xp 00000000 00:00 0                  [vsyscall]
Total number of mappings: 429


VM Arguments:
jvm_args: -Dfile.encoding=UTF-8 -Duser.country=GB -Duser.language=en -Duser.variant -Dawt.toolkit.name=XToolkit 
java_command: core.App
java_class_path (initial): /home/aleksei/Documents/spbu_study/pconv/build/classes/java/main:/home/aleksei/Documents/spbu_study/pconv/build/resources/main:/home/aleksei/.gradle/caches/modules-2/files-2.1/org.bytedeco/opencv-platform/4.5.1-1.5.5/d95b9cb9b23f3b2f3f186068777062d28430ea55/opencv-platform-4.5.1-1.5.5.jar:/home/aleksei/.gradle/caches/modules-2/files-2.1/org.bytedeco/openblas-platform/0.3.13-1.5.5/d79835fa1be959dca3b11f22c4f8bb7293cd4179/openblas-platform-0.3.13-1.5.5.jar:/home/aleksei/.gradle/caches/modules-2/files-2.1/org.bytedeco/opencv/4.5.1-1.5.5/fb962fa32b97d7cae58c840a009e1e25e8a9efb9/opencv-4.5.1-1.5.5.jar:/home/aleksei/.gradle/caches/modules-2/files-2.1/org.bytedeco/opencv/4.5.1-1.5.5/63b92909abf966336eb20c00ff8f9da178f3a088/opencv-4.5.1-1.5.5-android-arm.jar:/home/aleksei/.gradle/caches/modules-2/files-2.1/org.bytedeco/opencv/4.5.1-1.5.5/dc132fff689ce5da1a2d244f6060ee919f142941/opencv-4.5.1-1.5.5-android-arm64.jar:/home/aleksei/.gradle/caches/modules-2/files-2.1/org.bytedeco/opencv/4.5.1-1.5.5/7d2a61b3329291e770d2d607f0376c506119ba50/opencv-4.5.1-1.5.5-android-x86.jar:/home/aleksei/.gradle/caches/modules-2/files-2.1/org.bytedeco/opencv/4.5.1-1.5.5/7a9ec115628f1b996e5cc1e27d503030d8f00407/opencv-4.5.1-1.5.5-android-x86_64.jar:/home/aleksei/.gradle/caches/modules-2/files-2.1/org.bytedeco/opencv/4.5.1-1.5.5/73a7cdd7c572a170c7d14d63eb9549e5b2a79323/opencv-4.5.1-1.5.5-ios-arm64.jar:/home/aleksei/.gradle/caches/modules-2/files-2.1/org.bytedeco/opencv/4.5.1-1.5.5/553e06bebc01739f9da600448377c998c450a283/opencv-4.5.1-1.5.5-ios-x86_64.jar:/home/aleksei/.gradle/caches/modules-2/files-2.1/org.bytedeco/opencv/4.5.1-1.5.5/fb8b3d1467046bac24508405acabc3db0643d581/opencv-4.5.1-1.5.5-linux-x86.jar:/home/aleksei/.gradle/caches/modules-2/files-2.1/org.bytedeco/opencv/4.5.1-1.5.5/25b04906df9c60ae57ea8c45012cb20d36086299/opencv-4.5.1-1.5.5-linux-x86_64.jar:/home/aleksei/.gradle/caches/modules-2/files-2.1/org.bytedeco/opencv/4.5.1-1.5.5/d938362aa23446abe36a3e274816f42601467a4f/opencv-4.5.1-1.5.5-linux-armhf.jar:/home/aleksei/.gradle/caches/modules-2/files-2.1/org.bytedeco/opencv/4.5.1-1.5.5/4a0c4355ad2d8e321440245250b62da515f3ae14/opencv-4.5.1-1.5.5-linux-arm64.jar:/home/aleksei/.gradle/caches/modules-2/files-2.1/org.bytedeco/opencv/4.5.1-1.5.5/b813303169072935cb14fb5987ecc8f92e1eae34/opencv-4.5.1-1.5.5-linux-ppc64le.jar:/home/aleksei/.gradle/caches/modules-2/files-2.1/org.bytedeco/opencv/4.5.1-1.5.5/a079d9d2aff9af6e11456e071fc2e122cbd8d94b/opencv-4.5.1-1.5.5-macosx-x86_64.jar:/home/aleksei/.gradle/caches/modules-2/files-2.1/org.bytedeco/opencv/4.5.1-1.5.5/6aa51b0161dfdfde81e43015042447da868a834c/opencv-4.5.1-1.5.5-windows-x86.jar:/home/aleksei/.gradle/caches/modules-2/files-2.1/org.bytedeco/opencv/4.5.1-1.5.5/33097aa8cb366539340e5e9fd2ef36ea1303ad65/opencv-4.5.1-1.5.5-windows-x86_64.jar:/home/aleksei/.gradle/caches/modules-2/files-2.1/org.bytedeco/javacpp-platform/1.5.5/ce1aae20dac967f042cd30d78e61c55af8477852/javacpp-platform-1.5.5.jar:/home/aleksei/.gradle/caches/modules-2/files-2.1/org.bytedeco/openblas/0.3.13-1.5.5/9dcba9271c67a29d273277ce44b1b91e7240754b/openblas-0.3.13-1.5.5.jar:/home/aleksei/.gradle/caches/modules-2/files-2.1/org.bytedeco/openblas/0.3.13-1.5.5/2ec94abc15c4343c1a1aac22ec506428ba2de0a8/openblas-0.3.13-1.5.5-android-arm.jar:/home/aleksei/.gradle/caches/modules-2/files-2.1/org.bytedeco/openblas/0.3.13-1.5.5/f89e3bf3da02cfea77828873a3e4cf6cf481136c/openblas-0.3.13-1.5.5-android-arm64.jar:/home/aleksei/.gradle/caches/modules-2/files-2.1/org.bytedeco/openblas/0.3.13-1.5.5/12b9d8fdab5894901c3ca75c37bcb4dfab8dbbba/openblas-0.3.13-1.5.5-android-x86.jar:/home/aleksei/.gradle/caches/modules-2/files-2.1/org.bytedeco/openblas/0.3.13-1.5.5/c4fcdf66d92dd4f2da7e2ad61df8c21130c622df/openblas-0.3.13-1.5.5-android-x86_64.jar:/home/aleksei/.gradle/caches/modules-2/files-2.1/org.bytedeco/openblas/0.3.13-1.5.5/6e4a768da2bf4c9979ed688a0f9b1afa25831ebb/openblas-0.3.13-1.5.5-ios-arm64.jar:/home/aleksei/.gradle/caches/modules-2/files-2.1/org.bytedeco/openblas/0.3.13-1.5.5/a065f80bd93d871cc4ce67e241987055af3edd00/openblas-0.3.13-1.5.5-ios-x86_64.jar:/home/aleksei/.gradle/caches/modules-2/files-2.1/org.bytedeco/openblas/0.3.13-1.5.5/7e534273ba7ecbe50c9ffa66363e83299ad6501f/openblas-0.3.13-1.5.5-linux-x86.jar:/home/aleksei/.gradle/caches/modules-2/files-2.1/org.bytedeco/openblas/0.3.13-1.5.5/80fbca129017f61f5767291da018b394f9a2dec3/openblas-0.3.13-1.5.5-linux-x86_64.jar:/home/aleksei/.gradle/caches/modules-2/files-2.1/org.bytedeco/openblas/0.3.13-1.5.5/25917895cc4d047728ce0f6edd010507123d16b3/openblas-0.3.13-1.5.5-linux-armhf.jar:/home/aleksei/.gradle/caches/modules-2/files-2.1/org.bytedeco/openblas/0.3.13-1.5.5/9084552cec07acaf2bc2889a4eaebed8bc48c8bc/openblas-0.3.13-1.5.5-linux-arm64.jar:/home/aleksei/.gradle/caches/modules-2/files-2.1/org.bytedeco/openblas/0.3.13-1.5.5/89146e024449ecf692aa17ae5fa2e90655aff33b/openblas-0.3.13-1.5.5-linux-ppc64le.jar:/home/aleksei/.gradle/caches/modules-2/files-2.1/org.bytedeco/openblas/0.3.13-1.5.5/e67413c8a139b87d8c6356549299bdc2343d7305/openblas-0.3.13-1.5.5-macosx-x86_64.jar:/home/aleksei/.gradle/caches/modules-2/files-2.1/org.bytedeco/openblas/0.3.13-1.5.5/f6f21392676ca7767e79a2db51dc4f66670148c6/openblas-0.3.13-1.5.5-windows-x86.jar:/home/aleksei/.gradle/caches/modules-2/files-2.1/org.bytedeco/openblas/0.3.13-1.5.5/67cf9aff479b0b153df1ab0387161f0a25d8b91f/openblas-0.3.13-1.5.5-windows-x86_64.jar:/home/aleksei/.gradle/caches/modules-2/files-2.1/org.bytedeco/javacpp/1.5.5/92e1c31aaed15a3dc12008859a37ced45fa0b730/javacpp-1.5.5.jar:/home/aleksei/.gradle/caches/modules-2/files-2.1/org.bytedeco/javacpp/1.5.5/3f4103dbc532617a91c176027bd2b52bd95a8929/javacpp-1.5.5-android-arm.jar:/home/aleksei/.gradle/caches/modules-2/files-2.1/org.bytedeco/javacpp/1.5.5/594f1483d24d1a489de29cf7b16cc19b60dbd9f0/javacpp-1.5.5-android-arm64.jar:/home/aleksei/.gradle/caches/modules-2/files-2.1/org.bytedeco/javacpp/1.5.5/42374db77c7c7f1d8620a85c26fbbc14b9c8bcd4/javacpp-1.5.5-android-x86.jar:/home/aleksei/.gradle/caches/modules-2/files-2.1/org.bytedeco/javacpp/1.5.5/82d31939f4ebd6ab9f8e547830ef721340c7c1b7/javacpp-1.5.5-android-x86_64.jar:/home/aleksei/.gradle/caches/modules-2/files-2.1/org.bytedeco/javacpp/1.5.5/9b22365a060f2e3b5bec2ff5f5f6d75ea2962eef/javacpp-1.5.5-ios-arm64.jar:/home/aleksei/.gradle/caches/modules-2/files-2.1/org.bytedeco/javacpp/1.5.5/ee20a88e18d635cc62869a20204e37cc68f6efe4/javacpp-1.5.5-ios-x86_64.jar:/home/aleksei/.gradle/caches/modules-2/files-2.1/org.bytedeco/javacpp/1.5.5/d45afe724f6c373c8070ecd3e955858dc9bbd544/javacpp-1.5.5-linux-armhf.jar:/home/aleksei/.gradle/caches/modules-2/files-2.1/org.bytedeco/javacpp/1.5.5/7397da1ad8ed5a08e8f6d389452ee0fb19bf2bcc/javacpp-1.5.5-linux-arm64.jar:/home/aleksei/.gradle/caches/modules-2/files-2.1/org.bytedeco/javacpp/1.5.5/59e6cae70d93093c8f8909f563f1360c44789c3b/javacpp-1.5.5-linux-ppc64le.jar:/home/aleksei/.gradle/caches/modules-2/files-2.1/org.bytedeco/javacpp/1.5.5/262e581c536a83501f10ddfdcc0f2e83a1a60e10/javacpp-1.5.5-linux-x86.jar:/home/aleksei/.gradle/caches/modules-2/files-2.1/org.bytedeco/javacpp/1.5.5/e5f16ef28a056fe6c0f1c26a6a02f2dc94ce0693/javacpp-1.5.5-linux-x86_64.jar:/home/aleksei/.gradle/caches/modules-2/files-2.1/org.bytedeco/javacpp/1.5.5/1ed7d9a0059182448149115cf13842e83533cfa/javacpp-1.5.5-macosx-arm64.jar:/home/aleksei/.gradle/caches/modules-2/files-2.1/org.bytedeco/javacpp/1.5.5/3525246f3ef45f824fa04004c370f35589730398/javacpp-1.5.5-macosx-x86_64.jar:/home/aleksei/.gradle/caches/modules-2/files-2.1/org.bytedeco/javacpp/1.5.5/9d6da1103af76d7f21c6f644862ab26035c0e05/javacpp-1.5.5-windows-x86.jar:/home/aleksei/.gradle/caches/modules-2/files-2.1/org.bytedeco/javacpp/1.5.5/bdcd2b6a12b6222c50edfbf6e1f46e37ffff73bf/javacpp-1.5.5-windows-x86_64.jar
Launcher Type: SUN_STANDARD

[Global flags]
     intx CICompilerCount                          = 12                                        {product} {ergonomic}
     uint ConcGCThreads                            = 3                                         {product} {ergonomic}
     uint G1ConcRefinementThreads                  = 13                                        {product} {ergonomic}
   size_t G1HeapRegionSize                         = 2097152                                   {product} {ergonomic}
    uintx GCDrainStackTargetSize                   = 64                                        {product} {ergonomic}
   size_t InitialHeapSize                          = 255852544                                 {product} {ergonomic}
   size_t MarkStackSize                            = 4194304                                   {product} {ergonomic}
   size_t MaxHeapSize                              = 4093640704                                {product} {ergonomic}
   size_t MaxNewSize                               = 2455764992                                {product} {ergonomic}
   size_t MinHeapDeltaBytes                        = 2097152                                   {product} {ergonomic}
   size_t MinHeapSize                              = 8388608                                   {product} {ergonomic}
    uintx NonNMethodCodeHeapSize                   = 7602480                                {pd product} {ergonomic}
    uintx NonProfiledCodeHeapSize                  = 122027880                              {pd product} {ergonomic}
    uintx ProfiledCodeHeapSize                     = 122027880                              {pd product} {ergonomic}
    uintx ReservedCodeCacheSize                    = 251658240                              {pd product} {ergonomic}
     bool SegmentedCodeCache                       = true                                      {product} {ergonomic}
   size_t SoftMaxHeapSize                          = 4093640704                             {manageable} {ergonomic}
     bool UseCompressedOops                        = true                           {product lp64_product} {ergonomic}
     bool UseG1GC                                  = true                                      {product} {ergonomic}

Logging:
Log output configuration:
 #0: stdout all=warning uptime,level,tags foldmultilines=false
 #1: stderr all=off uptime,level,tags foldmultilines=false

Environment Variables:
PATH=/home/aleksei/.local/bin:/usr/local/bin:/usr/bin:/usr/local/sbin:/usr/lib/jvm/default/bin:/usr/bin/site_perl:/usr/bin/vendor_perl:/usr/bin/core_perl:/usr/lib/rustup/bin
USERNAME=aleksei
SHELL=/bin/bash
DISPLAY=:0
LANG=en_GB.UTF-8
LC_NUMERIC=ru_RU.UTF-8
LC_TIME=ru_RU.UTF-8

Active Locale:
LC_ALL=LC_CTYPE=en_GB.UTF-8;LC_NUMERIC=ru_RU.UTF-8;LC_TIME=ru_RU.UTF-8;LC_COLLATE=en_GB.UTF-8;LC_MONETARY=ru_RU.UTF-8;LC_MESSAGES=en_GB.UTF-8;LC_PAPER=ru_RU.UTF-8;LC_NAME=ru_RU.UTF-8;LC_ADDRESS=ru_RU.UTF-8;LC_TELEPHONE=ru_RU.UTF-8;LC_MEASUREMENT=ru_RU.UTF-8;LC_IDENTIFICATION=ru_RU.UTF-8
LC_COLLATE=en_GB.UTF-8
LC_CTYPE=en_GB.UTF-8
LC_MESSAGES=en_GB.UTF-8
LC_MONETARY=ru_RU.UTF-8
LC_NUMERIC=ru_RU.UTF-8
LC_TIME=ru_RU.UTF-8

Signal Handlers:
   SIGSEGV: crash_handler in libjvm.so, mask=11100100010111111101111111111110, flags=SA_RESTART|SA_SIGINFO, unblocked
    SIGBUS: crash_handler in libjvm.so, mask=11100100010111111101111111111110, flags=SA_RESTART|SA_SIGINFO, unblocked
    SIGFPE: crash_handler in libjvm.so, mask=11100100010111111101111111111110, flags=SA_RESTART|SA_SIGINFO, unblocked
   SIGPIPE: javaSignalHandler in libjvm.so, mask=11100100010111111101111111111110, flags=SA_RESTART|SA_SIGINFO, blocked
   SIGXFSZ: javaSignalHandler in libjvm.so, mask=11100100010111111101111111111110, flags=SA_RESTART|SA_SIGINFO, blocked
    SIGILL: crash_handler in libjvm.so, mask=11100100010111111101111111111110, flags=SA_RESTART|SA_SIGINFO, unblocked
   SIGUSR2: SR_handler in libjvm.so, mask=00000000000000000000000000000000, flags=SA_RESTART|SA_SIGINFO, blocked
    SIGHUP: UserHandler in libjvm.so, mask=11100100010111111101111111111110, flags=SA_RESTART|SA_SIGINFO, blocked
    SIGINT: UserHandler in libjvm.so, mask=11100100010111111101111111111110, flags=SA_RESTART|SA_SIGINFO, blocked
   SIGTERM: UserHandler in libjvm.so, mask=11100100010111111101111111111110, flags=SA_RESTART|SA_SIGINFO, blocked
   SIGQUIT: UserHandler in libjvm.so, mask=11100100010111111101111111111110, flags=SA_RESTART|SA_SIGINFO, blocked
   SIGTRAP: crash_handler in libjvm.so, mask=11100100010111111101111111111110, flags=SA_RESTART|SA_SIGINFO, unblocked


Periodic native trim disabled

JNI global refs:
JNI global refs: 17, weak refs: 754

JNI global refs memory usage: 859, weak refs: 7873

Process memory usage:
Resident Set Size: 312588K (1% of 15984600K total physical memory with 6334420K free physical memory)

OOME stack traces (most recent first):
Classloader memory used:
Loader jdk.internal.loader.ClassLoaders$AppClassLoader                                 : 7149K
Loader bootstrap                                                                       : 1860K
Loader jdk.internal.loader.ClassLoaders$PlatformClassLoader                            : 18728B

---------------  S Y S T E M  ---------------

OS:
DISTRIB_ID="ManjaroLinux"
DISTRIB_RELEASE="25.0.0"
DISTRIB_CODENAME="Zetar"
DISTRIB_DESCRIPTION="Manjaro Linux"
uname: Linux 6.12.21-4-MANJARO #1 SMP PREEMPT_DYNAMIC Tue, 01 Apr 2025 18:45:30 +0000 x86_64
OS uptime: 0 days 2:57 hours
libc: glibc 2.41 NPTL 2.41 
rlimit (soft/hard): STACK 8192k/infinity , CORE infinity/infinity , NPROC 61811/61811 , NOFILE 524288/524288 , AS infinity/infinity , CPU infinity/infinity , DATA infinity/infinity , FSIZE infinity/infinity , MEMLOCK 8192k/8192k
load average: 0,97 0,79 0,84

/proc/meminfo:
MemTotal:       15984600 kB
MemFree:         3188360 kB
MemAvailable:    6334420 kB
Buffers:           38356 kB
Cached:          4158084 kB
SwapCached:          516 kB
Active:          5728888 kB
Inactive:        5647548 kB
Active(anon):    4650380 kB
Inactive(anon):  3518196 kB
Active(file):    1078508 kB
Inactive(file):  2129352 kB
Unevictable:      111312 kB
Mlocked:              48 kB
SwapTotal:       4194300 kB
SwapFree:        4186108 kB
Zswap:                 0 kB
Zswapped:              0 kB
Dirty:               400 kB
Writeback:             0 kB
AnonPages:       7114952 kB
Mapped:          1854944 kB
Shmem:            988952 kB
KReclaimable:     283128 kB
Slab:             489600 kB
SReclaimable:     283128 kB
SUnreclaim:       206472 kB
KernelStack:       30208 kB
PageTables:        61360 kB
SecPageTables:      2080 kB
NFS_Unstable:          0 kB
Bounce:                0 kB
WritebackTmp:          0 kB
CommitLimit:    12186600 kB
Committed_AS:   23978700 kB
VmallocTotal:   34359738367 kB
VmallocUsed:      177624 kB
VmallocChunk:          0 kB
Percpu:            12672 kB
HardwareCorrupted:     0 kB
AnonHugePages:   2285568 kB
ShmemHugePages:   790528 kB
ShmemPmdMapped:        0 kB
FileHugePages:    649216 kB
FilePmdMapped:    622592 kB
CmaTotal:              0 kB
CmaFree:               0 kB
Unaccepted:            0 kB
HugePages_Total:       0
HugePages_Free:        0
HugePages_Rsvd:        0
HugePages_Surp:        0
Hugepagesize:       2048 kB
Hugetlb:               0 kB
DirectMap4k:     1123060 kB
DirectMap2M:    15263744 kB
DirectMap1G:           0 kB

/sys/kernel/mm/transparent_hugepage/enabled: [always] madvise never
/sys/kernel/mm/transparent_hugepage/hpage_pmd_size: 2097152
/sys/kernel/mm/transparent_hugepage/defrag (defrag/compaction efforts parameter): always defer defer+madvise [madvise] never

Process Memory:
Virtual Size: 11932256K (peak: 11932256K)
Resident Set Size: 312588K (peak: 312588K) (anon: 254964K, file: 57624K, shmem: 0K)
Swapped out: 0K
C-Heap outstanding allocations: 46552K, retained: 45351K
glibc malloc tunables: (default)

/proc/sys/kernel/threads-max (system-wide limit on the number of threads): 123623
/proc/sys/vm/max_map_count (maximum number of memory map areas a process may have): 1048576
/proc/sys/vm/swappiness (control to define how aggressively the kernel swaps out anonymous memory): 60
/proc/sys/kernel/pid_max (system-wide limit on number of process identifiers): 4194304

container information not found.
Steal ticks since vm start: 0
Steal ticks percentage since vm start:  0,000

CPU: total 16 (initial active 16) (8 cores per cpu, 2 threads per core) family 6 model 154 stepping 3 microcode 0x436, cx8, cmov, fxsr, ht, mmx, 3dnowpref, sse, sse2, sse3, ssse3, sse4.1, sse4.2, popcnt, lzcnt, tsc, tscinvbit, avx, avx2, aes, erms, clmul, bmi1, bmi2, adx, sha, fma, vzeroupper, clflush, clflushopt, clwb, serialize, rdtscp, rdpid, fsrm, f16c, pku, ospke, cet_ibt, cet_ss
CPU Model and flags from /proc/cpuinfo:
model name	: 12th Gen Intel(R) Core(TM) i7-12650H
flags		: fpu vme de pse tsc msr pae mce cx8 apic sep mtrr pge mca cmov pat pse36 clflush dts acpi mmx fxsr sse sse2 ss ht tm pbe syscall nx pdpe1gb rdtscp lm constant_tsc art arch_perfmon pebs bts rep_good nopl xtopology nonstop_tsc cpuid aperfmperf tsc_known_freq pni pclmulqdq dtes64 monitor ds_cpl vmx smx est tm2 ssse3 sdbg fma cx16 xtpr pdcm pcid sse4_1 sse4_2 x2apic movbe popcnt tsc_deadline_timer aes xsave avx f16c rdrand lahf_lm abm 3dnowprefetch cpuid_fault epb ssbd ibrs ibpb stibp ibrs_enhanced tpr_shadow flexpriority ept vpid ept_ad fsgsbase tsc_adjust bmi1 avx2 smep bmi2 erms invpcid rdseed adx smap clflushopt clwb intel_pt sha_ni xsaveopt xsavec xgetbv1 xsaves split_lock_detect user_shstk avx_vnni dtherm ida arat pln pts hwp hwp_notify hwp_act_window hwp_epp hwp_pkg_req hfi vnmi umip pku ospke waitpkg gfni vaes vpclmulqdq rdpid movdiri movdir64b fsrm md_clear serialize arch_lbr ibt flush_l1d arch_capabilities

Online cpus: 0-15
Offline cpus: 
BIOS frequency limitation: <Not Available>
Frequency switch latency (ns): 0
Available cpu frequencies: <Not Available>
Current governor: powersave
Core performance/turbo boost: <Not Available>

Memory: 4k page, physical 15984600k(6334420k free), swap 4194300k(4186108k free)
Page Sizes: 4k

vm_info: OpenJDK 64-Bit Server VM (21.0.7+9-b895.130) for linux-amd64 JRE (21.0.7+9-b895.130), built on 2025-05-13 by "builduser" with gcc 10.2.1 20210130 (Red Hat 10.2.1-11.1.0.1)

END.
