#
# A fatal error has been detected by the Java Runtime Environment:
#
#  SIGSEGV (0xb) at pc=0x000071043823a799, pid=14194, tid=14196
#
# JRE version: OpenJDK Runtime Environment JBR-21.0.7+9-895.130-jcef (21.0.7+9) (build 21.0.7+9-b895.130)
# Java VM: OpenJDK 64-Bit Server VM JBR-21.0.7+9-895.130-jcef (21.0.7+9-b895.130, mixed mode, sharing, tiered, compressed oops, compressed class ptrs, g1 gc, linux-amd64)
# Problematic frame:
# C  [libjniopenblas_nolapack.so+0x3a799]  Java_org_bytedeco_javacpp_BytePointer_put__JB+0x49
#
# Core dump will be written. Default location: Core dumps may be processed with "/usr/lib/systemd/systemd-coredump %P %u %g %s %t %c %h" (or dumping to /home/aleksei/Documents/spbu_study/pconv/core.14194)
#
# If you would like to submit a bug report, please visit:
#   https://youtrack.jetbrains.com/issues/JBR
# The crash happened outside the Java Virtual Machine in native code.
# See problematic frame for where to report the bug.
#

---------------  S U M M A R Y ------------

Command Line: -Dfile.encoding=UTF-8 -Duser.country=GB -Duser.language=en -Duser.variant -Dawt.toolkit.name=XToolkit core.App

Host: 12th Gen Intel(R) Core(TM) i7-12650H, 16 cores, 15G, Manjaro Linux
Time: Thu Jun 12 18:06:08 2025 MSK elapsed time: 34.095413 seconds (0d 0h 0m 34s)

---------------  T H R E A D  ---------------

Current thread (0x000071046002cf30):  JavaThread "main"             [_thread_in_native, id=14196, stack(0x0000710467300000,0x0000710467400000) (1024K)]

Stack: [0x0000710467300000,0x0000710467400000],  sp=0x00007104673fe740,  free space=1017k
Native frames: (J=compiled Java code, j=interpreted, Vv=VM code, C=native code)
C  [libjniopenblas_nolapack.so+0x3a799]  Java_org_bytedeco_javacpp_BytePointer_put__JB+0x49
Java frames: (J=compiled Java code, j=interpreted, Vv=VM code)
J 1168  org.bytedeco.javacpp.BytePointer.put(JB)Lorg/bytedeco/javacpp/BytePointer; (0 bytes) @ 0x0000710454a778f0 [0x0000710454a778a0+0x0000000000000050]
J 1170 c1 org.bytedeco.javacpp.BytePointer.put(B)Lorg/bytedeco/javacpp/BytePointer; (7 bytes) @ 0x000071044cff0e5c [0x000071044cff0dc0+0x000000000000009c]
j  core.convoulter.Convoluter.MakeConvolution(Lcore/convoulter/Filter;)V+202
j  core.convoulter.Convoluter.convolution(Lcore/console/FilterType;)V+36
j  core.App.main([Ljava/lang/String;)V+134
v  ~StubRoutines::call_stub 0x000071045425fcc6

siginfo: si_signo: 11 (SIGSEGV), si_code: 2 (SEGV_ACCERR), si_addr: 0x0000710295400040

Registers:
RAX=0x00007104673fe770, RBX=0x00007104673fe770, RCX=0x0000000000000006, RDX=0x0000000000000062
RSP=0x00007104673fe740, RBP=0x000071046002d2e8, RSI=0x00007104673fe770, RDI=0x000071046002d2e8
R8 =0x000071046002efa0, R9 =0x0000000717593178, R10=0x0000000000000018, R11=0x0000000000000008
R12=0x0000710295400040, R13=0x0000000000000000, R14=0x0000000000000006, R15=0x000071046002cf30
RIP=0x000071043823a799, EFLAGS=0x0000000000010202, CSGSFS=0x002b000000000033, ERR=0x0000000000000007
  TRAPNO=0x000000000000000e

XMM[0]=0x0000000000000000 0x401b627627627628
XMM[1]=0x0000000000000000 0x3ff0000000000000
XMM[2]=0x0000000000000000 0x3ff0000000000000
XMM[3]=0x0000000000000000 0x41ad672300000000
XMM[4]=0x0000000000000000 0x4059000000000000
XMM[5]=0x0000000000000000 0x4059000000000000
XMM[6]=0x0000000000000000 0x8349c90000000000
XMM[7]=0x0000000000000000 0x8b4808244c8b4810
XMM[8]=0x0000000000000000 0x3824548b4c40245c
XMM[9]=0x0000000000000000 0xffcab418f71fcc4a
XMM[10]=0x0000000000000000 0x00000000f7551832
XMM[11]=0x0000000000000000 0x25ba22dc1cd9ef26
XMM[12]=0x0000000000000000 0x00000000f71fcc4a
XMM[13]=0x0000000000000000 0x1323132313231323
XMM[14]=0x0000000000000000 0x2591259125912591
XMM[15]=0x0000000000000000 0x074c074c074c074c
  MXCSR=0x00001fa2


Register to memory mapping:

RAX=0x00007104673fe770 is pointing into the stack for thread: 0x000071046002cf30
RBX=0x00007104673fe770 is pointing into the stack for thread: 0x000071046002cf30
RCX=0x0000000000000006 is an unknown value
RDX=0x0000000000000062 is an unknown value
RSP=0x00007104673fe740 is pointing into the stack for thread: 0x000071046002cf30
RBP=0x000071046002d2e8 points into unknown readable memory: 0x00007104688d3040 | 40 30 8d 68 04 71 00 00
RSI=0x00007104673fe770 is pointing into the stack for thread: 0x000071046002cf30
RDI=0x000071046002d2e8 points into unknown readable memory: 0x00007104688d3040 | 40 30 8d 68 04 71 00 00
R8 =0x000071046002efa0 points into unknown readable memory: 0x00007103e7400878 | 78 08 40 e7 03 71 00 00
R9 =0x0000000717593178 is an oop: org.bytedeco.javacpp.BytePointer 
{0x0000000717593178} - klass: 'org/bytedeco/javacpp/BytePointer'
 - ---- fields (total size 6 words):
 - private 'deallocator' 'Lorg/bytedeco/javacpp/Pointer$Deallocator;' @12  null (0x00000000)
 - protected 'address' 'J' @16  124255907872832 (0x0000710295400040)
 - protected 'position' 'J' @24  0 (0x0000000000000000)
 - protected 'limit' 'J' @32  0 (0x0000000000000000)
 - protected 'capacity' 'J' @40  0 (0x0000000000000000)
R10=0x0000000000000018 is an unknown value
R11=0x0000000000000008 is an unknown value
R12=0x0000710295400040: <offset 0x0000000000000040> in /home/aleksei/.javacpp/cache/opencv-4.5.1-1.5.5-linux-x86_64.jar/org/bytedeco/opencv/linux-x86_64/libjniopencv_imgcodecs.so at 0x0000710295400000
R13=0x0 is null
R14=0x0000000000000006 is an unknown value
R15=0x000071046002cf30 is a thread

Top of Stack: (sp=0x00007104673fe740)
0x00007104673fe740:   00007103e7440db8 00007104673fe7b0
0x00007104673fe750:   0000000000000000 00007104673fe808
0x00007104673fe760:   0000000000000000 0000710454a77963
0x00007104673fe770:   0000000717593178 000071039c3f429b
0x00007104673fe780:   00007103e78f85d0 00007104673fe7f0
0x00007104673fe790:   0000000000000000 00007104673fe800
0x00007104673fe7a0:   0000000000000000 0000710454a7706a
0x00007104673fe7b0:   00007104673fe860 000071044cff0e5c
0x00007104673fe7c0:   ffffffffffffffff 00007103e7440db8
0x00007104673fe7d0:   00007104673fe860 0000710454a77e64
0x00007104673fe7e0:   00007104673fe860 00007104542672f2
0x00007104673fe7f0:   00007104673fe860 00007104542672f2
0x00007104673fe800:   00007104542672f2 0000000000000006
0x00007104673fe810:   0000000717593178 00007104673fe818
0x00007104673fe820:   00007103e7401de2 0000000000000014
0x00007104673fe830:   00007103e74034f0 0000000000000000
0x00007104673fe840:   0000000717e63e68 00007103e74033f0
0x00007104673fe850:   00007104673fe808 00007104673fe8f8
0x00007104673fe860:   00007104673fe950 0000710454267180
0x00007104673fe870:   0000000000000003 0000000000000002
0x00007104673fe880:   0000000000000005 0000000000000005
0x00007104673fe890:   4056400000000000 0000000000000000
0x00007104673fe8a0:   00000000000005a0 0000000000000000
0x00007104673fe8b0:   000000000000059f 0000000000000780
0x00007104673fe8c0:   3fb3b13b13b13b14 0000000000000000
0x00007104673fe8d0:   0000000000000000 0000000000000000
0x00007104673fe8e0:   0000000717e646f0 0000000000000005
0x00007104673fe8f0:   0000000000000005 0000000717e646c8
0x00007104673fe900:   0000000717e64688 00007104673fe908
0x00007104673fe910:   00007103e740334c 0000000000000003
0x00007104673fe920:   00007103e74034f0 0000000000000000
0x00007104673fe930:   0000000717e63e68 00007103e7403370 

Instructions: (pc=0x000071043823a799)
0x000071043823a699:   48 8b 03 48 8b 15 5d 03 21 00 4c 89 ee 48 89 df
0x000071043823a6a9:   ff 90 28 03 00 00 4c 01 e0 4d 85 ff 48 89 44 24
0x000071043823a6b9:   08 74 54 48 8b 03 31 d2 4c 89 fe 48 89 df ff 90
0x000071043823a6c9:   f0 06 00 00 48 8b 7c 24 08 48 8d 34 28 4c 89 f2
0x000071043823a6d9:   49 89 c4 e8 df 76 fd ff 48 8b 03 31 c9 4c 89 e2
0x000071043823a6e9:   4c 89 fe 48 89 df ff 90 f8 06 00 00 48 83 c4 18
0x000071043823a6f9:   4c 89 e8 5b 5d 41 5c 41 5d 41 5e 41 5f c3 66 0f
0x000071043823a709:   1f 84 00 00 00 00 00 48 89 c7 4c 89 f2 48 89 ee
0x000071043823a719:   e8 a2 76 fd ff eb d5 be 14 00 00 00 48 89 df 45
0x000071043823a729:   31 ed e8 00 d1 ff ff 48 8b 0b 48 8d 15 c1 25 00
0x000071043823a739:   00 48 89 c6 48 89 df ff 51 70 eb b0 90 66 2e 0f
0x000071043823a749:   1f 84 00 00 00 00 00 41 56 41 55 41 89 ce 41 54
0x000071043823a759:   55 49 89 d5 53 48 8b 07 48 89 fd 48 89 f3 48 8b
0x000071043823a769:   15 9a 02 21 00 ff 90 28 03 00 00 48 85 c0 74 2d
0x000071043823a779:   49 89 c4 48 8b 45 00 48 8b 15 79 02 21 00 48 89
0x000071043823a789:   de 48 89 ef ff 90 28 03 00 00 49 01 c4 48 89 d8
0x000071043823a799:   47 88 34 2c 5b 5d 41 5c 41 5d 41 5e c3 be 14 00
0x000071043823a7a9:   00 00 48 89 ef e8 7d d0 ff ff 48 8b 4d 00 48 8d
0x000071043823a7b9:   15 3d 25 00 00 48 89 c6 48 89 ef ff 51 70 31 c0
0x000071043823a7c9:   eb d2 0f 1f 44 00 00 41 55 41 54 49 89 d5 55 53
0x000071043823a7d9:   49 89 f4 48 89 fb 48 83 ec 08 48 8b 07 48 8b 15
0x000071043823a7e9:   1b 02 21 00 ff 90 28 03 00 00 48 85 c0 74 30 48
0x000071043823a7f9:   89 c5 48 8b 03 48 8b 15 fb 01 21 00 4c 89 e6 48
0x000071043823a809:   89 df ff 90 28 03 00 00 48 01 c5 42 0f b7 44 2d
0x000071043823a819:   00 48 83 c4 08 5b 5d 41 5c 41 5d c3 0f 1f 00 be
0x000071043823a829:   14 00 00 00 48 89 df e8 fb cf ff ff 48 8b 0b 48
0x000071043823a839:   8d 15 bc 24 00 00 48 89 c6 48 89 df ff 51 70 31
0x000071043823a849:   c0 eb ce 0f 1f 40 00 41 56 41 55 41 89 ce 41 54
0x000071043823a859:   55 49 89 d5 53 48 8b 07 48 89 fd 48 89 f3 48 8b
0x000071043823a869:   15 9a 01 21 00 ff 90 28 03 00 00 48 85 c0 74 2e
0x000071043823a879:   49 89 c4 48 8b 45 00 48 8b 15 79 01 21 00 48 89
0x000071043823a889:   de 48 89 ef ff 90 28 03 00 00 49 01 c4 48 89 d8 


Stack slot to memory mapping:

stack at sp + 0 slots: {method} {0x00007103e7440db8} 'put' '(B)Lorg/bytedeco/javacpp/BytePointer;' in 'org/bytedeco/javacpp/BytePointer'
stack at sp + 1 slots: 0x00007104673fe7b0 is pointing into the stack for thread: 0x000071046002cf30
stack at sp + 2 slots: 0x0 is null
stack at sp + 3 slots: 0x00007104673fe808 is pointing into the stack for thread: 0x000071046002cf30
stack at sp + 4 slots: 0x0 is null
stack at sp + 5 slots: 0x0000710454a77963 is at entry_point+195 in (nmethod*)0x0000710454a77710
Compiled method (n/a) 34096 1168     n 0       org.bytedeco.javacpp.BytePointer::put (native)
 total in heap  [0x0000710454a77710,0x0000710454a77c70] = 1376
 relocation     [0x0000710454a77868,0x0000710454a778a0] = 56
 main code      [0x0000710454a778a0,0x0000710454a77c65] = 965
 stub code      [0x0000710454a77c65,0x0000710454a77c68] = 3
 oops           [0x0000710454a77c68,0x0000710454a77c70] = 8
stack at sp + 6 slots: 0x0000000717593178 is an oop: org.bytedeco.javacpp.BytePointer 
{0x0000000717593178} - klass: 'org/bytedeco/javacpp/BytePointer'
 - ---- fields (total size 6 words):
 - private 'deallocator' 'Lorg/bytedeco/javacpp/Pointer$Deallocator;' @12  null (0x00000000)
 - protected 'address' 'J' @16  124255907872832 (0x0000710295400040)
 - protected 'position' 'J' @24  0 (0x0000000000000000)
 - protected 'limit' 'J' @32  0 (0x0000000000000000)
 - protected 'capacity' 'J' @40  0 (0x0000000000000000)
stack at sp + 7 slots: 0x000071039c3f429b: Java_org_bytedeco_opencv_opencv_1core_Mat_ptr__II+0x000000000000009b in /home/aleksei/.javacpp/cache/opencv-4.5.1-1.5.5-linux-x86_64.jar/org/bytedeco/opencv/linux-x86_64/libjniopencv_core.so at 0x000071039c200000


Compiled method (n/a) 34096 1168     n 0       org.bytedeco.javacpp.BytePointer::put (native)
 total in heap  [0x0000710454a77710,0x0000710454a77c70] = 1376
 relocation     [0x0000710454a77868,0x0000710454a778a0] = 56
 main code      [0x0000710454a778a0,0x0000710454a77c65] = 965
 stub code      [0x0000710454a77c65,0x0000710454a77c68] = 3
 oops           [0x0000710454a77c68,0x0000710454a77c70] = 8

[Constant Pool (empty)]

[MachCode]
[Entry Point]
  # {method} {0x00007103e7440e60} 'put' '(JB)Lorg/bytedeco/javacpp/BytePointer;' in 'org/bytedeco/javacpp/BytePointer'
  # this:     rsi:rsi   = 'org/bytedeco/javacpp/BytePointer'
  # parm0:    rdx:rdx   = long
  # parm1:    rcx       = byte
  #           [sp+0x50]  (sp of caller)
  0x0000710454a778a0: 448b 5608 | 49bb 0000 | 00eb 0371 | 0000 4d03 | d349 3bc2 | 0f84 0600 

  0x0000710454a778b8: ;   {runtime_call ic_miss_stub}
  0x0000710454a778b8: 0000 e9c1 | 5783 ff90 
[Verified Entry Point]
  0x0000710454a778c0: 8984 2400 | c0fe ff55 | 488b ec48 | 83ec 4090 | 4181 7f20 | 0100 0000 

  0x0000710454a778d8: ;   {runtime_call StubRoutines (final stubs)}
  0x0000710454a778d8: 7405 e8c1 | bb81 ff48 | 8934 2448 | 83fe 0048 | 8d34 2448 | 0f44 3424 

  0x0000710454a778f0: ;   {internal_word}
  0x0000710454a778f0: c5f8 7749 | baf0 78a7 | 5404 7100 | 004d 8997 | a003 0000 | 4989 a798 

  0x0000710454a77908: ;   {external_word}
  0x0000710454a77908: 0300 0080 | 3d23 a7e9 | 1300 0f84 | 3400 0000 

  0x0000710454a77918: ;   {metadata({method} {0x00007103e7440e60} 'put' '(JB)Lorg/bytedeco/javacpp/BytePointer;' in 'org/bytedeco/javacpp/BytePointer')}
  0x0000710454a77918: 5652 5148 | be60 0e44 | e703 7100 | 0049 8bff | 40f6 c40f | 0f84 1200 | 0000 4883 

  0x0000710454a77934: ;   {runtime_call SharedRuntime::dtrace_method_entry(JavaThread*, Method*)}
  0x0000710454a77934: ec08 e895 | 7f74 1348 | 83c4 08e9 | 0500 0000 

  0x0000710454a77944: ;   {runtime_call SharedRuntime::dtrace_method_entry(JavaThread*, Method*)}
  0x0000710454a77944: e887 7f74 | 1359 5a5e | 498d bfb8 | 0300 0041 | c787 4404 | 0000 0400 

  0x0000710454a7795c: ;   {runtime_call Java_org_bytedeco_javacpp_BytePointer_put__JB}
  0x0000710454a7795c: 0000 e8ed | 2d7c e3c5 | f877 41c7 | 8744 0400 | 0005 0000 | 00f0 8344 | 24c0 0049 | 3baf 4804 
  0x0000710454a7797c: 0000 0f87 | 0e00 0000 | 4183 bf40 | 0400 0000 | 0f84 2400 | 0000 c5f8 | 7748 8945 | f849 8bff 
  0x0000710454a7799c: 4c8b e448 | 83ec 0048 

  0x0000710454a779a4: ;   {runtime_call JavaThread::check_special_condition_for_native_trans(JavaThread*)}
  0x0000710454a779a4: 83e4 f0e8 | 847d 2b13 | 498b e44d | 33e4 488b | 45f8 41c7 | 8744 0400 | 0008 0000 | 0041 83bf 
  0x0000710454a779c4: c004 0000 | 020f 8470 

  0x0000710454a779cc: ;   {external_word}
  0x0000710454a779cc: 0200 0080 | 3d5f a6e9 | 1300 0f84 | 3600 0000 | 4889 45f8 

  0x0000710454a779e0: ;   {metadata({method} {0x00007103e7440e60} 'put' '(JB)Lorg/bytedeco/javacpp/BytePointer;' in 'org/bytedeco/javacpp/BytePointer')}
  0x0000710454a779e0: 48be 600e | 44e7 0371 | 0000 498b | ff40 f6c4 | 0f0f 8412 | 0000 0048 

  0x0000710454a779f8: ;   {runtime_call SharedRuntime::dtrace_method_exit(JavaThread*, Method*)}
  0x0000710454a779f8: 83ec 08e8 | e07e 7413 | 4883 c408 | e905 0000 

  0x0000710454a77a08: ;   {runtime_call SharedRuntime::dtrace_method_exit(JavaThread*, Method*)}
  0x0000710454a77a08: 00e8 d27e | 7413 488b | 45f8 49c7 | 8798 0300 | 0000 0000 | 0049 c787 | a003 0000 | 0000 0000 
  0x0000710454a77a28: c5f8 7748 | 85c0 0f84 | e801 0000 | a803 0f85 | 0800 0000 | 488b 00e9 | d801 0000 | a801 0f85 
  0x0000710454a77a48: 0900 0000 | 488b 40fe | e9c7 0100 | 0048 8b40 | ff41 807f | 4000 0f84 | b801 0000 | 4883 f800 
  0x0000710454a77a68: 0f84 ae01 | 0000 498b | 4f28 4883 | f900 0f84 | 1400 0000 | 4883 e908 | 4989 4f28 | 4903 4f38 
  0x0000710454a77a88: 4889 01e9 | 8c01 0000 | 4881 ecd0 | 0000 0048 | 8904 2448 | 894c 2408 | 4889 5424 | 1048 8974 
  0x0000710454a77aa8: 2418 4889 | 7c24 204c | 8944 2428 | 4c89 4c24 | 304c 8954 | 2438 4c89 | 5c24 40c5 | fb11 4424 
  0x0000710454a77ac8: 50c5 fb11 | 4c24 58c5 | fb11 5424 | 60c5 fb11 | 5c24 68c5 | fb11 6424 | 70c5 fb11 | 6c24 78c5 
  0x0000710454a77ae8: fb11 b424 | 8000 0000 | c5fb 11bc | 2488 0000 | 00c5 7b11 | 8424 9000 | 0000 c57b | 118c 2498 
  0x0000710454a77b08: ;   {no_reloc}
  0x0000710454a77b08: 0000 00c5 | 7b11 9424 | a000 0000 | c57b 119c | 24a8 0000 | 00c5 7b11 | a424 b000 | 0000 c57b 
  0x0000710454a77b28: 11ac 24b8 | 0000 00c5 | 7b11 b424 | c000 0000 | c57b 11bc | 24c8 0000 | 0049 8bf7 | 488b f840 
  0x0000710454a77b48: f6c4 0f0f | 8412 0000 | 0048 83ec 

  0x0000710454a77b54: ;   {runtime_call G1BarrierSetRuntime::write_ref_field_pre_entry(oopDesc*, JavaThread*)}
  0x0000710454a77b54: 08e8 e6a5 | 1413 4883 | c408 e905 

  0x0000710454a77b60: ;   {runtime_call G1BarrierSetRuntime::write_ref_field_pre_entry(oopDesc*, JavaThread*)}
  0x0000710454a77b60: 0000 00e8 | d8a5 1413 | c57b 10bc | 24c8 0000 | 00c5 7b10 | b424 c000 | 0000 c57b | 10ac 24b8 
  0x0000710454a77b80: 0000 00c5 | 7b10 a424 | b000 0000 | c57b 109c | 24a8 0000 | 00c5 7b10 | 9424 a000 | 0000 c57b 
  0x0000710454a77ba0: 108c 2498 | 0000 00c5 | 7b10 8424 | 9000 0000 | c5fb 10bc | 2488 0000 | 00c5 fb10 | b424 8000 
  0x0000710454a77bc0: 0000 c5fb | 106c 2478 | c5fb 1064 | 2470 c5fb | 105c 2468 | c5fb 1054 | 2460 c5fb | 104c 2458 
  0x0000710454a77be0: c5fb 1044 | 2450 4c8b | 5c24 404c | 8b54 2438 | 4c8b 4c24 | 304c 8b44 | 2428 488b | 7c24 2048 
  0x0000710454a77c00: 8b74 2418 | 488b 5424 | 1048 8b4c | 2408 488b | 0424 4881 | c4d0 0000 | 00c5 f877 | 498b 8f28 
  0x0000710454a77c20: 0400 00c7 | 8100 0100 | 0000 0000 | 00c9 4983 | 7f08 000f | 8501 0000 

  0x0000710454a77c38: ;   {runtime_call StubRoutines (initial stubs)}
  0x0000710454a77c38: 00c3 e9c1 | 7f7e ffc5 | f877 4889 | 45f8 4c8b | e448 83ec | 0048 83e4 

  0x0000710454a77c50: ;   {runtime_call SharedRuntime::reguard_yellow_pages()}
  0x0000710454a77c50: f0e8 5a8b | 7413 498b | e44d 33e4 | 488b 45f8 | e96a fdff | fff4 f4f4 
[/MachCode]


Compiled method (c1) 34110 1170       3       org.bytedeco.javacpp.BytePointer::put (7 bytes)
 total in heap  [0x000071044cff0c10,0x000071044cff0f90] = 896
 relocation     [0x000071044cff0d68,0x000071044cff0da8] = 64
 main code      [0x000071044cff0dc0,0x000071044cff0ed8] = 280
 stub code      [0x000071044cff0ed8,0x000071044cff0f18] = 64
 oops           [0x000071044cff0f18,0x000071044cff0f20] = 8
 metadata       [0x000071044cff0f20,0x000071044cff0f30] = 16
 scopes data    [0x000071044cff0f30,0x000071044cff0f48] = 24
 scopes pcs     [0x000071044cff0f48,0x000071044cff0f88] = 64
 dependencies   [0x000071044cff0f88,0x000071044cff0f90] = 8

[Constant Pool (empty)]

[MachCode]
[Entry Point]
  # {method} {0x00007103e7440db8} 'put' '(B)Lorg/bytedeco/javacpp/BytePointer;' in 'org/bytedeco/javacpp/BytePointer'
  # this:     rsi:rsi   = 'org/bytedeco/javacpp/BytePointer'
  # parm0:    rdx       = byte
  #           [sp+0x40]  (sp of caller)
  0x000071044cff0dc0: 448b 5608 | 49bb 0000 | 00eb 0371 | 0000 4d03 | d34c 3bd0 

  0x000071044cff0dd4: ;   {runtime_call ic_miss_stub}
  0x000071044cff0dd4: 0f85 a6c2 | 2b07 660f | 1f44 0000 
[Verified Entry Point]
  0x000071044cff0de0: 8984 2400 | c0fe ff55 | 4883 ec30 | 4181 7f20 | 0100 0000 

  0x000071044cff0df4: ;   {runtime_call StubRoutines (final stubs)}
  0x000071044cff0df4: 7405 e8a5 | 262a 0748 

  0x000071044cff0dfc: ;   {metadata(method data for {method} {0x00007103e7440db8} 'put' '(B)Lorg/bytedeco/javacpp/BytePointer;' in 'org/bytedeco/javacpp/BytePointer')}
  0x000071044cff0dfc: 8bca 48ba | 383a abe7 | 0371 0000 | 8bba f400 | 0000 83c7 | 0289 baf4 | 0000 0081 | e7fe 0700 
  0x000071044cff0e1c: 0085 ff0f | 8452 0000 | 0048 8bd6 

  0x000071044cff0e28: ;   {metadata(method data for {method} {0x00007103e7440db8} 'put' '(B)Lorg/bytedeco/javacpp/BytePointer;' in 'org/bytedeco/javacpp/BytePointer')}
  0x000071044cff0e28: 48bf 383a | abe7 0371 

  0x000071044cff0e30: ;   {metadata('org/bytedeco/javacpp/BytePointer')}
  0x000071044cff0e30: 0000 49ba | d857 00ec | 0371 0000 | 4c89 9748 | 0100 0048 | 8387 5001 | 0000 0148 | c7c2 0000 
  0x000071044cff0e50: 0000 0f1f 

  0x000071044cff0e54: ;   {optimized virtual_call}
  0x000071044cff0e54: 4400 00e8 

  0x000071044cff0e58: ; ImmutableOopMap {}
                      ;*invokevirtual put {reexecute=0 rethrow=0 return_oop=0}
                      ; - org.bytedeco.javacpp.BytePointer::put@3 (line 256)
  0x000071044cff0e58: 646a a807 

  0x000071044cff0e5c: ;   {other}
  0x000071044cff0e5c: 0f1f 8400 | 4c02 0000 | 4883 c430 

  0x000071044cff0e68: ;   {poll_return}
  0x000071044cff0e68: 5d49 3ba7 | 4804 0000 | 0f87 1f00 

  0x000071044cff0e74: ;   {metadata({method} {0x00007103e7440db8} 'put' '(B)Lorg/bytedeco/javacpp/BytePointer;' in 'org/bytedeco/javacpp/BytePointer')}
  0x000071044cff0e74: 0000 c349 | bab8 0d44 | e703 7100 | 004c 8954 | 2408 48c7 | 0424 ffff 

  0x000071044cff0e8c: ;   {runtime_call counter_overflow Runtime1 stub}
  0x000071044cff0e8c: ffff e86d 

  0x000071044cff0e90: ; ImmutableOopMap {rsi=Oop }
                      ;*synchronization entry
                      ; - org.bytedeco.javacpp.BytePointer::put@-1 (line 256)
  0x000071044cff0e90: 3d38 07eb 

  0x000071044cff0e94: ;   {internal_word}
  0x000071044cff0e94: 9049 ba69 | 0eff 4c04 | 7100 004d | 8997 6004 

  0x000071044cff0ea4: ;   {runtime_call SafepointBlob}
  0x000071044cff0ea4: 0000 e955 | 312c 0749 | 8b87 f804 | 0000 49c7 | 87f8 0400 | 0000 0000 | 0049 c787 | 0005 0000 
  0x000071044cff0ec4: 0000 0000 | 4883 c430 

  0x000071044cff0ecc: ;   {runtime_call unwind_exception Runtime1 stub}
  0x000071044cff0ecc: 5de9 2ecc | 3707 f4f4 | f4f4 f4f4 
[Stub Code]
  0x000071044cff0ed8: ;   {no_reloc}
  0x000071044cff0ed8: 0f1f 4400 

  0x000071044cff0edc: ;   {static_stub}
  0x000071044cff0edc: 0048 bb00 | 0000 0000 

  0x000071044cff0ee4: ;   {runtime_call nmethod}
  0x000071044cff0ee4: 0000 00e9 | fbff ffff 
[Exception Handler]
  0x000071044cff0eec: ;   {runtime_call handle_exception_from_callee Runtime1 stub}
  0x000071044cff0eec: e80f 0238 

  0x000071044cff0ef0: ;   {external_word}
  0x000071044cff0ef0: 0748 bf72 | 0453 6804 | 7100 0048 

  0x000071044cff0efc: ;   {runtime_call MacroAssembler::debug64(char*, long, long*)}
  0x000071044cff0efc: 83e4 f0e8 | 1cb8 001b 

  0x000071044cff0f04: ;   {section_word}
  0x000071044cff0f04: f449 ba05 | 0fff 4c04 | 7100 0041 

  0x000071044cff0f10: ;   {runtime_call DeoptimizationBlob}
  0x000071044cff0f10: 52e9 8a23 | 2c07 f4f4 
[/MachCode]


---------------  P R O C E S S  ---------------

Threads class SMR info:
_java_thread_list=0x00007103bc01a4b0, length=11, elements={
0x000071046002cf30, 0x0000710460184720, 0x0000710460185c80, 0x0000710460187410,
0x0000710460188a40, 0x0000710460189fd0, 0x000071046018bb80, 0x000071046018d230,
0x000071046019ac40, 0x000071046019dca0, 0x00007104603de4a0
}

Java Threads: ( => current thread )
=>0x000071046002cf30 JavaThread "main"                              [_thread_in_native, id=14196, stack(0x0000710467300000,0x0000710467400000) (1024K)]
  0x0000710460184720 JavaThread "Reference Handler"          daemon [_thread_blocked, id=14205, stack(0x0000710448b00000,0x0000710448c00000) (1024K)]
  0x0000710460185c80 JavaThread "Finalizer"                  daemon [_thread_blocked, id=14206, stack(0x00007104489ff000,0x0000710448aff000) (1024K)]
  0x0000710460187410 JavaThread "Signal Dispatcher"          daemon [_thread_blocked, id=14207, stack(0x00007104488fe000,0x00007104489fe000) (1024K)]
  0x0000710460188a40 JavaThread "Service Thread"             daemon [_thread_blocked, id=14208, stack(0x00007104487fd000,0x00007104488fd000) (1024K)]
  0x0000710460189fd0 JavaThread "Monitor Deflation Thread"   daemon [_thread_blocked, id=14209, stack(0x00007104486fc000,0x00007104487fc000) (1024K)]
  0x000071046018bb80 JavaThread "C2 CompilerThread0"         daemon [_thread_blocked, id=14210, stack(0x00007104485fb000,0x00007104486fb000) (1024K)]
  0x000071046018d230 JavaThread "C1 CompilerThread0"         daemon [_thread_blocked, id=14211, stack(0x00007104484fa000,0x00007104485fa000) (1024K)]
  0x000071046019ac40 JavaThread "Notification Thread"        daemon [_thread_blocked, id=14212, stack(0x00007104483f9000,0x00007104484f9000) (1024K)]
  0x000071046019dca0 JavaThread "Common-Cleaner"             daemon [_thread_blocked, id=14213, stack(0x00007104482f8000,0x00007104483f8000) (1024K)]
  0x00007104603de4a0 JavaThread "JavaCPP Deallocator"        daemon [_thread_blocked, id=14226, stack(0x0000710439900000,0x0000710439a00000) (1024K)]
Total: 11

Other Threads:
  0x0000710460179d80 VMThread "VM Thread"                           [id=14204, stack(0x0000710448eff000,0x0000710448fff000) (1024K)]
  0x0000710460167a70 WatcherThread "VM Periodic Task Thread"        [id=14203, stack(0x0000710449000000,0x0000710449100000) (1024K)]
  0x0000710460094d20 WorkerThread "GC Thread#0"                     [id=14197, stack(0x0000710465326000,0x0000710465426000) (1024K)]
  0x00007103e0008990 WorkerThread "GC Thread#1"                     [id=14259, stack(0x0000710438500000,0x0000710438600000) (1024K)]
  0x00007103e00094c0 WorkerThread "GC Thread#2"                     [id=14260, stack(0x0000710438100000,0x0000710438200000) (1024K)]
  0x00007103e0009ff0 WorkerThread "GC Thread#3"                     [id=14261, stack(0x00007103e46ff000,0x00007103e47ff000) (1024K)]
  0x00007103e000ab20 WorkerThread "GC Thread#4"                     [id=14262, stack(0x00007103e45fe000,0x00007103e46fe000) (1024K)]
  0x00007104600a5750 ConcurrentGCThread "G1 Main Marker"            [id=14198, stack(0x0000710465225000,0x0000710465325000) (1024K)]
  0x00007104600a66f0 WorkerThread "G1 Conc#0"                       [id=14199, stack(0x0000710465124000,0x0000710465224000) (1024K)]
  0x000071046014d480 ConcurrentGCThread "G1 Refine#0"               [id=14201, stack(0x0000710464316000,0x0000710464416000) (1024K)]
  0x000071046014e430 ConcurrentGCThread "G1 Service"                [id=14202, stack(0x0000710464215000,0x0000710464315000) (1024K)]
Total: 11

Threads with active compile tasks:
Total: 0

VM state: not at safepoint (normal execution)

VM Mutex/Monitor currently owned by a thread: None

Heap address: 0x000000070c000000, size: 3904 MB, Compressed Oops mode: Zero based, Oop shift amount: 3

CDS archive(s) mapped at: [0x00007103eb000000-0x00007103ebd2e000-0x00007103ebd2e000), size 13819904, SharedBaseAddress: 0x00007103eb000000, ArchiveRelocationMode: 1.
Compressed class space mapped at: 0x00007103ec000000-0x000071042c000000, reserved size: 1073741824
Narrow klass base: 0x00007103eb000000, Narrow klass shift: 0, Narrow klass range: 0x100000000

GC Precious Log:
 CardTable entry size: 512
 Card Set container configuration: InlinePtr #cards 4 size 8 Array Of Cards #cards 16 size 48 Howl #buckets 8 coarsen threshold 3686 Howl Bitmap #cards 512 size 80 coarsen threshold 460 Card regions per heap region 1 cards per card region 4096
 CPUs: 16 total, 16 available
 Memory: 15609M
 Large Page Support: Disabled
 NUMA Support: Disabled
 Compressed Oops: Enabled (Zero based)
 Heap Region Size: 2M
 Heap Min Capacity: 8M
 Heap Initial Capacity: 244M
 Heap Max Capacity: 3904M
 Pre-touch: Disabled
 Parallel Workers: 13
 Concurrent Workers: 3
 Concurrent Refinement Workers: 13
 Periodic GC: Disabled

Heap:
 garbage-first heap   total 251904K, used 63576K [0x000000070c000000, 0x0000000800000000)
  region size 2048K, 32 young (65536K), 2 survivors (4096K)
 Metaspace       used 8968K, committed 9088K, reserved 1114112K
  class space    used 437K, committed 512K, reserved 1048576K

Heap Regions: E=young(eden), S=young(survivor), O=old, HS=humongous(starts), HC=humongous(continues), CS=collection set, F=free, TAMS=top-at-mark-start, PB=parsable bottom
|   0|0x000000070c000000, 0x000000070c000000, 0x000000070c200000|  0%| F|  |TAMS 0x000000070c000000| PB 0x000000070c000000| Untracked 
|   1|0x000000070c200000, 0x000000070c200000, 0x000000070c400000|  0%| F|  |TAMS 0x000000070c200000| PB 0x000000070c200000| Untracked 
|   2|0x000000070c400000, 0x000000070c400000, 0x000000070c600000|  0%| F|  |TAMS 0x000000070c400000| PB 0x000000070c400000| Untracked 
|   3|0x000000070c600000, 0x000000070c600000, 0x000000070c800000|  0%| F|  |TAMS 0x000000070c600000| PB 0x000000070c600000| Untracked 
|   4|0x000000070c800000, 0x000000070c800000, 0x000000070ca00000|  0%| F|  |TAMS 0x000000070c800000| PB 0x000000070c800000| Untracked 
|   5|0x000000070ca00000, 0x000000070ca00000, 0x000000070cc00000|  0%| F|  |TAMS 0x000000070ca00000| PB 0x000000070ca00000| Untracked 
|   6|0x000000070cc00000, 0x000000070cc00000, 0x000000070ce00000|  0%| F|  |TAMS 0x000000070cc00000| PB 0x000000070cc00000| Untracked 
|   7|0x000000070ce00000, 0x000000070ce00000, 0x000000070d000000|  0%| F|  |TAMS 0x000000070ce00000| PB 0x000000070ce00000| Untracked 
|   8|0x000000070d000000, 0x000000070d000000, 0x000000070d200000|  0%| F|  |TAMS 0x000000070d000000| PB 0x000000070d000000| Untracked 
|   9|0x000000070d200000, 0x000000070d200000, 0x000000070d400000|  0%| F|  |TAMS 0x000000070d200000| PB 0x000000070d200000| Untracked 
|  10|0x000000070d400000, 0x000000070d400000, 0x000000070d600000|  0%| F|  |TAMS 0x000000070d400000| PB 0x000000070d400000| Untracked 
|  11|0x000000070d600000, 0x000000070d600000, 0x000000070d800000|  0%| F|  |TAMS 0x000000070d600000| PB 0x000000070d600000| Untracked 
|  12|0x000000070d800000, 0x000000070d800000, 0x000000070da00000|  0%| F|  |TAMS 0x000000070d800000| PB 0x000000070d800000| Untracked 
|  13|0x000000070da00000, 0x000000070da00000, 0x000000070dc00000|  0%| F|  |TAMS 0x000000070da00000| PB 0x000000070da00000| Untracked 
|  14|0x000000070dc00000, 0x000000070dc00000, 0x000000070de00000|  0%| F|  |TAMS 0x000000070dc00000| PB 0x000000070dc00000| Untracked 
|  15|0x000000070de00000, 0x000000070de00000, 0x000000070e000000|  0%| F|  |TAMS 0x000000070de00000| PB 0x000000070de00000| Untracked 
|  16|0x000000070e000000, 0x000000070e000000, 0x000000070e200000|  0%| F|  |TAMS 0x000000070e000000| PB 0x000000070e000000| Untracked 
|  17|0x000000070e200000, 0x000000070e200000, 0x000000070e400000|  0%| F|  |TAMS 0x000000070e200000| PB 0x000000070e200000| Untracked 
|  18|0x000000070e400000, 0x000000070e400000, 0x000000070e600000|  0%| F|  |TAMS 0x000000070e400000| PB 0x000000070e400000| Untracked 
|  19|0x000000070e600000, 0x000000070e600000, 0x000000070e800000|  0%| F|  |TAMS 0x000000070e600000| PB 0x000000070e600000| Untracked 
|  20|0x000000070e800000, 0x000000070e800000, 0x000000070ea00000|  0%| F|  |TAMS 0x000000070e800000| PB 0x000000070e800000| Untracked 
|  21|0x000000070ea00000, 0x000000070ea00000, 0x000000070ec00000|  0%| F|  |TAMS 0x000000070ea00000| PB 0x000000070ea00000| Untracked 
|  22|0x000000070ec00000, 0x000000070ec00000, 0x000000070ee00000|  0%| F|  |TAMS 0x000000070ec00000| PB 0x000000070ec00000| Untracked 
|  23|0x000000070ee00000, 0x000000070ee00000, 0x000000070f000000|  0%| F|  |TAMS 0x000000070ee00000| PB 0x000000070ee00000| Untracked 
|  24|0x000000070f000000, 0x000000070f000000, 0x000000070f200000|  0%| F|  |TAMS 0x000000070f000000| PB 0x000000070f000000| Untracked 
|  25|0x000000070f200000, 0x000000070f200000, 0x000000070f400000|  0%| F|  |TAMS 0x000000070f200000| PB 0x000000070f200000| Untracked 
|  26|0x000000070f400000, 0x000000070f400000, 0x000000070f600000|  0%| F|  |TAMS 0x000000070f400000| PB 0x000000070f400000| Untracked 
|  27|0x000000070f600000, 0x000000070f600000, 0x000000070f800000|  0%| F|  |TAMS 0x000000070f600000| PB 0x000000070f600000| Untracked 
|  28|0x000000070f800000, 0x000000070f800000, 0x000000070fa00000|  0%| F|  |TAMS 0x000000070f800000| PB 0x000000070f800000| Untracked 
|  29|0x000000070fa00000, 0x000000070fa00000, 0x000000070fc00000|  0%| F|  |TAMS 0x000000070fa00000| PB 0x000000070fa00000| Untracked 
|  30|0x000000070fc00000, 0x000000070fc00000, 0x000000070fe00000|  0%| F|  |TAMS 0x000000070fc00000| PB 0x000000070fc00000| Untracked 
|  31|0x000000070fe00000, 0x000000070fe00000, 0x0000000710000000|  0%| F|  |TAMS 0x000000070fe00000| PB 0x000000070fe00000| Untracked 
|  32|0x0000000710000000, 0x0000000710000000, 0x0000000710200000|  0%| F|  |TAMS 0x0000000710000000| PB 0x0000000710000000| Untracked 
|  33|0x0000000710200000, 0x0000000710200000, 0x0000000710400000|  0%| F|  |TAMS 0x0000000710200000| PB 0x0000000710200000| Untracked 
|  34|0x0000000710400000, 0x0000000710400000, 0x0000000710600000|  0%| F|  |TAMS 0x0000000710400000| PB 0x0000000710400000| Untracked 
|  35|0x0000000710600000, 0x0000000710600000, 0x0000000710800000|  0%| F|  |TAMS 0x0000000710600000| PB 0x0000000710600000| Untracked 
|  36|0x0000000710800000, 0x0000000710800000, 0x0000000710a00000|  0%| F|  |TAMS 0x0000000710800000| PB 0x0000000710800000| Untracked 
|  37|0x0000000710a00000, 0x0000000710a00000, 0x0000000710c00000|  0%| F|  |TAMS 0x0000000710a00000| PB 0x0000000710a00000| Untracked 
|  38|0x0000000710c00000, 0x0000000710c00000, 0x0000000710e00000|  0%| F|  |TAMS 0x0000000710c00000| PB 0x0000000710c00000| Untracked 
|  39|0x0000000710e00000, 0x0000000710e00000, 0x0000000711000000|  0%| F|  |TAMS 0x0000000710e00000| PB 0x0000000710e00000| Untracked 
|  40|0x0000000711000000, 0x0000000711000000, 0x0000000711200000|  0%| F|  |TAMS 0x0000000711000000| PB 0x0000000711000000| Untracked 
|  41|0x0000000711200000, 0x0000000711200000, 0x0000000711400000|  0%| F|  |TAMS 0x0000000711200000| PB 0x0000000711200000| Untracked 
|  42|0x0000000711400000, 0x0000000711400000, 0x0000000711600000|  0%| F|  |TAMS 0x0000000711400000| PB 0x0000000711400000| Untracked 
|  43|0x0000000711600000, 0x0000000711600000, 0x0000000711800000|  0%| F|  |TAMS 0x0000000711600000| PB 0x0000000711600000| Untracked 
|  44|0x0000000711800000, 0x0000000711800000, 0x0000000711a00000|  0%| F|  |TAMS 0x0000000711800000| PB 0x0000000711800000| Untracked 
|  45|0x0000000711a00000, 0x0000000711a00000, 0x0000000711c00000|  0%| F|  |TAMS 0x0000000711a00000| PB 0x0000000711a00000| Untracked 
|  46|0x0000000711c00000, 0x0000000711c00000, 0x0000000711e00000|  0%| F|  |TAMS 0x0000000711c00000| PB 0x0000000711c00000| Untracked 
|  47|0x0000000711e00000, 0x0000000711e00000, 0x0000000712000000|  0%| F|  |TAMS 0x0000000711e00000| PB 0x0000000711e00000| Untracked 
|  48|0x0000000712000000, 0x0000000712000000, 0x0000000712200000|  0%| F|  |TAMS 0x0000000712000000| PB 0x0000000712000000| Untracked 
|  49|0x0000000712200000, 0x0000000712200000, 0x0000000712400000|  0%| F|  |TAMS 0x0000000712200000| PB 0x0000000712200000| Untracked 
|  50|0x0000000712400000, 0x0000000712400000, 0x0000000712600000|  0%| F|  |TAMS 0x0000000712400000| PB 0x0000000712400000| Untracked 
|  51|0x0000000712600000, 0x0000000712600000, 0x0000000712800000|  0%| F|  |TAMS 0x0000000712600000| PB 0x0000000712600000| Untracked 
|  52|0x0000000712800000, 0x0000000712800000, 0x0000000712a00000|  0%| F|  |TAMS 0x0000000712800000| PB 0x0000000712800000| Untracked 
|  53|0x0000000712a00000, 0x0000000712a00000, 0x0000000712c00000|  0%| F|  |TAMS 0x0000000712a00000| PB 0x0000000712a00000| Untracked 
|  54|0x0000000712c00000, 0x0000000712c00000, 0x0000000712e00000|  0%| F|  |TAMS 0x0000000712c00000| PB 0x0000000712c00000| Untracked 
|  55|0x0000000712e00000, 0x0000000712e00000, 0x0000000713000000|  0%| F|  |TAMS 0x0000000712e00000| PB 0x0000000712e00000| Untracked 
|  56|0x0000000713000000, 0x0000000713000000, 0x0000000713200000|  0%| F|  |TAMS 0x0000000713000000| PB 0x0000000713000000| Untracked 
|  57|0x0000000713200000, 0x0000000713200000, 0x0000000713400000|  0%| F|  |TAMS 0x0000000713200000| PB 0x0000000713200000| Untracked 
|  58|0x0000000713400000, 0x0000000713400000, 0x0000000713600000|  0%| F|  |TAMS 0x0000000713400000| PB 0x0000000713400000| Untracked 
|  59|0x0000000713600000, 0x0000000713600000, 0x0000000713800000|  0%| F|  |TAMS 0x0000000713600000| PB 0x0000000713600000| Untracked 
|  60|0x0000000713800000, 0x0000000713800000, 0x0000000713a00000|  0%| F|  |TAMS 0x0000000713800000| PB 0x0000000713800000| Untracked 
|  61|0x0000000713a00000, 0x0000000713a00000, 0x0000000713c00000|  0%| F|  |TAMS 0x0000000713a00000| PB 0x0000000713a00000| Untracked 
|  62|0x0000000713c00000, 0x0000000713c00000, 0x0000000713e00000|  0%| F|  |TAMS 0x0000000713c00000| PB 0x0000000713c00000| Untracked 
|  63|0x0000000713e00000, 0x0000000713e00000, 0x0000000714000000|  0%| F|  |TAMS 0x0000000713e00000| PB 0x0000000713e00000| Untracked 
|  64|0x0000000714000000, 0x0000000714000000, 0x0000000714200000|  0%| F|  |TAMS 0x0000000714000000| PB 0x0000000714000000| Untracked 
|  65|0x0000000714200000, 0x0000000714200000, 0x0000000714400000|  0%| F|  |TAMS 0x0000000714200000| PB 0x0000000714200000| Untracked 
|  66|0x0000000714400000, 0x0000000714400000, 0x0000000714600000|  0%| F|  |TAMS 0x0000000714400000| PB 0x0000000714400000| Untracked 
|  67|0x0000000714600000, 0x0000000714600000, 0x0000000714800000|  0%| F|  |TAMS 0x0000000714600000| PB 0x0000000714600000| Untracked 
|  68|0x0000000714800000, 0x0000000714800000, 0x0000000714a00000|  0%| F|  |TAMS 0x0000000714800000| PB 0x0000000714800000| Untracked 
|  69|0x0000000714a00000, 0x0000000714a00000, 0x0000000714c00000|  0%| F|  |TAMS 0x0000000714a00000| PB 0x0000000714a00000| Untracked 
|  70|0x0000000714c00000, 0x0000000714c00000, 0x0000000714e00000|  0%| F|  |TAMS 0x0000000714c00000| PB 0x0000000714c00000| Untracked 
|  71|0x0000000714e00000, 0x0000000714e00000, 0x0000000715000000|  0%| F|  |TAMS 0x0000000714e00000| PB 0x0000000714e00000| Untracked 
|  72|0x0000000715000000, 0x0000000715000000, 0x0000000715200000|  0%| F|  |TAMS 0x0000000715000000| PB 0x0000000715000000| Untracked 
|  73|0x0000000715200000, 0x0000000715200000, 0x0000000715400000|  0%| F|  |TAMS 0x0000000715200000| PB 0x0000000715200000| Untracked 
|  74|0x0000000715400000, 0x0000000715400000, 0x0000000715600000|  0%| F|  |TAMS 0x0000000715400000| PB 0x0000000715400000| Untracked 
|  75|0x0000000715600000, 0x0000000715600000, 0x0000000715800000|  0%| F|  |TAMS 0x0000000715600000| PB 0x0000000715600000| Untracked 
|  76|0x0000000715800000, 0x0000000715800000, 0x0000000715a00000|  0%| F|  |TAMS 0x0000000715800000| PB 0x0000000715800000| Untracked 
|  77|0x0000000715a00000, 0x0000000715a00000, 0x0000000715c00000|  0%| F|  |TAMS 0x0000000715a00000| PB 0x0000000715a00000| Untracked 
|  78|0x0000000715c00000, 0x0000000715c00000, 0x0000000715e00000|  0%| F|  |TAMS 0x0000000715c00000| PB 0x0000000715c00000| Untracked 
|  79|0x0000000715e00000, 0x0000000715e00000, 0x0000000716000000|  0%| F|  |TAMS 0x0000000715e00000| PB 0x0000000715e00000| Untracked 
|  80|0x0000000716000000, 0x0000000716000000, 0x0000000716200000|  0%| F|  |TAMS 0x0000000716000000| PB 0x0000000716000000| Untracked 
|  81|0x0000000716200000, 0x0000000716200000, 0x0000000716400000|  0%| F|  |TAMS 0x0000000716200000| PB 0x0000000716200000| Untracked 
|  82|0x0000000716400000, 0x0000000716400000, 0x0000000716600000|  0%| F|  |TAMS 0x0000000716400000| PB 0x0000000716400000| Untracked 
|  83|0x0000000716600000, 0x0000000716600000, 0x0000000716800000|  0%| F|  |TAMS 0x0000000716600000| PB 0x0000000716600000| Untracked 
|  84|0x0000000716800000, 0x0000000716800000, 0x0000000716a00000|  0%| F|  |TAMS 0x0000000716800000| PB 0x0000000716800000| Untracked 
|  85|0x0000000716a00000, 0x0000000716a00000, 0x0000000716c00000|  0%| F|  |TAMS 0x0000000716a00000| PB 0x0000000716a00000| Untracked 
|  86|0x0000000716c00000, 0x0000000716c00000, 0x0000000716e00000|  0%| F|  |TAMS 0x0000000716c00000| PB 0x0000000716c00000| Untracked 
|  87|0x0000000716e00000, 0x0000000716e00000, 0x0000000717000000|  0%| F|  |TAMS 0x0000000716e00000| PB 0x0000000716e00000| Untracked 
|  88|0x0000000717000000, 0x0000000717000000, 0x0000000717200000|  0%| F|  |TAMS 0x0000000717000000| PB 0x0000000717000000| Untracked 
|  89|0x0000000717200000, 0x0000000717200000, 0x0000000717400000|  0%| F|  |TAMS 0x0000000717200000| PB 0x0000000717200000| Untracked 
|  90|0x0000000717400000, 0x00000007175ea990, 0x0000000717600000| 95%| E|  |TAMS 0x0000000717400000| PB 0x0000000717400000| Complete 
|  91|0x0000000717600000, 0x0000000717800000, 0x0000000717800000|100%| E|CS|TAMS 0x0000000717600000| PB 0x0000000717600000| Complete 
|  92|0x0000000717800000, 0x0000000717a00000, 0x0000000717a00000|100%| E|CS|TAMS 0x0000000717800000| PB 0x0000000717800000| Complete 
|  93|0x0000000717a00000, 0x0000000717c00000, 0x0000000717c00000|100%| E|CS|TAMS 0x0000000717a00000| PB 0x0000000717a00000| Complete 
|  94|0x0000000717c00000, 0x0000000717d0a620, 0x0000000717e00000| 52%| S|CS|TAMS 0x0000000717c00000| PB 0x0000000717c00000| Complete 
|  95|0x0000000717e00000, 0x0000000718000000, 0x0000000718000000|100%| S|CS|TAMS 0x0000000717e00000| PB 0x0000000717e00000| Complete 
|  96|0x0000000718000000, 0x0000000718200000, 0x0000000718200000|100%| E|CS|TAMS 0x0000000718000000| PB 0x0000000718000000| Complete 
|  97|0x0000000718200000, 0x0000000718400000, 0x0000000718400000|100%| E|CS|TAMS 0x0000000718200000| PB 0x0000000718200000| Complete 
|  98|0x0000000718400000, 0x0000000718600000, 0x0000000718600000|100%| E|CS|TAMS 0x0000000718400000| PB 0x0000000718400000| Complete 
|  99|0x0000000718600000, 0x0000000718800000, 0x0000000718800000|100%| E|CS|TAMS 0x0000000718600000| PB 0x0000000718600000| Complete 
| 100|0x0000000718800000, 0x0000000718a00000, 0x0000000718a00000|100%| E|CS|TAMS 0x0000000718800000| PB 0x0000000718800000| Complete 
| 101|0x0000000718a00000, 0x0000000718c00000, 0x0000000718c00000|100%| E|CS|TAMS 0x0000000718a00000| PB 0x0000000718a00000| Complete 
| 102|0x0000000718c00000, 0x0000000718e00000, 0x0000000718e00000|100%| E|CS|TAMS 0x0000000718c00000| PB 0x0000000718c00000| Complete 
| 103|0x0000000718e00000, 0x0000000719000000, 0x0000000719000000|100%| E|CS|TAMS 0x0000000718e00000| PB 0x0000000718e00000| Complete 
| 104|0x0000000719000000, 0x0000000719200000, 0x0000000719200000|100%| E|CS|TAMS 0x0000000719000000| PB 0x0000000719000000| Complete 
| 105|0x0000000719200000, 0x0000000719400000, 0x0000000719400000|100%| E|CS|TAMS 0x0000000719200000| PB 0x0000000719200000| Complete 
| 106|0x0000000719400000, 0x0000000719600000, 0x0000000719600000|100%| E|CS|TAMS 0x0000000719400000| PB 0x0000000719400000| Complete 
| 107|0x0000000719600000, 0x0000000719800000, 0x0000000719800000|100%| E|CS|TAMS 0x0000000719600000| PB 0x0000000719600000| Complete 
| 108|0x0000000719800000, 0x0000000719a00000, 0x0000000719a00000|100%| E|CS|TAMS 0x0000000719800000| PB 0x0000000719800000| Complete 
| 109|0x0000000719a00000, 0x0000000719c00000, 0x0000000719c00000|100%| E|CS|TAMS 0x0000000719a00000| PB 0x0000000719a00000| Complete 
| 110|0x0000000719c00000, 0x0000000719e00000, 0x0000000719e00000|100%| E|CS|TAMS 0x0000000719c00000| PB 0x0000000719c00000| Complete 
| 111|0x0000000719e00000, 0x000000071a000000, 0x000000071a000000|100%| E|CS|TAMS 0x0000000719e00000| PB 0x0000000719e00000| Complete 
| 112|0x000000071a000000, 0x000000071a200000, 0x000000071a200000|100%| E|CS|TAMS 0x000000071a000000| PB 0x000000071a000000| Complete 
| 113|0x000000071a200000, 0x000000071a400000, 0x000000071a400000|100%| E|CS|TAMS 0x000000071a200000| PB 0x000000071a200000| Complete 
| 114|0x000000071a400000, 0x000000071a600000, 0x000000071a600000|100%| E|CS|TAMS 0x000000071a400000| PB 0x000000071a400000| Complete 
| 115|0x000000071a600000, 0x000000071a800000, 0x000000071a800000|100%| E|CS|TAMS 0x000000071a600000| PB 0x000000071a600000| Complete 
| 116|0x000000071a800000, 0x000000071aa00000, 0x000000071aa00000|100%| E|CS|TAMS 0x000000071a800000| PB 0x000000071a800000| Complete 
| 117|0x000000071aa00000, 0x000000071ac00000, 0x000000071ac00000|100%| E|CS|TAMS 0x000000071aa00000| PB 0x000000071aa00000| Complete 
| 118|0x000000071ac00000, 0x000000071ae00000, 0x000000071ae00000|100%| E|CS|TAMS 0x000000071ac00000| PB 0x000000071ac00000| Complete 
| 119|0x000000071ae00000, 0x000000071b000000, 0x000000071b000000|100%| E|CS|TAMS 0x000000071ae00000| PB 0x000000071ae00000| Complete 
| 120|0x000000071b000000, 0x000000071b200000, 0x000000071b200000|100%| E|CS|TAMS 0x000000071b000000| PB 0x000000071b000000| Complete 
| 121|0x000000071b200000, 0x000000071b400000, 0x000000071b400000|100%| E|CS|TAMS 0x000000071b200000| PB 0x000000071b200000| Complete 
|1951|0x00000007ffe00000, 0x00000007fff0bb78, 0x0000000800000000| 52%| O|  |TAMS 0x00000007ffe00000| PB 0x00000007ffe00000| Untracked 

Card table byte_map: [0x00007104654e1000,0x0000710465c81000] _byte_map_base: 0x0000710461c81000

Marking Bits: (CMBitMap*) 0x0000710460095840
 Bits: [0x0000710449100000, 0x000071044ce00000)

Polling page: 0x0000710468d12000

Metaspace:

Usage:
  Non-class:      8,33 MB used.
      Class:    437,34 KB used.
       Both:      8,76 MB used.

Virtual space:
  Non-class space:       64,00 MB reserved,       8,38 MB ( 13%) committed,  1 nodes.
      Class space:        1,00 GB reserved,     512,00 KB ( <1%) committed,  1 nodes.
             Both:        1,06 GB reserved,       8,88 MB ( <1%) committed. 

Chunk freelists:
   Non-Class:  5,25 MB
       Class:  15,43 MB
        Both:  20,68 MB

MaxMetaspaceSize: unlimited
CompressedClassSpaceSize: 1,00 GB
Initial GC threshold: 21,00 MB
Current GC threshold: 21,00 MB
CDS: on
 - commit_granule_bytes: 65536.
 - commit_granule_words: 8192.
 - virtual_space_node_default_size: 8388608.
 - enlarge_chunks_in_place: 1.
 - use_allocation_guard: 0.


Internal statistics:

num_allocs_failed_limit: 0.
num_arena_births: 42.
num_arena_deaths: 0.
num_vsnodes_births: 2.
num_vsnodes_deaths: 0.
num_space_committed: 140.
num_space_uncommitted: 0.
num_chunks_returned_to_freelist: 0.
num_chunks_taken_from_freelist: 272.
num_chunk_merges: 0.
num_chunk_splits: 250.
num_chunks_enlarged: 238.
num_inconsistent_stats: 0.

CodeHeap 'non-profiled nmethods': size=119168Kb used=863Kb max_used=863Kb free=118304Kb
 bounds [0x00007104549a0000, 0x0000710454c10000, 0x000071045be00000]
CodeHeap 'profiled nmethods': size=119164Kb used=1988Kb max_used=1988Kb free=117176Kb
 bounds [0x000071044ce00000, 0x000071044d070000, 0x000071045425f000]
CodeHeap 'non-nmethods': size=7428Kb used=2039Kb max_used=3780Kb free=5388Kb
 bounds [0x000071045425f000, 0x000071045461f000, 0x00007104549a0000]
 total_blobs=2166 nmethods=1170 adapters=902
 compilation: enabled
              stopped_count=0, restarted_count=0
 full_count=0

Compilation events (20 events):
Event: 7,267 Thread 0x000071046018d230 1159       3       java.lang.invoke.MemberName::getName (25 bytes)
Event: 7,267 Thread 0x00007103c002c7b0 nmethod 1156 0x000071044cfec110 code [0x000071044cfec2e0, 0x000071044cfec6f8]
Event: 7,267 Thread 0x00007103c002c7b0 1160       3       jdk.internal.org.objectweb.asm.Type::getReturnTypeOffset (64 bytes)
Event: 7,267 Thread 0x000071046018d230 nmethod 1159 0x000071044cfec990 code [0x000071044cfecb60, 0x000071044cfecec8]
Event: 7,267 Thread 0x000071046018d230 1161       1       java.util.concurrent.locks.AbstractQueuedSynchronizer::setState (6 bytes)
Event: 7,267 Thread 0x000071046018d230 nmethod 1161 0x0000710454a74810 code [0x0000710454a749a0, 0x0000710454a74a68]
Event: 7,267 Thread 0x00007103c002c7b0 nmethod 1160 0x000071044cfecf90 code [0x000071044cfed280, 0x000071044cfee3c0]
Event: 7,275 Thread 0x000071046018bb80 nmethod 1151 0x0000710454a74b10 code [0x0000710454a74d80, 0x0000710454a75f88]
Event: 17,717 Thread 0x000071046018d230 1162       3       java.lang.invoke.MethodType::insertParameterTypes (121 bytes)
Event: 17,717 Thread 0x000071046018d230 nmethod 1162 0x000071044cfeeb10 code [0x000071044cfeee00, 0x000071044cfefcc0]
Event: 34,089 Thread 0x000071046018bb80 1163       4       java.lang.CharacterData::of (136 bytes)
Event: 34,089 Thread 0x000071046018d230 1164       3       java.lang.Class::annotationData (44 bytes)
Event: 34,090 Thread 0x000071046018bb80 nmethod 1163 0x0000710454a76b10 code [0x0000710454a76c80, 0x0000710454a76d28]
Event: 34,090 Thread 0x000071046018d230 nmethod 1164 0x000071044cff0290 code [0x000071044cff0460, 0x000071044cff0728]
Event: 34,090 Thread 0x000071046018d230 1167       3       org.bytedeco.javacpp.BytePointer::get (6 bytes)
Event: 34,090 Thread 0x000071046018d230 nmethod 1167 0x000071044cff0890 code [0x000071044cff0a40, 0x000071044cff0b80]
Event: 34,091 Thread 0x000071046018bb80 1169       4       org.bytedeco.javacpp.BytePointer::get (6 bytes)
Event: 34,091 Thread 0x000071046018d230 1170       3       org.bytedeco.javacpp.BytePointer::put (7 bytes)
Event: 34,091 Thread 0x000071046018d230 nmethod 1170 0x000071044cff0c10 code [0x000071044cff0dc0, 0x000071044cff0f18]
Event: 34,091 Thread 0x000071046018bb80 nmethod 1169 0x0000710454a77c90 code [0x0000710454a77e20, 0x0000710454a77ed8]

GC Heap History (4 events):
Event: 0,193 GC heap before
{Heap before GC invocations=0 (full 0):
 garbage-first heap   total 251904K, used 27694K [0x000000070c000000, 0x0000000800000000)
  region size 2048K, 11 young (22528K), 0 survivors (0K)
 Metaspace       used 6301K, committed 6400K, reserved 1114112K
  class space    used 153K, committed 192K, reserved 1048576K
}
Event: 0,202 GC heap after
{Heap after GC invocations=1 (full 0):
 garbage-first heap   total 251904K, used 4125K [0x000000070c000000, 0x0000000800000000)
  region size 2048K, 2 young (4096K), 2 survivors (4096K)
 Metaspace       used 6301K, committed 6400K, reserved 1114112K
  class space    used 153K, committed 192K, reserved 1048576K
}
Event: 0,324 GC heap before
{Heap before GC invocations=1 (full 0):
 garbage-first heap   total 251904K, used 53277K [0x000000070c000000, 0x0000000800000000)
  region size 2048K, 26 young (53248K), 2 survivors (4096K)
 Metaspace       used 6316K, committed 6464K, reserved 1114112K
  class space    used 153K, committed 192K, reserved 1048576K
}
Event: 0,326 GC heap after
{Heap after GC invocations=2 (full 0):
 garbage-first heap   total 251904K, used 4184K [0x000000070c000000, 0x0000000800000000)
  region size 2048K, 2 young (4096K), 2 survivors (4096K)
 Metaspace       used 6316K, committed 6464K, reserved 1114112K
  class space    used 153K, committed 192K, reserved 1048576K
}

Dll operation events (20 events):
Event: 0,001 Loaded shared library /home/aleksei/App/ideaIC-2025.1.2/idea-IC-251.26094.121/jbr/lib/libjava.so
Event: 0,013 Loaded shared library /home/aleksei/App/ideaIC-2025.1.2/idea-IC-251.26094.121/jbr/lib/libzip.so
Event: 0,020 Loaded shared library /home/aleksei/App/ideaIC-2025.1.2/idea-IC-251.26094.121/jbr/lib/libnio.so
Event: 0,021 Loaded shared library /home/aleksei/App/ideaIC-2025.1.2/idea-IC-251.26094.121/jbr/lib/libzip.so
Event: 0,055 Loaded shared library /home/aleksei/App/ideaIC-2025.1.2/idea-IC-251.26094.121/jbr/lib/libjimage.so
Event: 0,077 Loaded shared library /home/aleksei/.javacpp/cache/javacpp-1.5.5-linux-x86_64.jar/org/bytedeco/javacpp/linux-x86_64/libjnijavacpp.so
Event: 0,094 Loaded shared library /home/aleksei/.javacpp/cache/openblas-0.3.13-1.5.5-linux-x86_64.jar/org/bytedeco/openblas/linux-x86_64/libgcc_s.so.1
Event: 0,097 Loaded shared library /home/aleksei/.javacpp/cache/openblas-0.3.13-1.5.5-linux-x86_64.jar/org/bytedeco/openblas/linux-x86_64/libquadmath.so.0
Event: 0,099 Loaded shared library /usr/lib/libgfortran.so.5.0.0
Event: 0,102 Loaded shared library /home/aleksei/.javacpp/cache/openblas-0.3.13-1.5.5-linux-x86_64.jar/org/bytedeco/openblas/linux-x86_64/libgfortran.so.4
Event: 0,109 Loaded shared library /home/aleksei/.javacpp/cache/openblas-0.3.13-1.5.5-linux-x86_64.jar/org/bytedeco/openblas/linux-x86_64/libopenblas_nolapack.so.0
Event: 0,118 Loaded shared library /home/aleksei/.javacpp/cache/openblas-0.3.13-1.5.5-linux-x86_64.jar/org/bytedeco/openblas/linux-x86_64/libjniopenblas_nolapack.so
Event: 0,166 Loaded shared library /home/aleksei/.javacpp/cache/openblas-0.3.13-1.5.5-linux-x86_64.jar/org/bytedeco/openblas/linux-x86_64/libopenblas.so.0
Event: 0,168 Loaded shared library /home/aleksei/.javacpp/cache/openblas-0.3.13-1.5.5-linux-x86_64.jar/org/bytedeco/openblas/linux-x86_64/libjniopenblas.so
Event: 0,381 Loaded shared library /home/aleksei/.javacpp/cache/opencv-4.5.1-1.5.5-linux-x86_64.jar/org/bytedeco/opencv/linux-x86_64/libopencv_core.so.4.5
Event: 0,390 Loaded shared library /home/aleksei/.javacpp/cache/opencv-4.5.1-1.5.5-linux-x86_64.jar/org/bytedeco/opencv/linux-x86_64/libopencv_imgproc.so.4.5
Event: 0,398 Loaded shared library /home/aleksei/.javacpp/cache/opencv-4.5.1-1.5.5-linux-x86_64.jar/org/bytedeco/opencv/linux-x86_64/libjniopencv_core.so
Event: 0,431 Loaded shared library /home/aleksei/.javacpp/cache/opencv-4.5.1-1.5.5-linux-x86_64.jar/org/bytedeco/opencv/linux-x86_64/libjniopencv_imgproc.so
Event: 0,436 Loaded shared library /home/aleksei/.javacpp/cache/opencv-4.5.1-1.5.5-linux-x86_64.jar/org/bytedeco/opencv/linux-x86_64/libopencv_imgcodecs.so.4.5
Event: 0,437 Loaded shared library /home/aleksei/.javacpp/cache/opencv-4.5.1-1.5.5-linux-x86_64.jar/org/bytedeco/opencv/linux-x86_64/libjniopencv_imgcodecs.so

Deoptimization events (20 events):
Event: 0,456 Thread 0x000071046002cf30 Uncommon trap: trap_request=0xffffff45 fr.pc=0x00007104549c3620 relative=0x00000000000004c0
Event: 0,456 Thread 0x000071046002cf30 Uncommon trap: reason=unstable_if action=reinterpret pc=0x00007104549c3620 method=java.lang.AbstractStringBuilder.inflateIfNeededFor(Ljava/lang/String;)V @ 14 c2
Event: 0,456 Thread 0x000071046002cf30 DEOPT PACKING pc=0x00007104549c3620 sp=0x00007104673fe6a0
Event: 0,456 Thread 0x000071046002cf30 DEOPT UNPACKING pc=0x00007104542b2f99 sp=0x00007104673fe5a8 mode 2
Event: 0,456 Thread 0x000071046002cf30 Uncommon trap: trap_request=0xffffff45 fr.pc=0x00007104549c2010 relative=0x00000000000000f0
Event: 0,456 Thread 0x000071046002cf30 Uncommon trap: reason=unstable_if action=reinterpret pc=0x00007104549c2010 method=java.lang.String.getBytes([BIB)V @ 5 c2
Event: 0,456 Thread 0x000071046002cf30 DEOPT PACKING pc=0x00007104549c2010 sp=0x00007104673fe5d0
Event: 0,456 Thread 0x000071046002cf30 DEOPT UNPACKING pc=0x00007104542b2f99 sp=0x00007104673fe598 mode 2
Event: 0,456 Thread 0x000071046002cf30 Uncommon trap: trap_request=0xffffff45 fr.pc=0x00007104549cd144 relative=0x0000000000000504
Event: 0,456 Thread 0x000071046002cf30 Uncommon trap: reason=unstable_if action=reinterpret pc=0x00007104549cd144 method=java.lang.AbstractStringBuilder.isLatin1()Z @ 10 c2
Event: 0,456 Thread 0x000071046002cf30 DEOPT PACKING pc=0x00007104549cd144 sp=0x00007104673fe710
Event: 0,456 Thread 0x000071046002cf30 DEOPT UNPACKING pc=0x00007104542b2f99 sp=0x00007104673fe5a8 mode 2
Event: 7,262 Thread 0x000071046002cf30 Uncommon trap: trap_request=0xffffff45 fr.pc=0x0000710454a53004 relative=0x0000000000000584
Event: 7,262 Thread 0x000071046002cf30 Uncommon trap: reason=unstable_if action=reinterpret pc=0x0000710454a53004 method=java.util.regex.Matcher.search(I)Z @ 30 c2
Event: 7,262 Thread 0x000071046002cf30 DEOPT PACKING pc=0x0000710454a53004 sp=0x00007104673fe730
Event: 7,262 Thread 0x000071046002cf30 DEOPT UNPACKING pc=0x00007104542b2f99 sp=0x00007104673fe720 mode 2
Event: 7,267 Thread 0x000071046002cf30 Uncommon trap: trap_request=0xffffff45 fr.pc=0x0000710454a1f030 relative=0x0000000000001a10
Event: 7,267 Thread 0x000071046002cf30 Uncommon trap: reason=unstable_if action=reinterpret pc=0x0000710454a1f030 method=jdk.internal.loader.URLClassPath$FileLoader.getResource(Ljava/lang/String;Z)Ljdk/internal/loader/Resource; @ 128 c2
Event: 7,267 Thread 0x000071046002cf30 DEOPT PACKING pc=0x0000710454a1f030 sp=0x00007104673fde20
Event: 7,267 Thread 0x000071046002cf30 DEOPT UNPACKING pc=0x00007104542b2f99 sp=0x00007104673fddf0 mode 2

Classes loaded (20 events):
Event: 0,449 Loading class jdk/internal/jimage/decompressor/ResourceDecompressor done
Event: 0,449 Loading class jdk/internal/jimage/decompressor/ZipDecompressor done
Event: 0,450 Loading class sun/net/www/protocol/jrt/Handler
Event: 0,450 Loading class sun/net/www/protocol/jrt/Handler done
Event: 0,452 Loading class sun/util/resources/LocaleData$CommonResourceBundleProvider
Event: 0,452 Loading class sun/util/resources/LocaleData$LocaleDataResourceBundleProvider
Event: 0,452 Loading class java/util/spi/ResourceBundleProvider
Event: 0,452 Loading class java/util/spi/ResourceBundleProvider done
Event: 0,452 Loading class sun/util/resources/LocaleData$LocaleDataResourceBundleProvider done
Event: 0,452 Loading class sun/util/resources/LocaleData$CommonResourceBundleProvider done
Event: 0,453 Loading class java/util/ArrayList$SubList$1
Event: 0,453 Loading class java/util/ArrayList$SubList$1 done
Event: 0,453 Loading class sun/text/resources/cldr/FormatData_en
Event: 0,453 Loading class sun/text/resources/cldr/FormatData_en done
Event: 0,454 Loading class sun/util/resources/Bundles$2
Event: 0,454 Loading class sun/util/resources/Bundles$2 done
Event: 7,263 Loading class java/util/regex/Matcher$ImmutableMatchResult
Event: 7,263 Loading class java/util/regex/Matcher$ImmutableMatchResult done
Event: 7,267 Loading class java/lang/NoSuchFieldError
Event: 7,267 Loading class java/lang/NoSuchFieldError done

Classes unloaded (0 events):
No events

Classes redefined (0 events):
No events

Internal exceptions (6 events):
Event: 0,048 Thread 0x000071046002cf30 Exception <a 'java/lang/NoSuchMethodError'{0x000000071aefac40}: 'int java.lang.invoke.DirectMethodHandle$Holder.invokeStaticInit(java.lang.Object, java.lang.Object, java.lang.Object, java.lang.Object)'> (0x000000071aefac40) 
thrown [src/hotspot/share/interpreter/linkResolver.cpp, line 783]
Event: 0,049 Thread 0x000071046002cf30 Exception <a 'java/lang/NoSuchMethodError'{0x000000071af04900}: 'java.lang.Object java.lang.invoke.DirectMethodHandle$Holder.invokeInterface(java.lang.Object, java.lang.Object)'> (0x000000071af04900) 
thrown [src/hotspot/share/interpreter/linkResolver.cpp, line 783]
Event: 0,050 Thread 0x000071046002cf30 Exception <a 'java/lang/IncompatibleClassChangeError'{0x000000071af07b98}: Found class java.lang.Object, but interface was expected> (0x000000071af07b98) 
thrown [src/hotspot/share/interpreter/linkResolver.cpp, line 851]
Event: 0,050 Thread 0x000071046002cf30 Exception <a 'java/lang/NoSuchMethodError'{0x000000071af0a828}: 'void java.lang.invoke.DirectMethodHandle$Holder.invokeStatic(java.lang.Object, java.lang.Object)'> (0x000000071af0a828) 
thrown [src/hotspot/share/interpreter/linkResolver.cpp, line 783]
Event: 0,050 Thread 0x000071046002cf30 Exception <a 'java/lang/NoSuchMethodError'{0x000000071af0dc38}: 'void java.lang.invoke.DirectMethodHandle$Holder.invokeStaticInit(java.lang.Object, java.lang.Object)'> (0x000000071af0dc38) 
thrown [src/hotspot/share/interpreter/linkResolver.cpp, line 783]
Event: 0,051 Thread 0x000071046002cf30 Exception <a 'java/lang/NoSuchMethodError'{0x000000071af13d20}: 'int java.lang.invoke.DirectMethodHandle$Holder.invokeStaticInit(java.lang.Object, java.lang.Object)'> (0x000000071af13d20) 
thrown [src/hotspot/share/interpreter/linkResolver.cpp, line 783]

ZGC Phase Switch (0 events):
No events

VM Operations (16 events):
Event: 0,057 Executing VM operation: HandshakeAllThreads (Deoptimize)
Event: 0,057 Executing VM operation: HandshakeAllThreads (Deoptimize) done
Event: 0,089 Executing VM operation: HandshakeAllThreads (Deoptimize)
Event: 0,089 Executing VM operation: HandshakeAllThreads (Deoptimize) done
Event: 0,190 Executing VM operation: G1CollectForAllocation (G1 Evacuation Pause)
Event: 0,202 Executing VM operation: G1CollectForAllocation (G1 Evacuation Pause) done
Event: 0,324 Executing VM operation: G1CollectForAllocation (G1 Evacuation Pause)
Event: 0,326 Executing VM operation: G1CollectForAllocation (G1 Evacuation Pause) done
Event: 0,448 Executing VM operation: HandshakeAllThreads (Deoptimize)
Event: 0,448 Executing VM operation: HandshakeAllThreads (Deoptimize) done
Event: 0,449 Executing VM operation: HandshakeAllThreads (Deoptimize)
Event: 0,449 Executing VM operation: HandshakeAllThreads (Deoptimize) done
Event: 1,449 Executing VM operation: Cleanup
Event: 1,449 Executing VM operation: Cleanup done
Event: 7,449 Executing VM operation: Cleanup
Event: 7,450 Executing VM operation: Cleanup done

Memory protections (20 events):
Event: 0,014 Protecting memory [0x0000710448b00000,0x0000710448b04000] with protection modes 0
Event: 0,014 Protecting memory [0x00007104489ff000,0x0000710448a03000] with protection modes 0
Event: 0,014 Protecting memory [0x00007104488fe000,0x0000710448902000] with protection modes 0
Event: 0,014 Protecting memory [0x00007104487fd000,0x0000710448801000] with protection modes 0
Event: 0,014 Protecting memory [0x00007104486fc000,0x0000710448700000] with protection modes 0
Event: 0,014 Protecting memory [0x00007104485fb000,0x00007104485ff000] with protection modes 0
Event: 0,014 Protecting memory [0x00007104484fa000,0x00007104484fe000] with protection modes 0
Event: 0,017 Protecting memory [0x00007104483f9000,0x00007104483fd000] with protection modes 0
Event: 0,018 Protecting memory [0x00007104482f8000,0x00007104482fc000] with protection modes 0
Event: 0,024 Protecting memory [0x00007104481f7000,0x00007104481fb000] with protection modes 0
Event: 0,024 Protecting memory [0x00007104480f6000,0x00007104480fa000] with protection modes 0
Event: 0,024 Protecting memory [0x0000710439f00000,0x0000710439f04000] with protection modes 0
Event: 0,029 Protecting memory [0x0000710439dff000,0x0000710439e03000] with protection modes 0
Event: 0,029 Protecting memory [0x0000710439cfe000,0x0000710439d02000] with protection modes 0
Event: 0,082 Protecting memory [0x0000710439900000,0x0000710439904000] with protection modes 0
Event: 0,101 Protecting memory [0x0000710439500000,0x0000710439504000] with protection modes 0
Event: 0,101 Protecting memory [0x0000710439100000,0x0000710439104000] with protection modes 0
Event: 0,284 Protecting memory [0x00007103e44fd000,0x00007103e4501000] with protection modes 0
Event: 0,284 Protecting memory [0x00007103e43fc000,0x00007103e4400000] with protection modes 0
Event: 0,284 Protecting memory [0x00007103e42fb000,0x00007103e42ff000] with protection modes 0

Nmethod flushes (0 events):
No events

Events (20 events):
Event: 0,024 Thread 0x000071046018d230 Thread added: 0x00007103c002da90
Event: 0,024 Thread 0x00007103c002c7b0 Thread added: 0x00007103bc001070
Event: 0,029 Thread 0x00007103c002da90 Thread added: 0x00007103b0021550
Event: 0,029 Thread 0x00007103c002da90 Thread added: 0x00007103b0022810
Event: 0,082 Thread 0x000071046002cf30 Thread added: 0x00007104603de4a0
Event: 0,101 Thread 0x000071046018d230 Thread added: 0x00007103c00c7930
Event: 0,101 Thread 0x000071046018d230 Thread added: 0x00007103c00c8ef0
Event: 0,284 Thread 0x00007103b0021550 Thread added: 0x00007103a81f9ce0
Event: 0,284 Thread 0x00007103b0021550 Thread added: 0x00007103a81c1cf0
Event: 0,284 Thread 0x00007103b0021550 Thread added: 0x00007103a8117a10
Event: 5,456 Thread 0x00007103bc001070 Thread exited: 0x00007103bc001070
Event: 5,456 Thread 0x00007103c002da90 Thread exited: 0x00007103c002da90
Event: 5,508 Thread 0x00007103a8117a10 Thread exited: 0x00007103a8117a10
Event: 7,263 Thread 0x00007103a81c1cf0 Thread exited: 0x00007103a81c1cf0
Event: 7,263 Thread 0x00007103a81f9ce0 Thread exited: 0x00007103a81f9ce0
Event: 7,263 Thread 0x00007103c00c8ef0 Thread exited: 0x00007103c00c8ef0
Event: 7,263 Thread 0x00007103c00c7930 Thread exited: 0x00007103c00c7930
Event: 7,263 Thread 0x00007103b0022810 Thread exited: 0x00007103b0022810
Event: 7,264 Thread 0x00007103b0021550 Thread exited: 0x00007103b0021550
Event: 12,267 Thread 0x00007103c002c7b0 Thread exited: 0x00007103c002c7b0


Dynamic libraries:
70c000000-71b400000 rw-p 00000000 00:00 0 
71b400000-7ffe00000 ---p 00000000 00:00 0 
7ffe00000-7fff0c000 rw-p 00d70000 103:06 10757205                        /home/aleksei/App/ideaIC-2025.1.2/idea-IC-251.26094.121/jbr/lib/server/classes.jsa
7fff0c000-800000000 rw-p 00000000 00:00 0 
5ad5b1c62000-5ad5b1c63000 r--p 00000000 103:06 10757496                  /home/aleksei/App/ideaIC-2025.1.2/idea-IC-251.26094.121/jbr/bin/java
5ad5b1c63000-5ad5b1c64000 r-xp 00001000 103:06 10757496                  /home/aleksei/App/ideaIC-2025.1.2/idea-IC-251.26094.121/jbr/bin/java
5ad5b1c64000-5ad5b1c65000 r--p 00002000 103:06 10757496                  /home/aleksei/App/ideaIC-2025.1.2/idea-IC-251.26094.121/jbr/bin/java
5ad5b1c65000-5ad5b1c66000 r--p 00002000 103:06 10757496                  /home/aleksei/App/ideaIC-2025.1.2/idea-IC-251.26094.121/jbr/bin/java
5ad5b1c66000-5ad5b1c67000 rw-p 00003000 103:06 10757496                  /home/aleksei/App/ideaIC-2025.1.2/idea-IC-251.26094.121/jbr/bin/java
5ad5ecfd9000-5ad5ed021000 rw-p 00000000 00:00 0                          [heap]
710278000000-7102787d4000 rw-p 00000000 00:00 0 
7102787d4000-71027c000000 ---p 00000000 00:00 0 
71027c000000-71027cada000 rw-p 00000000 00:00 0 
71027cada000-710280000000 ---p 00000000 00:00 0 
710280000000-710280021000 rw-p 00000000 00:00 0 
710280021000-710284000000 ---p 00000000 00:00 0 
710284000000-710284834000 rw-p 00000000 00:00 0 
710284834000-710288000000 ---p 00000000 00:00 0 
710288000000-710288021000 rw-p 00000000 00:00 0 
710288021000-71028c000000 ---p 00000000 00:00 0 
71028c000000-71028c021000 rw-p 00000000 00:00 0 
71028c021000-710290000000 ---p 00000000 00:00 0 
710290000000-710290021000 rw-p 00000000 00:00 0 
710290021000-710294000000 ---p 00000000 00:00 0 
710294e70000-710295400000 rw-p 00000000 00:00 0 
710295400000-710295430000 r-xp 00000000 103:06 10881099                  /home/aleksei/.javacpp/cache/opencv-4.5.1-1.5.5-linux-x86_64.jar/org/bytedeco/opencv/linux-x86_64/libjniopencv_imgcodecs.so
710295430000-71029562f000 ---p 00030000 103:06 10881099                  /home/aleksei/.javacpp/cache/opencv-4.5.1-1.5.5-linux-x86_64.jar/org/bytedeco/opencv/linux-x86_64/libjniopencv_imgcodecs.so
71029562f000-710295630000 r--p 0002f000 103:06 10881099                  /home/aleksei/.javacpp/cache/opencv-4.5.1-1.5.5-linux-x86_64.jar/org/bytedeco/opencv/linux-x86_64/libjniopencv_imgcodecs.so
710295630000-710295631000 rw-p 00030000 103:06 10881099                  /home/aleksei/.javacpp/cache/opencv-4.5.1-1.5.5-linux-x86_64.jar/org/bytedeco/opencv/linux-x86_64/libjniopencv_imgcodecs.so
710295800000-710295b4e000 r-xp 00000000 103:06 10881097                  /home/aleksei/.javacpp/cache/opencv-4.5.1-1.5.5-linux-x86_64.jar/org/bytedeco/opencv/linux-x86_64/libopencv_imgcodecs.so.4.5
710295b4e000-710295d4d000 ---p 0034e000 103:06 10881097                  /home/aleksei/.javacpp/cache/opencv-4.5.1-1.5.5-linux-x86_64.jar/org/bytedeco/opencv/linux-x86_64/libopencv_imgcodecs.so.4.5
710295d4d000-710295d57000 r--p 0034d000 103:06 10881097                  /home/aleksei/.javacpp/cache/opencv-4.5.1-1.5.5-linux-x86_64.jar/org/bytedeco/opencv/linux-x86_64/libopencv_imgcodecs.so.4.5
710295d57000-710295d5b000 rw-p 00357000 103:06 10881097                  /home/aleksei/.javacpp/cache/opencv-4.5.1-1.5.5-linux-x86_64.jar/org/bytedeco/opencv/linux-x86_64/libopencv_imgcodecs.so.4.5
710295d5b000-710295dc5000 rw-p 00000000 00:00 0 
710295e00000-710295f53000 r-xp 00000000 103:06 10881096                  /home/aleksei/.javacpp/cache/opencv-4.5.1-1.5.5-linux-x86_64.jar/org/bytedeco/opencv/linux-x86_64/libjniopencv_imgproc.so
710295f53000-710296153000 ---p 00153000 103:06 10881096                  /home/aleksei/.javacpp/cache/opencv-4.5.1-1.5.5-linux-x86_64.jar/org/bytedeco/opencv/linux-x86_64/libjniopencv_imgproc.so
710296153000-710296156000 r--p 00153000 103:06 10881096                  /home/aleksei/.javacpp/cache/opencv-4.5.1-1.5.5-linux-x86_64.jar/org/bytedeco/opencv/linux-x86_64/libjniopencv_imgproc.so
710296156000-710296157000 rw-p 00156000 103:06 10881096                  /home/aleksei/.javacpp/cache/opencv-4.5.1-1.5.5-linux-x86_64.jar/org/bytedeco/opencv/linux-x86_64/libjniopencv_imgproc.so
710296200000-7102967ab000 r-xp 00000000 103:06 10881093                  /home/aleksei/.javacpp/cache/opencv-4.5.1-1.5.5-linux-x86_64.jar/org/bytedeco/opencv/linux-x86_64/libopencv_imgproc.so.4.5
7102967ab000-7102969aa000 ---p 005ab000 103:06 10881093                  /home/aleksei/.javacpp/cache/opencv-4.5.1-1.5.5-linux-x86_64.jar/org/bytedeco/opencv/linux-x86_64/libopencv_imgproc.so.4.5
7102969aa000-7102969c5000 r--p 005aa000 103:06 10881093                  /home/aleksei/.javacpp/cache/opencv-4.5.1-1.5.5-linux-x86_64.jar/org/bytedeco/opencv/linux-x86_64/libopencv_imgproc.so.4.5
7102969c5000-7102969ce000 rw-p 005c5000 103:06 10881093                  /home/aleksei/.javacpp/cache/opencv-4.5.1-1.5.5-linux-x86_64.jar/org/bytedeco/opencv/linux-x86_64/libopencv_imgproc.so.4.5
7102969ce000-710296a6e000 rw-p 00000000 00:00 0 
710296c00000-710296ffb000 r-xp 00000000 103:06 10881085                  /home/aleksei/.javacpp/cache/opencv-4.5.1-1.5.5-linux-x86_64.jar/org/bytedeco/opencv/linux-x86_64/libopencv_core.so.4.5
710296ffb000-7102971fa000 ---p 003fb000 103:06 10881085                  /home/aleksei/.javacpp/cache/opencv-4.5.1-1.5.5-linux-x86_64.jar/org/bytedeco/opencv/linux-x86_64/libopencv_core.so.4.5
7102971fa000-710297208000 r--p 003fa000 103:06 10881085                  /home/aleksei/.javacpp/cache/opencv-4.5.1-1.5.5-linux-x86_64.jar/org/bytedeco/opencv/linux-x86_64/libopencv_core.so.4.5
710297208000-71029720e000 rw-p 00408000 103:06 10881085                  /home/aleksei/.javacpp/cache/opencv-4.5.1-1.5.5-linux-x86_64.jar/org/bytedeco/opencv/linux-x86_64/libopencv_core.so.4.5
71029720e000-710297214000 rw-p 00000000 00:00 0 
710297400000-710298c3f000 r-xp 00000000 103:06 10252867                  /home/aleksei/.javacpp/cache/openblas-0.3.13-1.5.5-linux-x86_64.jar/org/bytedeco/openblas/linux-x86_64/libjniopenblas.so
710298c3f000-710298e3f000 ---p 0183f000 103:06 10252867                  /home/aleksei/.javacpp/cache/openblas-0.3.13-1.5.5-linux-x86_64.jar/org/bytedeco/openblas/linux-x86_64/libjniopenblas.so
710298e3f000-710298e40000 r--p 0183f000 103:06 10252867                  /home/aleksei/.javacpp/cache/openblas-0.3.13-1.5.5-linux-x86_64.jar/org/bytedeco/openblas/linux-x86_64/libjniopenblas.so
710298e40000-710298e48000 rw-p 01840000 103:06 10252867                  /home/aleksei/.javacpp/cache/openblas-0.3.13-1.5.5-linux-x86_64.jar/org/bytedeco/openblas/linux-x86_64/libjniopenblas.so
710298e48000-710298e49000 rw-p 00000000 00:00 0 
710299000000-7102b9000000 rw-p 00000000 00:00 0 
7102b91fd000-7102b91fe000 ---p 00000000 00:00 0 
7102b91fe000-7102b99fe000 rw-p 00000000 00:00 0 
7102b99fe000-7102b99ff000 ---p 00000000 00:00 0 
7102b99ff000-7102ba1ff000 rw-p 00000000 00:00 0 
7102ba1ff000-7102ba200000 ---p 00000000 00:00 0 
7102ba200000-7102baa00000 rw-p 00000000 00:00 0 
7102baa00000-7102c2a00000 rw-p 00000000 00:00 0 
7102c2bff000-7102c2c00000 ---p 00000000 00:00 0 
7102c2c00000-7102c3400000 rw-p 00000000 00:00 0 
7102c3400000-7102cb400000 rw-p 00000000 00:00 0 
7102cb5ff000-7102cb600000 ---p 00000000 00:00 0 
7102cb600000-7102cbe00000 rw-p 00000000 00:00 0 
7102cbe00000-7102d3e00000 rw-p 00000000 00:00 0 
7102d3fff000-7102d4000000 ---p 00000000 00:00 0 
7102d4000000-7102d4800000 rw-p 00000000 00:00 0 
7102d4800000-7102dc800000 rw-p 00000000 00:00 0 
7102dc9ff000-7102dca00000 ---p 00000000 00:00 0 
7102dca00000-7102dd200000 rw-p 00000000 00:00 0 
7102dd200000-7102ed200000 rw-p 00000000 00:00 0 
7102ed3fe000-7102ed3ff000 ---p 00000000 00:00 0 
7102ed3ff000-7102edbff000 rw-p 00000000 00:00 0 
7102edbff000-7102edc00000 ---p 00000000 00:00 0 
7102edc00000-7102ee400000 rw-p 00000000 00:00 0 
7102ee400000-7102f6400000 rw-p 00000000 00:00 0 
7102f65ff000-7102f6600000 ---p 00000000 00:00 0 
7102f6600000-7102f6e00000 rw-p 00000000 00:00 0 
7102f6e00000-7102fee00000 rw-p 00000000 00:00 0 
7102fefff000-7102ff000000 ---p 00000000 00:00 0 
7102ff000000-7102ff800000 rw-p 00000000 00:00 0 
7102ff800000-710307800000 rw-p 00000000 00:00 0 
7103079ff000-710307a00000 ---p 00000000 00:00 0 
710307a00000-710308200000 rw-p 00000000 00:00 0 
710308200000-710310200000 rw-p 00000000 00:00 0 
7103103ff000-710310400000 ---p 00000000 00:00 0 
710310400000-710310c00000 rw-p 00000000 00:00 0 
710310c00000-710318c00000 rw-p 00000000 00:00 0 
710318dfe000-710318dff000 ---p 00000000 00:00 0 
710318dff000-7103195ff000 rw-p 00000000 00:00 0 
7103195ff000-710319600000 ---p 00000000 00:00 0 
710319600000-710319e00000 rw-p 00000000 00:00 0 
710319e00000-71031bafc000 r-xp 00000000 103:06 10252697                  /home/aleksei/.javacpp/cache/openblas-0.3.13-1.5.5-linux-x86_64.jar/org/bytedeco/openblas/linux-x86_64/libopenblas.so.0
71031bafc000-71031bcfc000 ---p 01cfc000 103:06 10252697                  /home/aleksei/.javacpp/cache/openblas-0.3.13-1.5.5-linux-x86_64.jar/org/bytedeco/openblas/linux-x86_64/libopenblas.so.0
71031bcfc000-71031bd02000 r--p 01cfc000 103:06 10252697                  /home/aleksei/.javacpp/cache/openblas-0.3.13-1.5.5-linux-x86_64.jar/org/bytedeco/openblas/linux-x86_64/libopenblas.so.0
71031bd02000-71031bd18000 rw-p 01d02000 103:06 10252697                  /home/aleksei/.javacpp/cache/openblas-0.3.13-1.5.5-linux-x86_64.jar/org/bytedeco/openblas/linux-x86_64/libopenblas.so.0
71031bd18000-71031bd24000 rw-p 00000000 00:00 0 
71031be00000-710333e00000 rw-p 00000000 00:00 0 
710333fff000-710334000000 ---p 00000000 00:00 0 
710334000000-710334800000 rw-p 00000000 00:00 0 
710334800000-71033c800000 rw-p 00000000 00:00 0 
71033c9ff000-71033ca00000 ---p 00000000 00:00 0 
71033ca00000-71033d200000 rw-p 00000000 00:00 0 
71033d200000-710345200000 rw-p 00000000 00:00 0 
7103453fe000-7103453ff000 ---p 00000000 00:00 0 
7103453ff000-710345bff000 rw-p 00000000 00:00 0 
710345bff000-710345c00000 ---p 00000000 00:00 0 
710345c00000-710346400000 rw-p 00000000 00:00 0 
710346400000-71034e400000 rw-p 00000000 00:00 0 
71034e5fe000-71034e5ff000 ---p 00000000 00:00 0 
71034e5ff000-71034edff000 rw-p 00000000 00:00 0 
71034edff000-71034ee00000 ---p 00000000 00:00 0 
71034ee00000-71034f600000 rw-p 00000000 00:00 0 
71034f600000-71035f600000 rw-p 00000000 00:00 0 
71035f7ff000-71035f800000 ---p 00000000 00:00 0 
71035f800000-710360000000 rw-p 00000000 00:00 0 
710360000000-710398000000 rw-p 00000000 00:00 0 
710398000000-7103986a4000 rw-p 00000000 00:00 0 
7103986a4000-71039c000000 ---p 00000000 00:00 0 
71039c200000-71039c52f000 r-xp 00000000 103:06 10881095                  /home/aleksei/.javacpp/cache/opencv-4.5.1-1.5.5-linux-x86_64.jar/org/bytedeco/opencv/linux-x86_64/libjniopencv_core.so
71039c52f000-71039c72f000 ---p 0032f000 103:06 10881095                  /home/aleksei/.javacpp/cache/opencv-4.5.1-1.5.5-linux-x86_64.jar/org/bytedeco/opencv/linux-x86_64/libjniopencv_core.so
71039c72f000-71039c73b000 r--p 0032f000 103:06 10881095                  /home/aleksei/.javacpp/cache/opencv-4.5.1-1.5.5-linux-x86_64.jar/org/bytedeco/opencv/linux-x86_64/libjniopencv_core.so
71039c73b000-71039c73e000 rw-p 0033b000 103:06 10881095                  /home/aleksei/.javacpp/cache/opencv-4.5.1-1.5.5-linux-x86_64.jar/org/bytedeco/opencv/linux-x86_64/libjniopencv_core.so
71039c73e000-71039c73f000 rw-p 00000000 00:00 0 
71039c7f9000-71039c7fa000 ---p 00000000 00:00 0 
71039c7fa000-71039cffa000 rw-p 00000000 00:00 0 
71039cffa000-71039cffb000 ---p 00000000 00:00 0 
71039cffb000-71039d7fb000 rw-p 00000000 00:00 0 
71039d7fb000-71039d7fc000 ---p 00000000 00:00 0 
71039d7fc000-71039dffc000 rw-p 00000000 00:00 0 
71039dffc000-71039dffd000 ---p 00000000 00:00 0 
71039dffd000-71039e7fd000 rw-p 00000000 00:00 0 
71039e7fd000-71039e7fe000 ---p 00000000 00:00 0 
71039e7fe000-71039effe000 rw-p 00000000 00:00 0 
71039effe000-71039efff000 ---p 00000000 00:00 0 
71039efff000-71039f7ff000 rw-p 00000000 00:00 0 
71039f7ff000-71039f800000 ---p 00000000 00:00 0 
71039f800000-7103a0000000 rw-p 00000000 00:00 0 
7103a0000000-7103a0021000 rw-p 00000000 00:00 0 
7103a0021000-7103a4000000 ---p 00000000 00:00 0 
7103a4000000-7103a4829000 rw-p 00000000 00:00 0 
7103a4829000-7103a8000000 ---p 00000000 00:00 0 
7103a8000000-7103a8a0f000 rw-p 00000000 00:00 0 
7103a8a0f000-7103ac000000 ---p 00000000 00:00 0 
7103ac000000-7103aca61000 rw-p 00000000 00:00 0 
7103aca61000-7103b0000000 ---p 00000000 00:00 0 
7103b0000000-7103b00d1000 rw-p 00000000 00:00 0 
7103b00d1000-7103b4000000 ---p 00000000 00:00 0 
7103b4000000-7103b4205000 rw-p 00000000 00:00 0 
7103b4205000-7103b8000000 ---p 00000000 00:00 0 
7103b8000000-7103b8021000 rw-p 00000000 00:00 0 
7103b8021000-7103bc000000 ---p 00000000 00:00 0 
7103bc000000-7103bc0f1000 rw-p 00000000 00:00 0 
7103bc0f1000-7103c0000000 ---p 00000000 00:00 0 
7103c0000000-7103c01da000 rw-p 00000000 00:00 0 
7103c01da000-7103c4000000 ---p 00000000 00:00 0 
7103c4000000-7103c4021000 rw-p 00000000 00:00 0 
7103c4021000-7103c8000000 ---p 00000000 00:00 0 
7103c8000000-7103c8021000 rw-p 00000000 00:00 0 
7103c8021000-7103cc000000 ---p 00000000 00:00 0 
7103cc000000-7103cc9d9000 rw-p 00000000 00:00 0 
7103cc9d9000-7103d0000000 ---p 00000000 00:00 0 
7103d0000000-7103d0021000 rw-p 00000000 00:00 0 
7103d0021000-7103d4000000 ---p 00000000 00:00 0 
7103d4000000-7103d4021000 rw-p 00000000 00:00 0 
7103d4021000-7103d8000000 ---p 00000000 00:00 0 
7103d8000000-7103d8021000 rw-p 00000000 00:00 0 
7103d8021000-7103dc000000 ---p 00000000 00:00 0 
7103dc000000-7103dc021000 rw-p 00000000 00:00 0 
7103dc021000-7103e0000000 ---p 00000000 00:00 0 
7103e0000000-7103e0021000 rw-p 00000000 00:00 0 
7103e0021000-7103e4000000 ---p 00000000 00:00 0 
7103e4057000-7103e42fa000 rw-p 00000000 00:00 0 
7103e42fa000-7103e42fb000 ---p 00000000 00:00 0 
7103e42fb000-7103e42ff000 ---p 00000000 00:00 0 
7103e42ff000-7103e43fb000 rw-p 00000000 00:00 0 
7103e43fb000-7103e43fc000 ---p 00000000 00:00 0 
7103e43fc000-7103e4400000 ---p 00000000 00:00 0 
7103e4400000-7103e44fc000 rw-p 00000000 00:00 0 
7103e44fc000-7103e44fd000 ---p 00000000 00:00 0 
7103e44fd000-7103e4501000 ---p 00000000 00:00 0 
7103e4501000-7103e45fd000 rw-p 00000000 00:00 0 
7103e45fd000-7103e45fe000 ---p 00000000 00:00 0 
7103e45fe000-7103e46fe000 rw-p 00000000 00:00 0 
7103e46fe000-7103e46ff000 ---p 00000000 00:00 0 
7103e46ff000-7103e47ff000 rw-p 00000000 00:00 0 
7103e47ff000-7103e4800000 ---p 00000000 00:00 0 
7103e4800000-7103e5000000 rw-p 00000000 00:00 0 
7103e5000000-7103e6cfc000 r-xp 00000000 103:06 10251272                  /home/aleksei/.javacpp/cache/openblas-0.3.13-1.5.5-linux-x86_64.jar/org/bytedeco/openblas/linux-x86_64/libopenblas_nolapack.so.0
7103e6cfc000-7103e6efc000 ---p 01cfc000 103:06 10251272                  /home/aleksei/.javacpp/cache/openblas-0.3.13-1.5.5-linux-x86_64.jar/org/bytedeco/openblas/linux-x86_64/libopenblas_nolapack.so.0
7103e6efc000-7103e6f02000 r--p 01cfc000 103:06 10251272                  /home/aleksei/.javacpp/cache/openblas-0.3.13-1.5.5-linux-x86_64.jar/org/bytedeco/openblas/linux-x86_64/libopenblas_nolapack.so.0
7103e6f02000-7103e6f18000 rw-p 01d02000 103:06 10251272                  /home/aleksei/.javacpp/cache/openblas-0.3.13-1.5.5-linux-x86_64.jar/org/bytedeco/openblas/linux-x86_64/libopenblas_nolapack.so.0
7103e6f18000-7103e6f24000 rw-p 00000000 00:00 0 
7103e7000000-7103e71a0000 rw-p 00000000 00:00 0 
7103e71a0000-7103e7400000 ---p 00000000 00:00 0 
7103e7400000-7103e74a0000 rw-p 00000000 00:00 0 
7103e74a0000-7103e7ac0000 rw-p 00000000 00:00 0 
7103e7ac0000-7103eb000000 ---p 00000000 00:00 0 
7103eb000000-7103ebd2e000 rw-p 00001000 103:06 10757205                  /home/aleksei/App/ideaIC-2025.1.2/idea-IC-251.26094.121/jbr/lib/server/classes.jsa
7103ebd2e000-7103ec000000 ---p 00000000 00:00 0 
7103ec000000-7103ec040000 rw-p 00000000 00:00 0 
7103ec040000-7103ec060000 rw-p 00000000 00:00 0 
7103ec060000-7103ec080000 ---p 00000000 00:00 0 
7103ec080000-7103ec0a0000 rw-p 00000000 00:00 0 
7103ec0a0000-71042c000000 ---p 00000000 00:00 0 
71042c000000-71042c021000 rw-p 00000000 00:00 0 
71042c021000-710430000000 ---p 00000000 00:00 0 
710430000000-710430021000 rw-p 00000000 00:00 0 
710430021000-710434000000 ---p 00000000 00:00 0 
710434000000-710434021000 rw-p 00000000 00:00 0 
710434021000-710438000000 ---p 00000000 00:00 0 
7104380ff000-710438100000 ---p 00000000 00:00 0 
710438100000-710438200000 rw-p 00000000 00:00 0 
710438200000-710438249000 r-xp 00000000 103:06 10251275                  /home/aleksei/.javacpp/cache/openblas-0.3.13-1.5.5-linux-x86_64.jar/org/bytedeco/openblas/linux-x86_64/libjniopenblas_nolapack.so
710438249000-710438449000 ---p 00049000 103:06 10251275                  /home/aleksei/.javacpp/cache/openblas-0.3.13-1.5.5-linux-x86_64.jar/org/bytedeco/openblas/linux-x86_64/libjniopenblas_nolapack.so
710438449000-71043844a000 r--p 00049000 103:06 10251275                  /home/aleksei/.javacpp/cache/openblas-0.3.13-1.5.5-linux-x86_64.jar/org/bytedeco/openblas/linux-x86_64/libjniopenblas_nolapack.so
71043844a000-71043844b000 rw-p 0004a000 103:06 10251275                  /home/aleksei/.javacpp/cache/openblas-0.3.13-1.5.5-linux-x86_64.jar/org/bytedeco/openblas/linux-x86_64/libjniopenblas_nolapack.so
7104384ff000-710438500000 ---p 00000000 00:00 0 
710438500000-710438600000 rw-p 00000000 00:00 0 
710438600000-71043876c000 r-xp 00000000 103:06 10250393                  /home/aleksei/.javacpp/cache/openblas-0.3.13-1.5.5-linux-x86_64.jar/org/bytedeco/openblas/linux-x86_64/libgfortran.so.4
71043876c000-71043896b000 ---p 0016c000 103:06 10250393                  /home/aleksei/.javacpp/cache/openblas-0.3.13-1.5.5-linux-x86_64.jar/org/bytedeco/openblas/linux-x86_64/libgfortran.so.4
71043896b000-71043896e000 rw-p 0016b000 103:06 10250393                  /home/aleksei/.javacpp/cache/openblas-0.3.13-1.5.5-linux-x86_64.jar/org/bytedeco/openblas/linux-x86_64/libgfortran.so.4
710438a00000-710438a1c000 r--p 00000000 103:06 12063993                  /usr/lib/libgfortran.so.5.0.0
710438a1c000-710438cf9000 r-xp 0001c000 103:06 12063993                  /usr/lib/libgfortran.so.5.0.0
710438cf9000-710438d23000 r--p 002f9000 103:06 12063993                  /usr/lib/libgfortran.so.5.0.0
710438d23000-710438d25000 r--p 00323000 103:06 12063993                  /usr/lib/libgfortran.so.5.0.0
710438d25000-710438d26000 rw-p 00325000 103:06 12063993                  /usr/lib/libgfortran.so.5.0.0
710438e00000-710438e3f000 r-xp 00000000 103:06 10250391                  /home/aleksei/.javacpp/cache/openblas-0.3.13-1.5.5-linux-x86_64.jar/org/bytedeco/openblas/linux-x86_64/libquadmath.so.0
710438e3f000-71043903e000 ---p 0003f000 103:06 10250391                  /home/aleksei/.javacpp/cache/openblas-0.3.13-1.5.5-linux-x86_64.jar/org/bytedeco/openblas/linux-x86_64/libquadmath.so.0
71043903e000-71043903f000 rw-p 0003e000 103:06 10250391                  /home/aleksei/.javacpp/cache/openblas-0.3.13-1.5.5-linux-x86_64.jar/org/bytedeco/openblas/linux-x86_64/libquadmath.so.0
7104390ff000-710439100000 ---p 00000000 00:00 0 
710439100000-710439104000 ---p 00000000 00:00 0 
710439104000-710439200000 rw-p 00000000 00:00 0 
710439200000-710439216000 r-xp 00000000 103:06 10250389                  /home/aleksei/.javacpp/cache/openblas-0.3.13-1.5.5-linux-x86_64.jar/org/bytedeco/openblas/linux-x86_64/libgcc_s.so.1
710439216000-710439415000 ---p 00016000 103:06 10250389                  /home/aleksei/.javacpp/cache/openblas-0.3.13-1.5.5-linux-x86_64.jar/org/bytedeco/openblas/linux-x86_64/libgcc_s.so.1
710439415000-710439416000 rw-p 00015000 103:06 10250389                  /home/aleksei/.javacpp/cache/openblas-0.3.13-1.5.5-linux-x86_64.jar/org/bytedeco/openblas/linux-x86_64/libgcc_s.so.1
7104394ff000-710439500000 ---p 00000000 00:00 0 
710439500000-710439504000 ---p 00000000 00:00 0 
710439504000-710439600000 rw-p 00000000 00:00 0 
710439600000-710439697000 r--p 00000000 103:06 12065959                  /usr/lib/libstdc++.so.6.0.33
710439697000-7104397e4000 r-xp 00097000 103:06 12065959                  /usr/lib/libstdc++.so.6.0.33
7104397e4000-710439874000 r--p 001e4000 103:06 12065959                  /usr/lib/libstdc++.so.6.0.33
710439874000-710439881000 r--p 00274000 103:06 12065959                  /usr/lib/libstdc++.so.6.0.33
710439881000-710439882000 rw-p 00281000 103:06 12065959                  /usr/lib/libstdc++.so.6.0.33
710439882000-710439886000 rw-p 00000000 00:00 0 
7104398ff000-710439900000 ---p 00000000 00:00 0 
710439900000-710439904000 ---p 00000000 00:00 0 
710439904000-710439a00000 rw-p 00000000 00:00 0 
710439a00000-710439a0d000 r-xp 00000000 103:06 10250383                  /home/aleksei/.javacpp/cache/javacpp-1.5.5-linux-x86_64.jar/org/bytedeco/javacpp/linux-x86_64/libjnijavacpp.so
710439a0d000-710439c0c000 ---p 0000d000 103:06 10250383                  /home/aleksei/.javacpp/cache/javacpp-1.5.5-linux-x86_64.jar/org/bytedeco/javacpp/linux-x86_64/libjnijavacpp.so
710439c0c000-710439c0d000 r--p 0000c000 103:06 10250383                  /home/aleksei/.javacpp/cache/javacpp-1.5.5-linux-x86_64.jar/org/bytedeco/javacpp/linux-x86_64/libjnijavacpp.so
710439c0d000-710439c0e000 rw-p 0000d000 103:06 10250383                  /home/aleksei/.javacpp/cache/javacpp-1.5.5-linux-x86_64.jar/org/bytedeco/javacpp/linux-x86_64/libjnijavacpp.so
710439cfd000-710439cfe000 ---p 00000000 00:00 0 
710439cfe000-710439d02000 ---p 00000000 00:00 0 
710439d02000-710439dfe000 rw-p 00000000 00:00 0 
710439dfe000-710439dff000 ---p 00000000 00:00 0 
710439dff000-710439e03000 ---p 00000000 00:00 0 
710439e03000-710439eff000 rw-p 00000000 00:00 0 
710439eff000-710439f00000 ---p 00000000 00:00 0 
710439f00000-710439f04000 ---p 00000000 00:00 0 
710439f04000-71043a000000 rw-p 00000000 00:00 0 
71043a000000-71043c021000 rw-p 00000000 00:00 0 
71043c021000-710440000000 ---p 00000000 00:00 0 
710440000000-710440021000 rw-p 00000000 00:00 0 
710440021000-710444000000 ---p 00000000 00:00 0 
710444000000-710444021000 rw-p 00000000 00:00 0 
710444021000-710448000000 ---p 00000000 00:00 0 
7104480f5000-7104480f6000 ---p 00000000 00:00 0 
7104480f6000-7104480fa000 ---p 00000000 00:00 0 
7104480fa000-7104481f6000 rw-p 00000000 00:00 0 
7104481f6000-7104481f7000 ---p 00000000 00:00 0 
7104481f7000-7104481fb000 ---p 00000000 00:00 0 
7104481fb000-7104482f7000 rw-p 00000000 00:00 0 
7104482f7000-7104482f8000 ---p 00000000 00:00 0 
7104482f8000-7104482fc000 ---p 00000000 00:00 0 
7104482fc000-7104483f8000 rw-p 00000000 00:00 0 
7104483f8000-7104483f9000 ---p 00000000 00:00 0 
7104483f9000-7104483fd000 ---p 00000000 00:00 0 
7104483fd000-7104484f9000 rw-p 00000000 00:00 0 
7104484f9000-7104484fa000 ---p 00000000 00:00 0 
7104484fa000-7104484fe000 ---p 00000000 00:00 0 
7104484fe000-7104485fa000 rw-p 00000000 00:00 0 
7104485fa000-7104485fb000 ---p 00000000 00:00 0 
7104485fb000-7104485ff000 ---p 00000000 00:00 0 
7104485ff000-7104486fb000 rw-p 00000000 00:00 0 
7104486fb000-7104486fc000 ---p 00000000 00:00 0 
7104486fc000-710448700000 ---p 00000000 00:00 0 
710448700000-7104487fc000 rw-p 00000000 00:00 0 
7104487fc000-7104487fd000 ---p 00000000 00:00 0 
7104487fd000-710448801000 ---p 00000000 00:00 0 
710448801000-7104488fd000 rw-p 00000000 00:00 0 
7104488fd000-7104488fe000 ---p 00000000 00:00 0 
7104488fe000-710448902000 ---p 00000000 00:00 0 
710448902000-7104489fe000 rw-p 00000000 00:00 0 
7104489fe000-7104489ff000 ---p 00000000 00:00 0 
7104489ff000-710448a03000 ---p 00000000 00:00 0 
710448a03000-710448aff000 rw-p 00000000 00:00 0 
710448aff000-710448b00000 ---p 00000000 00:00 0 
710448b00000-710448b04000 ---p 00000000 00:00 0 
710448b04000-710448c00000 rw-p 00000000 00:00 0 
710448c00000-710448eef000 r--p 00000000 103:06 12093564                  /usr/lib/locale/locale-archive
710448efe000-710448eff000 ---p 00000000 00:00 0 
710448eff000-710448fff000 rw-p 00000000 00:00 0 
710448fff000-710449000000 ---p 00000000 00:00 0 
710449000000-710449100000 rw-p 00000000 00:00 0 
710449100000-7104494d0000 rw-p 00000000 00:00 0 
7104494d0000-71044cdf8000 ---p 00000000 00:00 0 
71044cdf8000-71044ce00000 rw-p 00000000 00:00 0 
71044ce00000-71044d070000 rwxp 00000000 00:00 0 
71044d070000-71045425f000 ---p 00000000 00:00 0 
71045425f000-71045461f000 rwxp 00000000 00:00 0 
71045461f000-7104549a0000 ---p 00000000 00:00 0 
7104549a0000-710454c10000 rwxp 00000000 00:00 0 
710454c10000-71045be00000 ---p 00000000 00:00 0 
71045be00000-71045fe63000 r--s 00000000 103:06 10757190                  /home/aleksei/App/ideaIC-2025.1.2/idea-IC-251.26094.121/jbr/lib/modules
710460000000-710460a06000 rw-p 00000000 00:00 0 
710460a06000-710464000000 ---p 00000000 00:00 0 
71046409e000-7104640a2000 r--p 00000000 103:06 12063952                  /usr/lib/libgcc_s.so.1
7104640a2000-7104640c6000 r-xp 00004000 103:06 12063952                  /usr/lib/libgcc_s.so.1
7104640c6000-7104640ca000 r--p 00028000 103:06 12063952                  /usr/lib/libgcc_s.so.1
7104640ca000-7104640cb000 r--p 0002b000 103:06 12063952                  /usr/lib/libgcc_s.so.1
7104640cb000-7104640cc000 rw-p 0002c000 103:06 12063952                  /usr/lib/libgcc_s.so.1
7104640f7000-710464214000 rw-p 00000000 00:00 0 
710464214000-710464215000 ---p 00000000 00:00 0 
710464215000-710464315000 rw-p 00000000 00:00 0 
710464315000-710464316000 ---p 00000000 00:00 0 
710464316000-710464416000 rw-p 00000000 00:00 0 
710464416000-710465123000 rw-p 00000000 00:00 0 
710465123000-710465124000 ---p 00000000 00:00 0 
710465124000-710465224000 rw-p 00000000 00:00 0 
710465224000-710465225000 ---p 00000000 00:00 0 
710465225000-710465325000 rw-p 00000000 00:00 0 
710465325000-710465326000 ---p 00000000 00:00 0 
710465326000-710465426000 rw-p 00000000 00:00 0 
710465426000-71046555b000 rw-p 00000000 00:00 0 
71046555b000-710465c80000 ---p 00000000 00:00 0 
710465c80000-710465cfb000 rw-p 00000000 00:00 0 
710465cfb000-710466420000 ---p 00000000 00:00 0 
710466420000-710467133000 rw-p 00000000 00:00 0 
710467133000-710467217000 ---p 00000000 00:00 0 
710467217000-71046721c000 rw-p 00000000 00:00 0 
71046721c000-710467300000 ---p 00000000 00:00 0 
710467300000-710467304000 ---p 00000000 00:00 0 
710467304000-710467400000 rw-p 00000000 00:00 0 
710467400000-7104676a3000 r--p 00000000 103:06 10757202                  /home/aleksei/App/ideaIC-2025.1.2/idea-IC-251.26094.121/jbr/lib/server/libjvm.so
7104676a3000-710468511000 r-xp 002a3000 103:06 10757202                  /home/aleksei/App/ideaIC-2025.1.2/idea-IC-251.26094.121/jbr/lib/server/libjvm.so
710468511000-7104687f7000 r--p 01111000 103:06 10757202                  /home/aleksei/App/ideaIC-2025.1.2/idea-IC-251.26094.121/jbr/lib/server/libjvm.so
7104687f7000-7104687f8000 ---p 013f7000 103:06 10757202                  /home/aleksei/App/ideaIC-2025.1.2/idea-IC-251.26094.121/jbr/lib/server/libjvm.so
7104687f8000-7104688cc000 r--p 013f7000 103:06 10757202                  /home/aleksei/App/ideaIC-2025.1.2/idea-IC-251.26094.121/jbr/lib/server/libjvm.so
7104688cc000-7104688fc000 rw-p 014cb000 103:06 10757202                  /home/aleksei/App/ideaIC-2025.1.2/idea-IC-251.26094.121/jbr/lib/server/libjvm.so
7104688fc000-710468972000 rw-p 00000000 00:00 0 
710468976000-710468977000 r--p 00000000 103:06 12191649                  /usr/share/locale/en_GB/LC_MESSAGES/libc.mo
710468977000-71046897e000 r--s 00000000 103:06 12093565                  /usr/lib/gconv/gconv-modules.cache
71046897e000-710468981000 r--p 00000000 103:06 10757193                  /home/aleksei/App/ideaIC-2025.1.2/idea-IC-251.26094.121/jbr/lib/libnet.so
710468981000-710468989000 r-xp 00003000 103:06 10757193                  /home/aleksei/App/ideaIC-2025.1.2/idea-IC-251.26094.121/jbr/lib/libnet.so
710468989000-71046898b000 r--p 0000b000 103:06 10757193                  /home/aleksei/App/ideaIC-2025.1.2/idea-IC-251.26094.121/jbr/lib/libnet.so
71046898b000-71046898c000 ---p 0000d000 103:06 10757193                  /home/aleksei/App/ideaIC-2025.1.2/idea-IC-251.26094.121/jbr/lib/libnet.so
71046898c000-71046898d000 r--p 0000d000 103:06 10757193                  /home/aleksei/App/ideaIC-2025.1.2/idea-IC-251.26094.121/jbr/lib/libnet.so
71046898d000-71046898e000 rw-p 00000000 00:00 0 
71046898e000-710468995000 r--p 00000000 103:06 10757213                  /home/aleksei/App/ideaIC-2025.1.2/idea-IC-251.26094.121/jbr/lib/libnio.so
710468995000-71046899e000 r-xp 00007000 103:06 10757213                  /home/aleksei/App/ideaIC-2025.1.2/idea-IC-251.26094.121/jbr/lib/libnio.so
71046899e000-7104689a2000 r--p 00010000 103:06 10757213                  /home/aleksei/App/ideaIC-2025.1.2/idea-IC-251.26094.121/jbr/lib/libnio.so
7104689a2000-7104689a3000 ---p 00014000 103:06 10757213                  /home/aleksei/App/ideaIC-2025.1.2/idea-IC-251.26094.121/jbr/lib/libnio.so
7104689a3000-7104689a4000 r--p 00014000 103:06 10757213                  /home/aleksei/App/ideaIC-2025.1.2/idea-IC-251.26094.121/jbr/lib/libnio.so
7104689a4000-7104689a5000 rw-p 00015000 103:06 10757213                  /home/aleksei/App/ideaIC-2025.1.2/idea-IC-251.26094.121/jbr/lib/libnio.so
7104689a5000-7104689a7000 r--p 00000000 103:06 10757174                  /home/aleksei/App/ideaIC-2025.1.2/idea-IC-251.26094.121/jbr/lib/libzip.so
7104689a7000-7104689ab000 r-xp 00002000 103:06 10757174                  /home/aleksei/App/ideaIC-2025.1.2/idea-IC-251.26094.121/jbr/lib/libzip.so
7104689ab000-7104689ad000 r--p 00006000 103:06 10757174                  /home/aleksei/App/ideaIC-2025.1.2/idea-IC-251.26094.121/jbr/lib/libzip.so
7104689ad000-7104689ae000 r--p 00007000 103:06 10757174                  /home/aleksei/App/ideaIC-2025.1.2/idea-IC-251.26094.121/jbr/lib/libzip.so
7104689ae000-7104689b7000 rw-p 00000000 00:00 0 
7104689b7000-7104689be000 ---p 00000000 00:00 0 
7104689be000-7104689cb000 r--p 00000000 103:06 10757191                  /home/aleksei/App/ideaIC-2025.1.2/idea-IC-251.26094.121/jbr/lib/libjava.so
7104689cb000-7104689d9000 r-xp 0000d000 103:06 10757191                  /home/aleksei/App/ideaIC-2025.1.2/idea-IC-251.26094.121/jbr/lib/libjava.so
7104689d9000-7104689de000 r--p 0001b000 103:06 10757191                  /home/aleksei/App/ideaIC-2025.1.2/idea-IC-251.26094.121/jbr/lib/libjava.so
7104689de000-7104689df000 ---p 00020000 103:06 10757191                  /home/aleksei/App/ideaIC-2025.1.2/idea-IC-251.26094.121/jbr/lib/libjava.so
7104689df000-7104689e0000 r--p 00020000 103:06 10757191                  /home/aleksei/App/ideaIC-2025.1.2/idea-IC-251.26094.121/jbr/lib/libjava.so
7104689e0000-7104689e1000 rw-p 00021000 103:06 10757191                  /home/aleksei/App/ideaIC-2025.1.2/idea-IC-251.26094.121/jbr/lib/libjava.so
7104689e1000-7104689e2000 rw-p 00000000 00:00 0 
7104689e2000-7104689f1000 r--p 00000000 103:06 12071231                  /usr/lib/libm.so.6
7104689f1000-710468a77000 r-xp 0000f000 103:06 12071231                  /usr/lib/libm.so.6
710468a77000-710468ad8000 r--p 00095000 103:06 12071231                  /usr/lib/libm.so.6
710468ad8000-710468ad9000 r--p 000f5000 103:06 12071231                  /usr/lib/libm.so.6
710468ad9000-710468ada000 rw-p 000f6000 103:06 12071231                  /usr/lib/libm.so.6
710468ada000-710468adb000 r--p 00000000 103:06 12073204                  /usr/lib/librt.so.1
710468adb000-710468adc000 r-xp 00001000 103:06 12073204                  /usr/lib/librt.so.1
710468adc000-710468add000 r--p 00002000 103:06 12073204                  /usr/lib/librt.so.1
710468add000-710468ade000 r--p 00002000 103:06 12073204                  /usr/lib/librt.so.1
710468ade000-710468adf000 rw-p 00003000 103:06 12073204                  /usr/lib/librt.so.1
710468adf000-710468ae3000 rw-p 00000000 00:00 0 
710468ae3000-710468b07000 r--p 00000000 103:06 12071221                  /usr/lib/libc.so.6
710468b07000-710468c78000 r-xp 00024000 103:06 12071221                  /usr/lib/libc.so.6
710468c78000-710468cc7000 r--p 00195000 103:06 12071221                  /usr/lib/libc.so.6
710468cc7000-710468ccb000 r--p 001e3000 103:06 12071221                  /usr/lib/libc.so.6
710468ccb000-710468ccd000 rw-p 001e7000 103:06 12071221                  /usr/lib/libc.so.6
710468ccd000-710468cd5000 rw-p 00000000 00:00 0 
710468cd5000-710468cd6000 r--p 00000000 103:06 12071226                  /usr/lib/libdl.so.2
710468cd6000-710468cd7000 r-xp 00001000 103:06 12071226                  /usr/lib/libdl.so.2
710468cd7000-710468cd8000 r--p 00002000 103:06 12071226                  /usr/lib/libdl.so.2
710468cd8000-710468cd9000 r--p 00002000 103:06 12071226                  /usr/lib/libdl.so.2
710468cd9000-710468cda000 rw-p 00003000 103:06 12071226                  /usr/lib/libdl.so.2
710468cda000-710468cdb000 r--p 00000000 103:06 12073198                  /usr/lib/libpthread.so.0
710468cdb000-710468cdc000 r-xp 00001000 103:06 12073198                  /usr/lib/libpthread.so.0
710468cdc000-710468cdd000 r--p 00002000 103:06 12073198                  /usr/lib/libpthread.so.0
710468cdd000-710468cde000 r--p 00002000 103:06 12073198                  /usr/lib/libpthread.so.0
710468cde000-710468cdf000 rw-p 00003000 103:06 12073198                  /usr/lib/libpthread.so.0
710468cdf000-710468ce1000 r--p 00000000 103:06 10757047                  /home/aleksei/App/ideaIC-2025.1.2/idea-IC-251.26094.121/jbr/lib/libjli.so
710468ce1000-710468ceb000 r-xp 00002000 103:06 10757047                  /home/aleksei/App/ideaIC-2025.1.2/idea-IC-251.26094.121/jbr/lib/libjli.so
710468ceb000-710468cee000 r--p 0000c000 103:06 10757047                  /home/aleksei/App/ideaIC-2025.1.2/idea-IC-251.26094.121/jbr/lib/libjli.so
710468cee000-710468cef000 ---p 0000f000 103:06 10757047                  /home/aleksei/App/ideaIC-2025.1.2/idea-IC-251.26094.121/jbr/lib/libjli.so
710468cef000-710468cf0000 r--p 0000f000 103:06 10757047                  /home/aleksei/App/ideaIC-2025.1.2/idea-IC-251.26094.121/jbr/lib/libjli.so
710468cf0000-710468cf1000 rw-p 00010000 103:06 10757047                  /home/aleksei/App/ideaIC-2025.1.2/idea-IC-251.26094.121/jbr/lib/libjli.so
710468cf1000-710468cf4000 r--p 00000000 103:06 12066069                  /usr/lib/libz.so.1.3.1
710468cf4000-710468d02000 r-xp 00003000 103:06 12066069                  /usr/lib/libz.so.1.3.1
710468d02000-710468d08000 r--p 00011000 103:06 12066069                  /usr/lib/libz.so.1.3.1
710468d08000-710468d09000 r--p 00017000 103:06 12066069                  /usr/lib/libz.so.1.3.1
710468d09000-710468d0a000 rw-p 00018000 103:06 12066069                  /usr/lib/libz.so.1.3.1
710468d0a000-710468d12000 rw-s 00000000 00:24 81                         /tmp/hsperfdata_aleksei/14194
710468d12000-710468d13000 ---p 00000000 00:00 0 
710468d13000-710468d14000 r--p 00000000 00:00 0 
710468d14000-710468d15000 ---p 00000000 00:00 0 
710468d15000-710468d18000 r--p 00000000 103:06 10757054                  /home/aleksei/App/ideaIC-2025.1.2/idea-IC-251.26094.121/jbr/lib/libjimage.so
710468d18000-710468d2c000 r-xp 00003000 103:06 10757054                  /home/aleksei/App/ideaIC-2025.1.2/idea-IC-251.26094.121/jbr/lib/libjimage.so
710468d2c000-710468d32000 r--p 00017000 103:06 10757054                  /home/aleksei/App/ideaIC-2025.1.2/idea-IC-251.26094.121/jbr/lib/libjimage.so
710468d32000-710468d34000 r--p 0001c000 103:06 10757054                  /home/aleksei/App/ideaIC-2025.1.2/idea-IC-251.26094.121/jbr/lib/libjimage.so
710468d34000-710468d35000 rw-p 0001e000 103:06 10757054                  /home/aleksei/App/ideaIC-2025.1.2/idea-IC-251.26094.121/jbr/lib/libjimage.so
710468d35000-710468d37000 rw-p 00000000 00:00 0 
710468d37000-710468d3b000 r--p 00000000 00:00 0                          [vvar]
710468d3b000-710468d3d000 r-xp 00000000 00:00 0                          [vdso]
710468d3d000-710468d3e000 r--p 00000000 103:06 12071212                  /usr/lib/ld-linux-x86-64.so.2
710468d3e000-710468d67000 r-xp 00001000 103:06 12071212                  /usr/lib/ld-linux-x86-64.so.2
710468d67000-710468d72000 r--p 0002a000 103:06 12071212                  /usr/lib/ld-linux-x86-64.so.2
710468d72000-710468d74000 r--p 00034000 103:06 12071212                  /usr/lib/ld-linux-x86-64.so.2
710468d74000-710468d75000 rw-p 00036000 103:06 12071212                  /usr/lib/ld-linux-x86-64.so.2
710468d75000-710468d76000 rw-p 00000000 00:00 0 
7ffd4ea3b000-7ffd4ea5e000 rw-p 00000000 00:00 0                          [stack]
ffffffffff600000-ffffffffff601000 --xp 00000000 00:00 0                  [vsyscall]
Total number of mappings: 438


VM Arguments:
jvm_args: -Dfile.encoding=UTF-8 -Duser.country=GB -Duser.language=en -Duser.variant -Dawt.toolkit.name=XToolkit 
java_command: core.App
java_class_path (initial): /home/aleksei/Documents/spbu_study/pconv/build/classes/java/main:/home/aleksei/Documents/spbu_study/pconv/build/resources/main:/home/aleksei/.gradle/caches/modules-2/files-2.1/org.bytedeco/opencv-platform/4.5.1-1.5.5/d95b9cb9b23f3b2f3f186068777062d28430ea55/opencv-platform-4.5.1-1.5.5.jar:/home/aleksei/.gradle/caches/modules-2/files-2.1/org.bytedeco/openblas-platform/0.3.13-1.5.5/d79835fa1be959dca3b11f22c4f8bb7293cd4179/openblas-platform-0.3.13-1.5.5.jar:/home/aleksei/.gradle/caches/modules-2/files-2.1/org.bytedeco/opencv/4.5.1-1.5.5/fb962fa32b97d7cae58c840a009e1e25e8a9efb9/opencv-4.5.1-1.5.5.jar:/home/aleksei/.gradle/caches/modules-2/files-2.1/org.bytedeco/opencv/4.5.1-1.5.5/63b92909abf966336eb20c00ff8f9da178f3a088/opencv-4.5.1-1.5.5-android-arm.jar:/home/aleksei/.gradle/caches/modules-2/files-2.1/org.bytedeco/opencv/4.5.1-1.5.5/dc132fff689ce5da1a2d244f6060ee919f142941/opencv-4.5.1-1.5.5-android-arm64.jar:/home/aleksei/.gradle/caches/modules-2/files-2.1/org.bytedeco/opencv/4.5.1-1.5.5/7d2a61b3329291e770d2d607f0376c506119ba50/opencv-4.5.1-1.5.5-android-x86.jar:/home/aleksei/.gradle/caches/modules-2/files-2.1/org.bytedeco/opencv/4.5.1-1.5.5/7a9ec115628f1b996e5cc1e27d503030d8f00407/opencv-4.5.1-1.5.5-android-x86_64.jar:/home/aleksei/.gradle/caches/modules-2/files-2.1/org.bytedeco/opencv/4.5.1-1.5.5/73a7cdd7c572a170c7d14d63eb9549e5b2a79323/opencv-4.5.1-1.5.5-ios-arm64.jar:/home/aleksei/.gradle/caches/modules-2/files-2.1/org.bytedeco/opencv/4.5.1-1.5.5/553e06bebc01739f9da600448377c998c450a283/opencv-4.5.1-1.5.5-ios-x86_64.jar:/home/aleksei/.gradle/caches/modules-2/files-2.1/org.bytedeco/opencv/4.5.1-1.5.5/fb8b3d1467046bac24508405acabc3db0643d581/opencv-4.5.1-1.5.5-linux-x86.jar:/home/aleksei/.gradle/caches/modules-2/files-2.1/org.bytedeco/opencv/4.5.1-1.5.5/25b04906df9c60ae57ea8c45012cb20d36086299/opencv-4.5.1-1.5.5-linux-x86_64.jar:/home/aleksei/.gradle/caches/modules-2/files-2.1/org.bytedeco/opencv/4.5.1-1.5.5/d938362aa23446abe36a3e274816f42601467a4f/opencv-4.5.1-1.5.5-linux-armhf.jar:/home/aleksei/.gradle/caches/modules-2/files-2.1/org.bytedeco/opencv/4.5.1-1.5.5/4a0c4355ad2d8e321440245250b62da515f3ae14/opencv-4.5.1-1.5.5-linux-arm64.jar:/home/aleksei/.gradle/caches/modules-2/files-2.1/org.bytedeco/opencv/4.5.1-1.5.5/b813303169072935cb14fb5987ecc8f92e1eae34/opencv-4.5.1-1.5.5-linux-ppc64le.jar:/home/aleksei/.gradle/caches/modules-2/files-2.1/org.bytedeco/opencv/4.5.1-1.5.5/a079d9d2aff9af6e11456e071fc2e122cbd8d94b/opencv-4.5.1-1.5.5-macosx-x86_64.jar:/home/aleksei/.gradle/caches/modules-2/files-2.1/org.bytedeco/opencv/4.5.1-1.5.5/6aa51b0161dfdfde81e43015042447da868a834c/opencv-4.5.1-1.5.5-windows-x86.jar:/home/aleksei/.gradle/caches/modules-2/files-2.1/org.bytedeco/opencv/4.5.1-1.5.5/33097aa8cb366539340e5e9fd2ef36ea1303ad65/opencv-4.5.1-1.5.5-windows-x86_64.jar:/home/aleksei/.gradle/caches/modules-2/files-2.1/org.bytedeco/javacpp-platform/1.5.5/ce1aae20dac967f042cd30d78e61c55af8477852/javacpp-platform-1.5.5.jar:/home/aleksei/.gradle/caches/modules-2/files-2.1/org.bytedeco/openblas/0.3.13-1.5.5/9dcba9271c67a29d273277ce44b1b91e7240754b/openblas-0.3.13-1.5.5.jar:/home/aleksei/.gradle/caches/modules-2/files-2.1/org.bytedeco/openblas/0.3.13-1.5.5/2ec94abc15c4343c1a1aac22ec506428ba2de0a8/openblas-0.3.13-1.5.5-android-arm.jar:/home/aleksei/.gradle/caches/modules-2/files-2.1/org.bytedeco/openblas/0.3.13-1.5.5/f89e3bf3da02cfea77828873a3e4cf6cf481136c/openblas-0.3.13-1.5.5-android-arm64.jar:/home/aleksei/.gradle/caches/modules-2/files-2.1/org.bytedeco/openblas/0.3.13-1.5.5/12b9d8fdab5894901c3ca75c37bcb4dfab8dbbba/openblas-0.3.13-1.5.5-android-x86.jar:/home/aleksei/.gradle/caches/modules-2/files-2.1/org.bytedeco/openblas/0.3.13-1.5.5/c4fcdf66d92dd4f2da7e2ad61df8c21130c622df/openblas-0.3.13-1.5.5-android-x86_64.jar:/home/aleksei/.gradle/caches/modules-2/files-2.1/org.bytedeco/openblas/0.3.13-1.5.5/6e4a768da2bf4c9979ed688a0f9b1afa25831ebb/openblas-0.3.13-1.5.5-ios-arm64.jar:/home/aleksei/.gradle/caches/modules-2/files-2.1/org.bytedeco/openblas/0.3.13-1.5.5/a065f80bd93d871cc4ce67e241987055af3edd00/openblas-0.3.13-1.5.5-ios-x86_64.jar:/home/aleksei/.gradle/caches/modules-2/files-2.1/org.bytedeco/openblas/0.3.13-1.5.5/7e534273ba7ecbe50c9ffa66363e83299ad6501f/openblas-0.3.13-1.5.5-linux-x86.jar:/home/aleksei/.gradle/caches/modules-2/files-2.1/org.bytedeco/openblas/0.3.13-1.5.5/80fbca129017f61f5767291da018b394f9a2dec3/openblas-0.3.13-1.5.5-linux-x86_64.jar:/home/aleksei/.gradle/caches/modules-2/files-2.1/org.bytedeco/openblas/0.3.13-1.5.5/25917895cc4d047728ce0f6edd010507123d16b3/openblas-0.3.13-1.5.5-linux-armhf.jar:/home/aleksei/.gradle/caches/modules-2/files-2.1/org.bytedeco/openblas/0.3.13-1.5.5/9084552cec07acaf2bc2889a4eaebed8bc48c8bc/openblas-0.3.13-1.5.5-linux-arm64.jar:/home/aleksei/.gradle/caches/modules-2/files-2.1/org.bytedeco/openblas/0.3.13-1.5.5/89146e024449ecf692aa17ae5fa2e90655aff33b/openblas-0.3.13-1.5.5-linux-ppc64le.jar:/home/aleksei/.gradle/caches/modules-2/files-2.1/org.bytedeco/openblas/0.3.13-1.5.5/e67413c8a139b87d8c6356549299bdc2343d7305/openblas-0.3.13-1.5.5-macosx-x86_64.jar:/home/aleksei/.gradle/caches/modules-2/files-2.1/org.bytedeco/openblas/0.3.13-1.5.5/f6f21392676ca7767e79a2db51dc4f66670148c6/openblas-0.3.13-1.5.5-windows-x86.jar:/home/aleksei/.gradle/caches/modules-2/files-2.1/org.bytedeco/openblas/0.3.13-1.5.5/67cf9aff479b0b153df1ab0387161f0a25d8b91f/openblas-0.3.13-1.5.5-windows-x86_64.jar:/home/aleksei/.gradle/caches/modules-2/files-2.1/org.bytedeco/javacpp/1.5.5/92e1c31aaed15a3dc12008859a37ced45fa0b730/javacpp-1.5.5.jar:/home/aleksei/.gradle/caches/modules-2/files-2.1/org.bytedeco/javacpp/1.5.5/3f4103dbc532617a91c176027bd2b52bd95a8929/javacpp-1.5.5-android-arm.jar:/home/aleksei/.gradle/caches/modules-2/files-2.1/org.bytedeco/javacpp/1.5.5/594f1483d24d1a489de29cf7b16cc19b60dbd9f0/javacpp-1.5.5-android-arm64.jar:/home/aleksei/.gradle/caches/modules-2/files-2.1/org.bytedeco/javacpp/1.5.5/42374db77c7c7f1d8620a85c26fbbc14b9c8bcd4/javacpp-1.5.5-android-x86.jar:/home/aleksei/.gradle/caches/modules-2/files-2.1/org.bytedeco/javacpp/1.5.5/82d31939f4ebd6ab9f8e547830ef721340c7c1b7/javacpp-1.5.5-android-x86_64.jar:/home/aleksei/.gradle/caches/modules-2/files-2.1/org.bytedeco/javacpp/1.5.5/9b22365a060f2e3b5bec2ff5f5f6d75ea2962eef/javacpp-1.5.5-ios-arm64.jar:/home/aleksei/.gradle/caches/modules-2/files-2.1/org.bytedeco/javacpp/1.5.5/ee20a88e18d635cc62869a20204e37cc68f6efe4/javacpp-1.5.5-ios-x86_64.jar:/home/aleksei/.gradle/caches/modules-2/files-2.1/org.bytedeco/javacpp/1.5.5/d45afe724f6c373c8070ecd3e955858dc9bbd544/javacpp-1.5.5-linux-armhf.jar:/home/aleksei/.gradle/caches/modules-2/files-2.1/org.bytedeco/javacpp/1.5.5/7397da1ad8ed5a08e8f6d389452ee0fb19bf2bcc/javacpp-1.5.5-linux-arm64.jar:/home/aleksei/.gradle/caches/modules-2/files-2.1/org.bytedeco/javacpp/1.5.5/59e6cae70d93093c8f8909f563f1360c44789c3b/javacpp-1.5.5-linux-ppc64le.jar:/home/aleksei/.gradle/caches/modules-2/files-2.1/org.bytedeco/javacpp/1.5.5/262e581c536a83501f10ddfdcc0f2e83a1a60e10/javacpp-1.5.5-linux-x86.jar:/home/aleksei/.gradle/caches/modules-2/files-2.1/org.bytedeco/javacpp/1.5.5/e5f16ef28a056fe6c0f1c26a6a02f2dc94ce0693/javacpp-1.5.5-linux-x86_64.jar:/home/aleksei/.gradle/caches/modules-2/files-2.1/org.bytedeco/javacpp/1.5.5/1ed7d9a0059182448149115cf13842e83533cfa/javacpp-1.5.5-macosx-arm64.jar:/home/aleksei/.gradle/caches/modules-2/files-2.1/org.bytedeco/javacpp/1.5.5/3525246f3ef45f824fa04004c370f35589730398/javacpp-1.5.5-macosx-x86_64.jar:/home/aleksei/.gradle/caches/modules-2/files-2.1/org.bytedeco/javacpp/1.5.5/9d6da1103af76d7f21c6f644862ab26035c0e05/javacpp-1.5.5-windows-x86.jar:/home/aleksei/.gradle/caches/modules-2/files-2.1/org.bytedeco/javacpp/1.5.5/bdcd2b6a12b6222c50edfbf6e1f46e37ffff73bf/javacpp-1.5.5-windows-x86_64.jar
Launcher Type: SUN_STANDARD

[Global flags]
     intx CICompilerCount                          = 12                                        {product} {ergonomic}
     uint ConcGCThreads                            = 3                                         {product} {ergonomic}
     uint G1ConcRefinementThreads                  = 13                                        {product} {ergonomic}
   size_t G1HeapRegionSize                         = 2097152                                   {product} {ergonomic}
    uintx GCDrainStackTargetSize                   = 64                                        {product} {ergonomic}
   size_t InitialHeapSize                          = 255852544                                 {product} {ergonomic}
   size_t MarkStackSize                            = 4194304                                   {product} {ergonomic}
   size_t MaxHeapSize                              = 4093640704                                {product} {ergonomic}
   size_t MaxNewSize                               = 2455764992                                {product} {ergonomic}
   size_t MinHeapDeltaBytes                        = 2097152                                   {product} {ergonomic}
   size_t MinHeapSize                              = 8388608                                   {product} {ergonomic}
    uintx NonNMethodCodeHeapSize                   = 7602480                                {pd product} {ergonomic}
    uintx NonProfiledCodeHeapSize                  = 122027880                              {pd product} {ergonomic}
    uintx ProfiledCodeHeapSize                     = 122027880                              {pd product} {ergonomic}
    uintx ReservedCodeCacheSize                    = 251658240                              {pd product} {ergonomic}
     bool SegmentedCodeCache                       = true                                      {product} {ergonomic}
   size_t SoftMaxHeapSize                          = 4093640704                             {manageable} {ergonomic}
     bool UseCompressedOops                        = true                           {product lp64_product} {ergonomic}
     bool UseG1GC                                  = true                                      {product} {ergonomic}

Logging:
Log output configuration:
 #0: stdout all=warning uptime,level,tags foldmultilines=false
 #1: stderr all=off uptime,level,tags foldmultilines=false

Environment Variables:
PATH=/home/aleksei/.local/bin:/usr/local/bin:/usr/bin:/usr/local/sbin:/usr/lib/jvm/default/bin:/usr/bin/site_perl:/usr/bin/vendor_perl:/usr/bin/core_perl:/usr/lib/rustup/bin
USERNAME=aleksei
SHELL=/bin/bash
DISPLAY=:0
LANG=en_GB.UTF-8
LC_NUMERIC=ru_RU.UTF-8
LC_TIME=ru_RU.UTF-8

Active Locale:
LC_ALL=LC_CTYPE=en_GB.UTF-8;LC_NUMERIC=ru_RU.UTF-8;LC_TIME=ru_RU.UTF-8;LC_COLLATE=en_GB.UTF-8;LC_MONETARY=ru_RU.UTF-8;LC_MESSAGES=en_GB.UTF-8;LC_PAPER=ru_RU.UTF-8;LC_NAME=ru_RU.UTF-8;LC_ADDRESS=ru_RU.UTF-8;LC_TELEPHONE=ru_RU.UTF-8;LC_MEASUREMENT=ru_RU.UTF-8;LC_IDENTIFICATION=ru_RU.UTF-8
LC_COLLATE=en_GB.UTF-8
LC_CTYPE=en_GB.UTF-8
LC_MESSAGES=en_GB.UTF-8
LC_MONETARY=ru_RU.UTF-8
LC_NUMERIC=ru_RU.UTF-8
LC_TIME=ru_RU.UTF-8

Signal Handlers:
   SIGSEGV: crash_handler in libjvm.so, mask=11100100010111111101111111111110, flags=SA_RESTART|SA_SIGINFO, unblocked
    SIGBUS: crash_handler in libjvm.so, mask=11100100010111111101111111111110, flags=SA_RESTART|SA_SIGINFO, unblocked
    SIGFPE: crash_handler in libjvm.so, mask=11100100010111111101111111111110, flags=SA_RESTART|SA_SIGINFO, unblocked
   SIGPIPE: javaSignalHandler in libjvm.so, mask=11100100010111111101111111111110, flags=SA_RESTART|SA_SIGINFO, blocked
   SIGXFSZ: javaSignalHandler in libjvm.so, mask=11100100010111111101111111111110, flags=SA_RESTART|SA_SIGINFO, blocked
    SIGILL: crash_handler in libjvm.so, mask=11100100010111111101111111111110, flags=SA_RESTART|SA_SIGINFO, unblocked
   SIGUSR2: SR_handler in libjvm.so, mask=00000000000000000000000000000000, flags=SA_RESTART|SA_SIGINFO, blocked
    SIGHUP: UserHandler in libjvm.so, mask=11100100010111111101111111111110, flags=SA_RESTART|SA_SIGINFO, blocked
    SIGINT: UserHandler in libjvm.so, mask=11100100010111111101111111111110, flags=SA_RESTART|SA_SIGINFO, blocked
   SIGTERM: UserHandler in libjvm.so, mask=11100100010111111101111111111110, flags=SA_RESTART|SA_SIGINFO, blocked
   SIGQUIT: UserHandler in libjvm.so, mask=11100100010111111101111111111110, flags=SA_RESTART|SA_SIGINFO, blocked
   SIGTRAP: crash_handler in libjvm.so, mask=11100100010111111101111111111110, flags=SA_RESTART|SA_SIGINFO, unblocked


Periodic native trim disabled

JNI global refs:
JNI global refs: 17, weak refs: 754

JNI global refs memory usage: 859, weak refs: 7873

Process memory usage:
Resident Set Size: 220172K (1% of 15984600K total physical memory with 7987844K free physical memory)

OOME stack traces (most recent first):
Classloader memory used:
Loader jdk.internal.loader.ClassLoaders$AppClassLoader                                 : 7147K
Loader bootstrap                                                                       : 1801K
Loader jdk.internal.loader.ClassLoaders$PlatformClassLoader                            : 19496B

---------------  S Y S T E M  ---------------

OS:
DISTRIB_ID="ManjaroLinux"
DISTRIB_RELEASE="25.0.0"
DISTRIB_CODENAME="Zetar"
DISTRIB_DESCRIPTION="Manjaro Linux"
uname: Linux 6.12.21-4-MANJARO #1 SMP PREEMPT_DYNAMIC Tue, 01 Apr 2025 18:45:30 +0000 x86_64
OS uptime: 0 days 1:26 hours
libc: glibc 2.41 NPTL 2.41 
rlimit (soft/hard): STACK 8192k/infinity , CORE infinity/infinity , NPROC 61811/61811 , NOFILE 524288/524288 , AS infinity/infinity , CPU infinity/infinity , DATA infinity/infinity , FSIZE infinity/infinity , MEMLOCK 8192k/8192k
load average: 0,44 0,64 0,58

/proc/meminfo:
MemTotal:       15984600 kB
MemFree:         4693928 kB
MemAvailable:    7996540 kB
Buffers:          179568 kB
Cached:          4064088 kB
SwapCached:            0 kB
Active:          7859732 kB
Inactive:        1578232 kB
Active(anon):    6051896 kB
Inactive(anon):        0 kB
Active(file):    1807836 kB
Inactive(file):  1578232 kB
Unevictable:      757164 kB
Mlocked:              32 kB
SwapTotal:       4194300 kB
SwapFree:        4194300 kB
Zswap:                 0 kB
Zswapped:              0 kB
Dirty:                 0 kB
Writeback:             0 kB
AnonPages:       5700916 kB
Mapped:          1606044 kB
Shmem:            857616 kB
KReclaimable:     261472 kB
Slab:             448580 kB
SReclaimable:     261472 kB
SUnreclaim:       187108 kB
KernelStack:       27220 kB
PageTables:        48796 kB
SecPageTables:      2080 kB
NFS_Unstable:          0 kB
Bounce:                0 kB
WritebackTmp:          0 kB
CommitLimit:    12186600 kB
Committed_AS:   18879052 kB
VmallocTotal:   34359738367 kB
VmallocUsed:      173708 kB
VmallocChunk:          0 kB
Percpu:            12096 kB
HardwareCorrupted:     0 kB
AnonHugePages:   2381824 kB
ShmemHugePages:   692224 kB
ShmemPmdMapped:        0 kB
FileHugePages:    567296 kB
FilePmdMapped:    342016 kB
CmaTotal:              0 kB
CmaFree:               0 kB
Unaccepted:            0 kB
HugePages_Total:       0
HugePages_Free:        0
HugePages_Rsvd:        0
HugePages_Surp:        0
Hugepagesize:       2048 kB
Hugetlb:               0 kB
DirectMap4k:      877300 kB
DirectMap2M:    11315200 kB
DirectMap1G:     4194304 kB

/sys/kernel/mm/transparent_hugepage/enabled: [always] madvise never
/sys/kernel/mm/transparent_hugepage/hpage_pmd_size: 2097152
/sys/kernel/mm/transparent_hugepage/defrag (defrag/compaction efforts parameter): always defer defer+madvise [madvise] never

Process Memory:
Virtual Size: 12068084K (peak: 12068084K)
Resident Set Size: 220172K (peak: 228668K) (anon: 182512K, file: 37660K, shmem: 0K)
Swapped out: 0K
C-Heap outstanding allocations: 47735K, retained: 62416K
glibc malloc tunables: (default)

/proc/sys/kernel/threads-max (system-wide limit on the number of threads): 123623
/proc/sys/vm/max_map_count (maximum number of memory map areas a process may have): 1048576
/proc/sys/vm/swappiness (control to define how aggressively the kernel swaps out anonymous memory): 60
/proc/sys/kernel/pid_max (system-wide limit on number of process identifiers): 4194304

container information not found.
Steal ticks since vm start: 0
Steal ticks percentage since vm start:  0,000

CPU: total 16 (initial active 16) (16 cores per cpu, 1 threads per core) family 6 model 154 stepping 3 microcode 0x436, cx8, cmov, fxsr, mmx, 3dnowpref, sse, sse2, sse3, ssse3, sse4.1, sse4.2, popcnt, lzcnt, tsc, tscinvbit, avx, avx2, aes, erms, clmul, bmi1, bmi2, adx, sha, fma, vzeroupper, clflush, clflushopt, clwb, serialize, rdtscp, rdpid, fsrm, f16c, pku, ospke, cet_ibt, cet_ss
CPU Model and flags from /proc/cpuinfo:
model name	: 12th Gen Intel(R) Core(TM) i7-12650H
flags		: fpu vme de pse tsc msr pae mce cx8 apic sep mtrr pge mca cmov pat pse36 clflush dts acpi mmx fxsr sse sse2 ss ht tm pbe syscall nx pdpe1gb rdtscp lm constant_tsc art arch_perfmon pebs bts rep_good nopl xtopology nonstop_tsc cpuid aperfmperf tsc_known_freq pni pclmulqdq dtes64 monitor ds_cpl vmx smx est tm2 ssse3 sdbg fma cx16 xtpr pdcm pcid sse4_1 sse4_2 x2apic movbe popcnt tsc_deadline_timer aes xsave avx f16c rdrand lahf_lm abm 3dnowprefetch cpuid_fault epb ssbd ibrs ibpb stibp ibrs_enhanced tpr_shadow flexpriority ept vpid ept_ad fsgsbase tsc_adjust bmi1 avx2 smep bmi2 erms invpcid rdseed adx smap clflushopt clwb intel_pt sha_ni xsaveopt xsavec xgetbv1 xsaves split_lock_detect user_shstk avx_vnni dtherm ida arat pln pts hwp hwp_notify hwp_act_window hwp_epp hwp_pkg_req hfi vnmi umip pku ospke waitpkg gfni vaes vpclmulqdq rdpid movdiri movdir64b fsrm md_clear serialize arch_lbr ibt flush_l1d arch_capabilities

Online cpus: 0-15
Offline cpus: 
BIOS frequency limitation: <Not Available>
Frequency switch latency (ns): 0
Available cpu frequencies: <Not Available>
Current governor: powersave
Core performance/turbo boost: <Not Available>

Memory: 4k page, physical 15984600k(7996540k free), swap 4194300k(4194300k free)
Page Sizes: 4k

vm_info: OpenJDK 64-Bit Server VM (21.0.7+9-b895.130) for linux-amd64 JRE (21.0.7+9-b895.130), built on 2025-05-13 by "builduser" with gcc 10.2.1 20210130 (Red Hat 10.2.1-11.1.0.1)

END.
