#
# A fatal error has been detected by the Java Runtime Environment:
#
#  SIGSEGV (0xb) at pc=0x00007bf35043a799, pid=69566, tid=69568
#
# JRE version: OpenJDK Runtime Environment JBR-21.0.7+9-895.130-jcef (21.0.7+9) (build 21.0.7+9-b895.130)
# Java VM: OpenJDK 64-Bit Server VM JBR-21.0.7+9-895.130-jcef (21.0.7+9-b895.130, mixed mode, sharing, tiered, compressed oops, compressed class ptrs, g1 gc, linux-amd64)
# Problematic frame:
# C  [libjniopenblas_nolapack.so+0x3a799]  Java_org_bytedeco_javacpp_BytePointer_put__JB+0x49
#
# Core dump will be written. Default location: Core dumps may be processed with "/usr/lib/systemd/systemd-coredump %P %u %g %s %t %c %h" (or dumping to /home/aleksei/Documents/spbu_study/pconv/core.69566)
#
# If you would like to submit a bug report, please visit:
#   https://youtrack.jetbrains.com/issues/JBR
# The crash happened outside the Java Virtual Machine in native code.
# See problematic frame for where to report the bug.
#

---------------  S U M M A R Y ------------

Command Line: -Dfile.encoding=UTF-8 -Duser.country=GB -Duser.language=en -Duser.variant -Dawt.toolkit.name=XToolkit core.App

Host: 12th Gen Intel(R) Core(TM) i7-12650H, 16 cores, 15G, Manjaro Linux
Time: Thu Jun 12 19:35:57 2025 MSK elapsed time: 13.508276 seconds (0d 0h 0m 13s)

---------------  T H R E A D  ---------------

Current thread (0x00007bf3cc02cf30):  JavaThread "main"             [_thread_in_native, id=69568, stack(0x00007bf3d2300000,0x00007bf3d2400000) (1024K)]

Stack: [0x00007bf3d2300000,0x00007bf3d2400000],  sp=0x00007bf3d23fe810,  free space=1018k
Native frames: (J=compiled Java code, j=interpreted, Vv=VM code, C=native code)
C  [libjniopenblas_nolapack.so+0x3a799]  Java_org_bytedeco_javacpp_BytePointer_put__JB+0x49
Java frames: (J=compiled Java code, j=interpreted, Vv=VM code)
J 1151  org.bytedeco.javacpp.BytePointer.put(JB)Lorg/bytedeco/javacpp/BytePointer; (0 bytes) @ 0x00007bf3c0a738f0 [0x00007bf3c0a738a0+0x0000000000000050]
J 1159% c2 core.convoulter.Convoluter.MakeConvolution(Lcore/convoulter/Filter;)V (220 bytes) @ 0x00007bf3c0a74570 [0x00007bf3c0a741e0+0x0000000000000390]
j  core.convoulter.Convoluter.convolution(Lcore/console/FilterType;)V+44
j  core.App.main([Ljava/lang/String;)V+118
v  ~StubRoutines::call_stub 0x00007bf3c025fcc6

siginfo: si_signo: 11 (SIGSEGV), si_code: 2 (SEGV_ACCERR), si_addr: 0x00007bf208400040

Registers:
RAX=0x00007bf3d23fe840, RBX=0x00007bf3d23fe840, RCX=0x000000000000001a, RDX=0x0000000000000062
RSP=0x00007bf3d23fe810, RBP=0x00007bf3cc02d2e8, RSI=0x00007bf3d23fe840, RDI=0x00007bf3cc02d2e8
R8 =0x0000000000000002, R9 =0x000000071505a218, R10=0x0000000000000018, R11=0x000000000000002c
R12=0x00007bf208400040, R13=0x0000000000000000, R14=0x000000000000001a, R15=0x00007bf3cc02cf30
RIP=0x00007bf35043a799, EFLAGS=0x0000000000010202, CSGSFS=0x002b000000000033, ERR=0x0000000000000007
  TRAPNO=0x000000000000000e

XMM[0]=0x0000000000000000 0x403a4ec4ec4ec4ed
XMM[1]=0x0000000000000000 0x403a4ec4ec4ec4ed
XMM[2]=0x0000000000000000 0xc060000000000000
XMM[3]=0x0000000000000000 0x0000000000000000
XMM[4]=0x0000000000000000 0xc060000000000000
XMM[5]=0x0000000000000000 0x4059000000000000
XMM[6]=0x0000000000000000 0x81c7000004288f8b
XMM[7]=0x0000000000000000 0xc74912f11ae2e800
XMM[8]=0x0000000000000000 0xc4f640ff8b490000
XMM[9]=0x0000000000000000 0xffcab418f71fcc4a
XMM[10]=0x0000000000000000 0x00000000f7551832
XMM[11]=0x0000000000000000 0x25ba22dc1cd9ef26
XMM[12]=0x0000000000000000 0x00000000f71fcc4a
XMM[13]=0x0000000000000000 0xbfe69edfc686963b
XMM[14]=0x0000000000000000 0x400921fb54442d18
XMM[15]=0x0000000000000000 0x0000000000000000
  MXCSR=0x00001fa2


Register to memory mapping:

RAX=0x00007bf3d23fe840 is pointing into the stack for thread: 0x00007bf3cc02cf30
RBX=0x00007bf3d23fe840 is pointing into the stack for thread: 0x00007bf3cc02cf30
RCX=0x000000000000001a is an unknown value
RDX=0x0000000000000062 is an unknown value
RSP=0x00007bf3d23fe810 is pointing into the stack for thread: 0x00007bf3cc02cf30
RBP=0x00007bf3cc02d2e8 points into unknown readable memory: 0x00007bf3d38d3040 | 40 30 8d d3 f3 7b 00 00
RSI=0x00007bf3d23fe840 is pointing into the stack for thread: 0x00007bf3cc02cf30
RDI=0x00007bf3cc02d2e8 points into unknown readable memory: 0x00007bf3d38d3040 | 40 30 8d d3 f3 7b 00 00
R8 =0x0000000000000002 is an unknown value
R9 =0x000000071505a218 is an oop: org.bytedeco.javacpp.BytePointer 
{0x000000071505a218} - klass: 'org/bytedeco/javacpp/BytePointer'
 - ---- fields (total size 6 words):
 - private 'deallocator' 'Lorg/bytedeco/javacpp/Pointer$Deallocator;' @12  null (0x00000000)
 - protected 'address' 'J' @16  136279450714176 (0x00007bf208400040)
 - protected 'position' 'J' @24  0 (0x0000000000000000)
 - protected 'limit' 'J' @32  0 (0x0000000000000000)
 - protected 'capacity' 'J' @40  0 (0x0000000000000000)
R10=0x0000000000000018 is an unknown value
R11=0x000000000000002c is an unknown value
R12=0x00007bf208400040: <offset 0x0000000000000040> in /home/aleksei/.javacpp/cache/opencv-4.5.1-1.5.5-linux-x86_64.jar/org/bytedeco/opencv/linux-x86_64/libjniopencv_imgcodecs.so at 0x00007bf208400000
R13=0x0 is null
R14=0x000000000000001a is an unknown value
R15=0x00007bf3cc02cf30 is a thread

Top of Stack: (sp=0x00007bf3d23fe810)
0x00007bf3d23fe810:   000000000000059f 00007bf3d23fe880
0x00007bf3d23fe820:   0000000000000000 0000000000000005
0x00007bf3d23fe830:   00007bf3531a3598 00007bf3c0a73963
0x00007bf3d23fe840:   000000071505a218 0000000715059d18
0x00007bf3d23fe850:   000000070c225cc8 00007bf3d23fe890
0x00007bf3d23fe860:   00000000e24058f7 00007bf3000005a0
0x00007bf3d23fe870:   0000000715059d00 0000000000000003
0x00007bf3d23fe880:   0000000000000002 00007bf3c0a74570
0x00007bf3d23fe890:   000000070c002040 0000000500000005
0x00007bf3d23fe8a0:   000000070c002068 0000000000000000
0x00007bf3d23fe8b0:   3fb3b13b13b13b14 0000059f00000780
0x00007bf3d23fe8c0:   00000002000005a0 0000000000000002
0x00007bf3d23fe8d0:   4075600000000000 0000000200000002
0x00007bf3d23fe8e0:   deaddeaf00000000 0000000717637c18
0x00007bf3d23fe8f0:   00007bf3d23fe958 00007bf3c0267180
0x00007bf3d23fe900:   0000000000000000 0000000717637b08
0x00007bf3d23fe910:   00007bf3d23fe910 00007bf353403004
0x00007bf3d23fe920:   0000000000000003 00007bf3534033c0
0x00007bf3d23fe930:   0000000000000000 000000070c002080
0x00007bf3d23fe940:   00007bf353403040 00007bf3d23fe900
0x00007bf3d23fe950:   00007bf3d23fe968 00007bf3d23fe9c0
0x00007bf3d23fe960:   00007bf3c0267180 000000070c34d248
0x00007bf3d23fe970:   000000070c002068 00007bf3d23fe978
0x00007bf3d23fe980:   00007bf353400736 0000000000000005
0x00007bf3d23fe990:   00007bf3534008e0 0000000000000000
0x00007bf3d23fe9a0:   000000070c0020f0 00007bf3534007e0
0x00007bf3d23fe9b0:   00007bf3d23fe968 00007bf3d23fe9e8
0x00007bf3d23fe9c0:   00007bf3d23fea50 00007bf3c025fcc6
0x00007bf3d23fe9d0:   000000070c34d280 000000070c002178
0x00007bf3d23fe9e0:   000000070c34d260 000000070c002168
0x00007bf3d23fe9f0:   00007bf300001fa2 00007bf3d23feb70
0x00007bf3d23fea00:   000000000000000e 00007bf3d23fecc8 

Instructions: (pc=0x00007bf35043a799)
0x00007bf35043a699:   48 8b 03 48 8b 15 5d 03 21 00 4c 89 ee 48 89 df
0x00007bf35043a6a9:   ff 90 28 03 00 00 4c 01 e0 4d 85 ff 48 89 44 24
0x00007bf35043a6b9:   08 74 54 48 8b 03 31 d2 4c 89 fe 48 89 df ff 90
0x00007bf35043a6c9:   f0 06 00 00 48 8b 7c 24 08 48 8d 34 28 4c 89 f2
0x00007bf35043a6d9:   49 89 c4 e8 df 76 fd ff 48 8b 03 31 c9 4c 89 e2
0x00007bf35043a6e9:   4c 89 fe 48 89 df ff 90 f8 06 00 00 48 83 c4 18
0x00007bf35043a6f9:   4c 89 e8 5b 5d 41 5c 41 5d 41 5e 41 5f c3 66 0f
0x00007bf35043a709:   1f 84 00 00 00 00 00 48 89 c7 4c 89 f2 48 89 ee
0x00007bf35043a719:   e8 a2 76 fd ff eb d5 be 14 00 00 00 48 89 df 45
0x00007bf35043a729:   31 ed e8 00 d1 ff ff 48 8b 0b 48 8d 15 c1 25 00
0x00007bf35043a739:   00 48 89 c6 48 89 df ff 51 70 eb b0 90 66 2e 0f
0x00007bf35043a749:   1f 84 00 00 00 00 00 41 56 41 55 41 89 ce 41 54
0x00007bf35043a759:   55 49 89 d5 53 48 8b 07 48 89 fd 48 89 f3 48 8b
0x00007bf35043a769:   15 9a 02 21 00 ff 90 28 03 00 00 48 85 c0 74 2d
0x00007bf35043a779:   49 89 c4 48 8b 45 00 48 8b 15 79 02 21 00 48 89
0x00007bf35043a789:   de 48 89 ef ff 90 28 03 00 00 49 01 c4 48 89 d8
0x00007bf35043a799:   47 88 34 2c 5b 5d 41 5c 41 5d 41 5e c3 be 14 00
0x00007bf35043a7a9:   00 00 48 89 ef e8 7d d0 ff ff 48 8b 4d 00 48 8d
0x00007bf35043a7b9:   15 3d 25 00 00 48 89 c6 48 89 ef ff 51 70 31 c0
0x00007bf35043a7c9:   eb d2 0f 1f 44 00 00 41 55 41 54 49 89 d5 55 53
0x00007bf35043a7d9:   49 89 f4 48 89 fb 48 83 ec 08 48 8b 07 48 8b 15
0x00007bf35043a7e9:   1b 02 21 00 ff 90 28 03 00 00 48 85 c0 74 30 48
0x00007bf35043a7f9:   89 c5 48 8b 03 48 8b 15 fb 01 21 00 4c 89 e6 48
0x00007bf35043a809:   89 df ff 90 28 03 00 00 48 01 c5 42 0f b7 44 2d
0x00007bf35043a819:   00 48 83 c4 08 5b 5d 41 5c 41 5d c3 0f 1f 00 be
0x00007bf35043a829:   14 00 00 00 48 89 df e8 fb cf ff ff 48 8b 0b 48
0x00007bf35043a839:   8d 15 bc 24 00 00 48 89 c6 48 89 df ff 51 70 31
0x00007bf35043a849:   c0 eb ce 0f 1f 40 00 41 56 41 55 41 89 ce 41 54
0x00007bf35043a859:   55 49 89 d5 53 48 8b 07 48 89 fd 48 89 f3 48 8b
0x00007bf35043a869:   15 9a 01 21 00 ff 90 28 03 00 00 48 85 c0 74 2e
0x00007bf35043a879:   49 89 c4 48 8b 45 00 48 8b 15 79 01 21 00 48 89
0x00007bf35043a889:   de 48 89 ef ff 90 28 03 00 00 49 01 c4 48 89 d8 


Stack slot to memory mapping:

stack at sp + 0 slots: 0x000000000000059f is an unknown value
stack at sp + 1 slots: 0x00007bf3d23fe880 is pointing into the stack for thread: 0x00007bf3cc02cf30
stack at sp + 2 slots: 0x0 is null
stack at sp + 3 slots: 0x0000000000000005 is an unknown value
stack at sp + 4 slots: 0x00007bf3531a3598 is pointing into metadata
stack at sp + 5 slots: 0x00007bf3c0a73963 is at entry_point+195 in (nmethod*)0x00007bf3c0a73710
Compiled method (n/a) 13511 1151     n 0       org.bytedeco.javacpp.BytePointer::put (native)
 total in heap  [0x00007bf3c0a73710,0x00007bf3c0a73c70] = 1376
 relocation     [0x00007bf3c0a73868,0x00007bf3c0a738a0] = 56
 main code      [0x00007bf3c0a738a0,0x00007bf3c0a73c65] = 965
 stub code      [0x00007bf3c0a73c65,0x00007bf3c0a73c68] = 3
 oops           [0x00007bf3c0a73c68,0x00007bf3c0a73c70] = 8
stack at sp + 6 slots: 0x000000071505a218 is an oop: org.bytedeco.javacpp.BytePointer 
{0x000000071505a218} - klass: 'org/bytedeco/javacpp/BytePointer'
 - ---- fields (total size 6 words):
 - private 'deallocator' 'Lorg/bytedeco/javacpp/Pointer$Deallocator;' @12  null (0x00000000)
 - protected 'address' 'J' @16  136279450714176 (0x00007bf208400040)
 - protected 'position' 'J' @24  0 (0x0000000000000000)
 - protected 'limit' 'J' @32  0 (0x0000000000000000)
 - protected 'capacity' 'J' @40  0 (0x0000000000000000)
stack at sp + 7 slots: 0x0000000715059d18 is an oop: java.lang.String 
{0x0000000715059d18} - klass: 'java/lang/String'
 - string: "1440"
 - ---- fields (total size 3 words):
 - private 'hash' 'I' @12  0 (0x00000000)
 - private final 'coder' 'B' @16  0 (0x00)
 - private 'hashIsZero' 'Z' @17  false (0x00)
 - injected 'flags' 'B' @18  0 (0x00)
 - private final 'value' '[B' @20  [B{0x0000000715059d00} (0xe2a0b3a0)


Compiled method (n/a) 13511 1151     n 0       org.bytedeco.javacpp.BytePointer::put (native)
 total in heap  [0x00007bf3c0a73710,0x00007bf3c0a73c70] = 1376
 relocation     [0x00007bf3c0a73868,0x00007bf3c0a738a0] = 56
 main code      [0x00007bf3c0a738a0,0x00007bf3c0a73c65] = 965
 stub code      [0x00007bf3c0a73c65,0x00007bf3c0a73c68] = 3
 oops           [0x00007bf3c0a73c68,0x00007bf3c0a73c70] = 8

[Constant Pool (empty)]

[MachCode]
[Entry Point]
  # {method} {0x00007bf353446230} 'put' '(JB)Lorg/bytedeco/javacpp/BytePointer;' in 'org/bytedeco/javacpp/BytePointer'
  # this:     rsi:rsi   = 'org/bytedeco/javacpp/BytePointer'
  # parm0:    rdx:rdx   = long
  # parm1:    rcx       = byte
  #           [sp+0x50]  (sp of caller)
  0x00007bf3c0a738a0: 448b 5608 | 49bb 0000 | 0057 f37b | 0000 4d03 | d349 3bc2 | 0f84 0600 

  0x00007bf3c0a738b8: ;   {runtime_call ic_miss_stub}
  0x00007bf3c0a738b8: 0000 e9c1 | 9783 ff90 
[Verified Entry Point]
  0x00007bf3c0a738c0: 8984 2400 | c0fe ff55 | 488b ec48 | 83ec 4090 | 4181 7f20 | 0100 0000 

  0x00007bf3c0a738d8: ;   {runtime_call StubRoutines (final stubs)}
  0x00007bf3c0a738d8: 7405 e8c1 | fb81 ff48 | 8934 2448 | 83fe 0048 | 8d34 2448 | 0f44 3424 

  0x00007bf3c0a738f0: ;   {internal_word}
  0x00007bf3c0a738f0: c5f8 7749 | baf0 38a7 | c0f3 7b00 | 004d 8997 | a003 0000 | 4989 a798 

  0x00007bf3c0a73908: ;   {external_word}
  0x00007bf3c0a73908: 0300 0080 | 3d23 e7e9 | 1200 0f84 | 3400 0000 

  0x00007bf3c0a73918: ;   {metadata({method} {0x00007bf353446230} 'put' '(JB)Lorg/bytedeco/javacpp/BytePointer;' in 'org/bytedeco/javacpp/BytePointer')}
  0x00007bf3c0a73918: 5652 5148 | be30 6244 | 53f3 7b00 | 0049 8bff | 40f6 c40f | 0f84 1200 | 0000 4883 

  0x00007bf3c0a73934: ;   {runtime_call SharedRuntime::dtrace_method_entry(JavaThread*, Method*)}
  0x00007bf3c0a73934: ec08 e895 | bf74 1248 | 83c4 08e9 | 0500 0000 

  0x00007bf3c0a73944: ;   {runtime_call SharedRuntime::dtrace_method_entry(JavaThread*, Method*)}
  0x00007bf3c0a73944: e887 bf74 | 1259 5a5e | 498d bfb8 | 0300 0041 | c787 4404 | 0000 0400 

  0x00007bf3c0a7395c: ;   {runtime_call Java_org_bytedeco_javacpp_BytePointer_put__JB}
  0x00007bf3c0a7395c: 0000 e8ed | 6d9c 8fc5 | f877 41c7 | 8744 0400 | 0005 0000 | 00f0 8344 | 24c0 0049 | 3baf 4804 
  0x00007bf3c0a7397c: 0000 0f87 | 0e00 0000 | 4183 bf40 | 0400 0000 | 0f84 2400 | 0000 c5f8 | 7748 8945 | f849 8bff 
  0x00007bf3c0a7399c: 4c8b e448 | 83ec 0048 

  0x00007bf3c0a739a4: ;   {runtime_call JavaThread::check_special_condition_for_native_trans(JavaThread*)}
  0x00007bf3c0a739a4: 83e4 f0e8 | 84bd 2b12 | 498b e44d | 33e4 488b | 45f8 41c7 | 8744 0400 | 0008 0000 | 0041 83bf 
  0x00007bf3c0a739c4: c004 0000 | 020f 8470 

  0x00007bf3c0a739cc: ;   {external_word}
  0x00007bf3c0a739cc: 0200 0080 | 3d5f e6e9 | 1200 0f84 | 3600 0000 | 4889 45f8 

  0x00007bf3c0a739e0: ;   {metadata({method} {0x00007bf353446230} 'put' '(JB)Lorg/bytedeco/javacpp/BytePointer;' in 'org/bytedeco/javacpp/BytePointer')}
  0x00007bf3c0a739e0: 48be 3062 | 4453 f37b | 0000 498b | ff40 f6c4 | 0f0f 8412 | 0000 0048 

  0x00007bf3c0a739f8: ;   {runtime_call SharedRuntime::dtrace_method_exit(JavaThread*, Method*)}
  0x00007bf3c0a739f8: 83ec 08e8 | e0be 7412 | 4883 c408 | e905 0000 

  0x00007bf3c0a73a08: ;   {runtime_call SharedRuntime::dtrace_method_exit(JavaThread*, Method*)}
  0x00007bf3c0a73a08: 00e8 d2be | 7412 488b | 45f8 49c7 | 8798 0300 | 0000 0000 | 0049 c787 | a003 0000 | 0000 0000 
  0x00007bf3c0a73a28: c5f8 7748 | 85c0 0f84 | e801 0000 | a803 0f85 | 0800 0000 | 488b 00e9 | d801 0000 | a801 0f85 
  0x00007bf3c0a73a48: 0900 0000 | 488b 40fe | e9c7 0100 | 0048 8b40 | ff41 807f | 4000 0f84 | b801 0000 | 4883 f800 
  0x00007bf3c0a73a68: 0f84 ae01 | 0000 498b | 4f28 4883 | f900 0f84 | 1400 0000 | 4883 e908 | 4989 4f28 | 4903 4f38 
  0x00007bf3c0a73a88: 4889 01e9 | 8c01 0000 | 4881 ecd0 | 0000 0048 | 8904 2448 | 894c 2408 | 4889 5424 | 1048 8974 
  0x00007bf3c0a73aa8: 2418 4889 | 7c24 204c | 8944 2428 | 4c89 4c24 | 304c 8954 | 2438 4c89 | 5c24 40c5 | fb11 4424 
  0x00007bf3c0a73ac8: 50c5 fb11 | 4c24 58c5 | fb11 5424 | 60c5 fb11 | 5c24 68c5 | fb11 6424 | 70c5 fb11 | 6c24 78c5 
  0x00007bf3c0a73ae8: fb11 b424 | 8000 0000 | c5fb 11bc | 2488 0000 | 00c5 7b11 | 8424 9000 | 0000 c57b | 118c 2498 
  0x00007bf3c0a73b08: ;   {no_reloc}
  0x00007bf3c0a73b08: 0000 00c5 | 7b11 9424 | a000 0000 | c57b 119c | 24a8 0000 | 00c5 7b11 | a424 b000 | 0000 c57b 
  0x00007bf3c0a73b28: 11ac 24b8 | 0000 00c5 | 7b11 b424 | c000 0000 | c57b 11bc | 24c8 0000 | 0049 8bf7 | 488b f840 
  0x00007bf3c0a73b48: f6c4 0f0f | 8412 0000 | 0048 83ec 

  0x00007bf3c0a73b54: ;   {runtime_call G1BarrierSetRuntime::write_ref_field_pre_entry(oopDesc*, JavaThread*)}
  0x00007bf3c0a73b54: 08e8 e6e5 | 1412 4883 | c408 e905 

  0x00007bf3c0a73b60: ;   {runtime_call G1BarrierSetRuntime::write_ref_field_pre_entry(oopDesc*, JavaThread*)}
  0x00007bf3c0a73b60: 0000 00e8 | d8e5 1412 | c57b 10bc | 24c8 0000 | 00c5 7b10 | b424 c000 | 0000 c57b | 10ac 24b8 
  0x00007bf3c0a73b80: 0000 00c5 | 7b10 a424 | b000 0000 | c57b 109c | 24a8 0000 | 00c5 7b10 | 9424 a000 | 0000 c57b 
  0x00007bf3c0a73ba0: 108c 2498 | 0000 00c5 | 7b10 8424 | 9000 0000 | c5fb 10bc | 2488 0000 | 00c5 fb10 | b424 8000 
  0x00007bf3c0a73bc0: 0000 c5fb | 106c 2478 | c5fb 1064 | 2470 c5fb | 105c 2468 | c5fb 1054 | 2460 c5fb | 104c 2458 
  0x00007bf3c0a73be0: c5fb 1044 | 2450 4c8b | 5c24 404c | 8b54 2438 | 4c8b 4c24 | 304c 8b44 | 2428 488b | 7c24 2048 
  0x00007bf3c0a73c00: 8b74 2418 | 488b 5424 | 1048 8b4c | 2408 488b | 0424 4881 | c4d0 0000 | 00c5 f877 | 498b 8f28 
  0x00007bf3c0a73c20: 0400 00c7 | 8100 0100 | 0000 0000 | 00c9 4983 | 7f08 000f | 8501 0000 

  0x00007bf3c0a73c38: ;   {runtime_call StubRoutines (initial stubs)}
  0x00007bf3c0a73c38: 00c3 e9c1 | bf7e ffc5 | f877 4889 | 45f8 4c8b | e448 83ec | 0048 83e4 

  0x00007bf3c0a73c50: ;   {runtime_call SharedRuntime::reguard_yellow_pages()}
  0x00007bf3c0a73c50: f0e8 5acb | 7412 498b | e44d 33e4 | 488b 45f8 | e96a fdff | fff4 f4f4 
[/MachCode]


Compiled method (c2) 13519 1159 %     4       core.convoulter.Convoluter::MakeConvolution @ 89 (220 bytes)
 total in heap  [0x00007bf3c0a73f90,0x00007bf3c0a74f00] = 3952
 relocation     [0x00007bf3c0a740e8,0x00007bf3c0a741a8] = 192
 constants      [0x00007bf3c0a741c0,0x00007bf3c0a741e0] = 32
 main code      [0x00007bf3c0a741e0,0x00007bf3c0a74878] = 1688
 stub code      [0x00007bf3c0a74878,0x00007bf3c0a748e8] = 112
 oops           [0x00007bf3c0a748e8,0x00007bf3c0a748f0] = 8
 metadata       [0x00007bf3c0a748f0,0x00007bf3c0a74958] = 104
 scopes data    [0x00007bf3c0a74958,0x00007bf3c0a74c98] = 832
 scopes pcs     [0x00007bf3c0a74c98,0x00007bf3c0a74e28] = 400
 dependencies   [0x00007bf3c0a74e28,0x00007bf3c0a74e50] = 40
 handler table  [0x00007bf3c0a74e50,0x00007bf3c0a74ee0] = 144
 nul chk table  [0x00007bf3c0a74ee0,0x00007bf3c0a74f00] = 32


[Constant Pool]
             Address          hex4                    hex8      
  0x00007bf3c0a741c0:   0x00000000      0x405fc00000000000      
  0x00007bf3c0a741c4:   0x405fc000                              
  0x00007bf3c0a741c8:   0x00000000      0xc060000000000000      
  0x00007bf3c0a741cc:   0xc0600000                              
  0x00007bf3c0a741d0:   0xf4f4f4f4      0xf4f4f4f4f4f4f4f4      
  0x00007bf3c0a741d4:   0xf4f4f4f4                              
  0x00007bf3c0a741d8:   0xf4f4f4f4      0xf4f4f4f4f4f4f4f4      
  0x00007bf3c0a741dc:   0xf4f4f4f4                              

[MachCode]
[Verified Entry Point]
  # {method} {0x00007bf3534032c0} 'MakeConvolution' '(Lcore/convoulter/Filter;)V' in 'core/convoulter/Convoluter'
  0x00007bf3c0a741e0: ;   {no_reloc}
  0x00007bf3c0a741e0: e87b bb69 | 1266 6666 | 0f1f 8400 | 0000 0000 | 8984 2400 | c0fe ff55 | 4883 ec60 | 4181 7f20 
  0x00007bf3c0a74200: 0100 0000 | 0f85 6306 | 0000 488b | 9e90 0000 | 0048 8b6e | 7044 8b6e | 1044 8b96 | 8000 0000 
  0x00007bf3c0a74220: 4489 5424 | 0844 8b5e | 7844 895c | 240c c5fb | 1046 60c5 | fb11 4424 | 18c5 fb10 | 4650 c5fb 
  0x00007bf3c0a74240: 1144 2420 | 448b 5648 | 4489 5424 | 2844 8b5e | 4044 895c | 242c 448b | 5638 4489 | 5424 3044 
  0x00007bf3c0a74260: 8b5e 3044 | 895c 2434 | c5fb 1046 | 20c5 fb11 | 0424 448b | 5618 4489 | 5424 3848 | 8bfe 49ba 
  0x00007bf3c0a74280: e022 1cd3 | f37b 0000 

  0x00007bf3c0a74288: ;   {other}
  0x00007bf3c0a74288: 41ff d20f | 1f84 0000 | 0000 0048 | 85db 0f84 | 7804 0000 | 448b 5308 

  0x00007bf3c0a742a0: ;   {metadata('core/convoulter/Convoluter')}
  0x00007bf3c0a742a0: 4181 fa70 | 0c00 010f | 8581 0400 | 004c 8bcb | 4c8b dd48 | 85ed 0f84 | 6004 0000 | 448b 4508 
  0x00007bf3c0a742c0: ;   {metadata({type array int}[])}
  0x00007bf3c0a742c0: 4181 f8c8 | 2a00 000f | 8564 0400 | 008b 6c24 | 0cc1 ed1f | 036c 240c | 448b 4424 | 0841 c1e8 
  0x00007bf3c0a742e0: 1f44 0344 | 2408 d1fd | 41d1 f8eb | 5b4d 8b9f | 5004 0000 | 458d 6901 | 49c1 e203 | 430f af44 
  0x00007bf3c0a74300: 8a10 c5fb | 2ac0 c5fb 

  0x00007bf3c0a74308: ; ImmutableOopMap {[16]=Oop [64]=Oop }
                      ;*goto {reexecute=1 rethrow=0 return_oop=0}
                      ; - (reexecute) core.convoulter.Convoluter::MakeConvolution@161 (line 46)
                      ;   {poll}
  0x00007bf3c0a74308: 5804 2441 | 8503 4c8b | 5c24 108b | 4c24 088b | 5c24 2c8b | 5424 3444 | 8b54 2438 | 4c8b 4c24 
  0x00007bf3c0a74328: 408b 6c24 | 4844 8b44 | 244c c5fb | 1104 2489 | 4c24 0889 | 5c24 2c89 | 5424 3444 | 8954 2438 
  0x00007bf3c0a74348: 443b 6c24 | 0c0f 8d11 | 0100 0044 | 8944 244c | 896c 2448 | 4c89 4c24 | 4044 896c | 243c 4c89 
  0x00007bf3c0a74368: 5c24 108b | 4424 302b | c541 03c5 | 0344 2428 | 448b 5424 | 2845 85d2 | 0f84 d002 | 0000 448b 
  0x00007bf3c0a74388: 5c24 3445 | 2bd8 4403 | 5c24 3844 | 035c 242c | 448b 4424 | 2c45 85c0 | 0f84 c602 | 0000 458b 
  0x00007bf3c0a743a8: 510c 448b | 4c24 283d | 0000 0080 | 7508 33d2 | 4183 f9ff | 7404 9941 | f7f9 8bca | 418b c33d 
  0x00007bf3c0a743c8: 0000 0080 | 7508 33d2 | 4183 f8ff | 7404 9941 | f7f8 4585 | d20f 84a1 | 0200 004b 

  0x00007bf3c0a743e4: ;   {optimized virtual_call}
  0x00007bf3c0a743e4: 8d34 d4e8 

  0x00007bf3c0a743e8: ; ImmutableOopMap {[16]=Oop [64]=Oop }
                      ;*invokevirtual ptr {reexecute=0 rethrow=0 return_oop=1}
                      ; - core.convoulter.Convoluter::MakeConvolution@139 (line 49)
  0x00007bf3c0a743e8: d4eb ffff 

  0x00007bf3c0a743ec: ;   {other}
  0x00007bf3c0a743ec: 0f1f 8400 | 5c04 0001 | 4885 c00f | 849f 0200 | 0048 8bf0 

  0x00007bf3c0a74400: ;   {optimized virtual_call}
  0x00007bf3c0a74400: 33d2 90e8 

  0x00007bf3c0a74404: ; ImmutableOopMap {[16]=Oop [64]=Oop }
                      ;*invokevirtual get {reexecute=0 rethrow=0 return_oop=0}
                      ; - org.bytedeco.javacpp.BytePointer::get@2 (line 252)
                      ; - core.convoulter.Convoluter::MakeConvolution@142 (line 49)
  0x00007bf3c0a74404: 38f1 ffff 

  0x00007bf3c0a74408: ;   {other}
  0x00007bf3c0a74408: 0f1f 8400 | 7804 0002 | 4c8b 5424 | 1045 8b52 | 0c44 8b5c | 2438 453b | da0f 8389 | 0200 004c 
  0x00007bf3c0a74428: 8b54 2410 | 478b 549a | 1047 8b5c | d40c 448b | 4c24 3c45 | 3bcb 0f82 | a9fe ffff | bee4 ffff 
  0x00007bf3c0a74448: ff48 8b6c | 2440 8944 | 2440 4489 

  0x00007bf3c0a74454: ;   {runtime_call UncommonTrapBlob}
  0x00007bf3c0a74454: 5424 44e8 

  0x00007bf3c0a74458: ; ImmutableOopMap {rbp=Oop [16]=Oop [68]=NarrowOop }
                      ;*iaload {reexecute=0 rethrow=0 return_oop=0}
                      ; - core.convoulter.Convoluter::MakeConvolution@152 (line 49)
  0x00007bf3c0a74458: a4ea 83ff 

  0x00007bf3c0a7445c: ;   {other}
  0x00007bf3c0a7445c: 0f1f 8400 | cc04 0003 | 498b 8f50 | 0400 0044 | 8b54 2438 

  0x00007bf3c0a74470: ; ImmutableOopMap {r11=Oop r9=Oop }
                      ;*goto {reexecute=1 rethrow=0 return_oop=0}
                      ; - (reexecute) core.convoulter.Convoluter::MakeConvolution@167 (line 45)
                      ;   {poll}
  0x00007bf3c0a74470: 41ff c285 | 0144 3b54 | 2408 7d19 | c5fb 1004 | 248b 4c24 | 088b 5c24 | 2c8b 5424 | 3445 33ed 
  0x00007bf3c0a74490: e99d feff | ff4d 85c9 | 0f84 5602 | 0000 48ff | 3424 488f | 4424 4048 | 8944 24f8 | 8b44 2434 
  0x00007bf3c0a744b0: 8944 243c | 488b 4424 | f841 8b49 | 0c85 c90f | 8407 0200 | 0044 8944 | 2438 896c | 2434 4c89 
  0x00007bf3c0a744d0: 4c24 104c | 891c 2449 | 8d34 cc8b | 5424 308b 

  0x00007bf3c0a744e0: ;   {optimized virtual_call}
  0x00007bf3c0a744e0: 4c24 3ce8 

  0x00007bf3c0a744e4: ; ImmutableOopMap {[0]=Oop [16]=Oop }
                      ;*invokevirtual ptr {reexecute=0 rethrow=0 return_oop=1}
                      ; - core.convoulter.Convoluter::MakeConvolution@178 (line 56)
  0x00007bf3c0a744e4: d8ea ffff 

  0x00007bf3c0a744e8: ;   {other}
  0x00007bf3c0a744e8: 0f1f 8400 | 5805 0005 | c5fb 1044 | 2440 c5fb | 5944 2420 | c5fb 5844 

  0x00007bf3c0a74500: ;   {section_word}
  0x00007bf3c0a74500: 2418 c5fb | 1025 b6fc | ffff c4e3 | 794b d400 | c4e3 594b | d800 c5eb | 5dcb c5e9 | c2da 03c4 
  0x00007bf3c0a74520: e371 4bc2 

  0x00007bf3c0a74524: ;   {section_word}
  0x00007bf3c0a74524: 30c5 fb10 | 259b fcff | ffc4 e359 | 4bd8 40c4 | e379 4bd4 | 40c5 eb5f | cbc5 e9c2 | da03 c4e3 
  0x00007bf3c0a74544: 714b c230 | c57b 2cd0 | 4181 fa00 | 0000 800f | 84ff 0200 | 0041 0fbe | ca48 85c0 | 0f84 7a01 
  0x00007bf3c0a74564: 0000 488b 

  0x00007bf3c0a74568: ;   {optimized virtual_call}
  0x00007bf3c0a74568: f033 d2e8 

  0x00007bf3c0a7456c: ; ImmutableOopMap {[0]=Oop [16]=Oop }
                      ;*invokevirtual put {reexecute=0 rethrow=0 return_oop=1}
                      ; - org.bytedeco.javacpp.BytePointer::put@3 (line 256)
                      ; - core.convoulter.Convoluter::MakeConvolution@203 (line 56)
  0x00007bf3c0a7456c: 50f3 ffff 

  0x00007bf3c0a74570: ;   {other}
  0x00007bf3c0a74570: 0f1f 8400 | e005 0006 | 4d8b 9750 | 0400 008b | 5424 3cff 

  0x00007bf3c0a74584: ; ImmutableOopMap {[0]=Oop [16]=Oop }
                      ;*goto {reexecute=1 rethrow=0 return_oop=0}
                      ; - (reexecute) core.convoulter.Convoluter::MakeConvolution@210 (line 43)
                      ;   {poll}
  0x00007bf3c0a74584: c241 8502 | 3b54 242c | 7d53 8b5c | 242c 8b4c | 2408 85c9 | 7e1e c5f9 | 57c0 4533 | d24c 8b1c 
  0x00007bf3c0a745a4: 244c 8b4c | 2410 8b6c | 2434 448b | 4424 38e9 | d5fe ffff | 8954 243c | c5f9 57c0 | 4c8b 1c24 
  0x00007bf3c0a745c4: 895c 242c | 4c8b 4c24 | 108b 6c24 | 3444 8b44 | 2438 c5fb | 1144 2440 | e9d8 feff | ff44 8b54 
  0x00007bf3c0a745e4: 2430 41ff | c244 3b54 | 2428 7d53 

  0x00007bf3c0a745f0: ;   {oop(a 'java/lang/Class'{0x00000007ffe81448} = 'java/lang/System')}
  0x00007bf3c0a745f0: 49bb 4814 | e8ff 0700 | 0000 418b | 6b74 85ed | 0f84 be01 | 0000 4489 | 5424 3041 

  0x00007bf3c0a7460c: ;   {static_call}
  0x00007bf3c0a7460c: 8bf2 90e8 

  0x00007bf3c0a74610: ; ImmutableOopMap {rbp=NarrowOop [0]=Oop [16]=Oop }
                      ;*invokestatic toString {reexecute=0 rethrow=0 return_oop=1}
                      ; - java.lang.String::valueOf@1 (line 4572)
                      ; - java.io.PrintStream::println@11 (line 1078)
                      ; - core.convoulter.Convoluter::MakeConvolution@61 (line 42)
  0x00007bf3c0a74610: 4c6b 59f8 

  0x00007bf3c0a74614: ;   {other}
  0x00007bf3c0a74614: 0f1f 8400 | 8406 0008 | 498d 34ec 

  0x00007bf3c0a74620: ;   {optimized virtual_call}
  0x00007bf3c0a74620: 488b d0e8 

  0x00007bf3c0a74624: ; ImmutableOopMap {[0]=Oop [16]=Oop }
                      ;*invokevirtual writeln {reexecute=0 rethrow=0 return_oop=0}
                      ; - java.io.PrintStream::println@14 (line 1078)
                      ; - core.convoulter.Convoluter::MakeConvolution@61 (line 42)
  0x00007bf3c0a74624: f834 59f8 

  0x00007bf3c0a74628: ;   {other}
  0x00007bf3c0a74628: 0f1f 8400 | 9806 0009 | 8b5c 242c | 85db 0f8e | e800 0000 | 33d2 e94f | ffff ff48 | 83c4 605d 
  0x00007bf3c0a74648: ;   {poll_return}
  0x00007bf3c0a74648: 493b a748 | 0400 000f | 87ed 0100 | 00c3 be86 | ffff ff8b 

  0x00007bf3c0a7465c: ;   {runtime_call UncommonTrapBlob}
  0x00007bf3c0a7465c: e866 90e8 

  0x00007bf3c0a74660: ; ImmutableOopMap {}
                      ;*irem {reexecute=0 rethrow=0 return_oop=0}
                      ; - core.convoulter.Convoluter::MakeConvolution@109 (line 47)
  0x00007bf3c0a74660: 9ce8 83ff 

  0x00007bf3c0a74664: ;   {other}
  0x00007bf3c0a74664: 0f1f 8400 | d406 000a | be86 ffff | ff41 8beb 

  0x00007bf3c0a74674: ;   {runtime_call UncommonTrapBlob}
  0x00007bf3c0a74674: 6666 90e8 

  0x00007bf3c0a74678: ; ImmutableOopMap {}
                      ;*irem {reexecute=0 rethrow=0 return_oop=0}
                      ; - core.convoulter.Convoluter::MakeConvolution@126 (line 48)
  0x00007bf3c0a74678: 84e8 83ff 

  0x00007bf3c0a7467c: ;   {other}
  0x00007bf3c0a7467c: 0f1f 8400 | ec06 000b | bef6 ffff | ff8b ea89 

  0x00007bf3c0a7468c: ;   {runtime_call UncommonTrapBlob}
  0x00007bf3c0a7468c: 0c24 90e8 

  0x00007bf3c0a74690: ; ImmutableOopMap {}
                      ;*invokevirtual ptr {reexecute=0 rethrow=0 return_oop=0}
                      ; - core.convoulter.Convoluter::MakeConvolution@139 (line 49)
  0x00007bf3c0a74690: 6ce8 83ff 

  0x00007bf3c0a74694: ;   {other}
  0x00007bf3c0a74694: 0f1f 8400 | 0407 000c | bef6 ffff 

  0x00007bf3c0a746a0: ;   {runtime_call UncommonTrapBlob}
  0x00007bf3c0a746a0: ff66 90e8 

  0x00007bf3c0a746a4: ; ImmutableOopMap {}
                      ;*invokevirtual get {reexecute=0 rethrow=0 return_oop=0}
                      ; - core.convoulter.Convoluter::MakeConvolution@142 (line 49)
  0x00007bf3c0a746a4: 58e8 83ff 

  0x00007bf3c0a746a8: ;   {other}
  0x00007bf3c0a746a8: 0f1f 8400 | 1807 000d | bee4 ffff | ff48 8b6c | 2440 8944 

  0x00007bf3c0a746bc: ;   {runtime_call UncommonTrapBlob}
  0x00007bf3c0a746bc: 2440 90e8 

  0x00007bf3c0a746c0: ; ImmutableOopMap {rbp=Oop [16]=Oop }
                      ;*aaload {reexecute=0 rethrow=0 return_oop=0}
                      ; - core.convoulter.Convoluter::MakeConvolution@149 (line 49)
  0x00007bf3c0a746c0: 3ce8 83ff 

  0x00007bf3c0a746c4: ;   {other}
  0x00007bf3c0a746c4: 0f1f 8400 | 3407 000e | bef6 ffff 

  0x00007bf3c0a746d0: ;   {runtime_call UncommonTrapBlob}
  0x00007bf3c0a746d0: ff66 90e8 

  0x00007bf3c0a746d4: ; ImmutableOopMap {}
                      ;*invokevirtual ptr {reexecute=0 rethrow=0 return_oop=0}
                      ; - core.convoulter.Convoluter::MakeConvolution@178 (line 56)
  0x00007bf3c0a746d4: 28e8 83ff 

  0x00007bf3c0a746d8: ;   {other}
  0x00007bf3c0a746d8: 0f1f 8400 | 4807 000f | bef6 ffff 

  0x00007bf3c0a746e4: ;   {runtime_call UncommonTrapBlob}
  0x00007bf3c0a746e4: ff8b e9e8 

  0x00007bf3c0a746e8: ; ImmutableOopMap {}
                      ;*invokevirtual put {reexecute=0 rethrow=0 return_oop=0}
                      ; - core.convoulter.Convoluter::MakeConvolution@203 (line 56)
  0x00007bf3c0a746e8: 14e8 83ff 

  0x00007bf3c0a746ec: ;   {other}
  0x00007bf3c0a746ec: 0f1f 8400 | 5c07 0010 | be76 ffff | ff49 8be9 | 4c89 5c24 | 1044 8954 

  0x00007bf3c0a74704: ;   {runtime_call UncommonTrapBlob}
  0x00007bf3c0a74704: 243c 90e8 

  0x00007bf3c0a74708: ; ImmutableOopMap {rbp=Oop [16]=Oop }
                      ;*if_icmpge {reexecute=1 rethrow=0 return_oop=0}
                      ; - (reexecute) core.convoulter.Convoluter::MakeConvolution@83 (line 45)
  0x00007bf3c0a74708: f4e7 83ff 

  0x00007bf3c0a7470c: ;   {other}
  0x00007bf3c0a7470c: 0f1f 8400 | 7c07 0011 | 4533 c9e9 | 94fb ffff | 4533 dbe9 | a9fb ffff | 448b 5424 | 30e9 b8fe 
  0x00007bf3c0a7472c: ffff 4c8b | ddbe 8dff | ffff 8b6c | 2408 4889 | 4424 f88b | 4424 0c89 | 4424 0848 | 8b44 24f8 
  0x00007bf3c0a7474c: 4c89 5c24 | 1048 8944 | 24f8 8b44 | 2428 8944 | 240c 488b | 4424 f848 | 8944 24f8 | 8b44 242c 
  0x00007bf3c0a7476c: 8944 2428 | 488b 4424 | f848 8944 | 24f8 8b44 | 2430 8944 | 242c 488b | 4424 f848 | 8944 24f8 
  0x00007bf3c0a7478c: 8b44 2434 | 8944 2430 | 488b 4424 | f848 8944 | 24f8 8b44 | 2438 8944 | 2434 488b | 4424 f844 
  0x00007bf3c0a747ac: 896c 2438 | 4889 5c24 

  0x00007bf3c0a747b4: ;   {runtime_call UncommonTrapBlob}
  0x00007bf3c0a747b4: 4066 90e8 

  0x00007bf3c0a747b8: ; ImmutableOopMap {[16]=Oop [64]=Oop }
                      ;*iload {reexecute=0 rethrow=0 return_oop=0}
                      ; - core.convoulter.Convoluter::MakeConvolution@89 (line 46)
  0x00007bf3c0a747b8: 44e7 83ff 

  0x00007bf3c0a747bc: ;   {other}
  0x00007bf3c0a747bc: 0f1f 8400 | 2c08 0012 | bef6 ffff | ff41 8bea 

  0x00007bf3c0a747cc: ;   {runtime_call UncommonTrapBlob}
  0x00007bf3c0a747cc: 6666 90e8 

  0x00007bf3c0a747d0: ; ImmutableOopMap {}
                      ;*invokevirtual println {reexecute=0 rethrow=0 return_oop=0}
                      ; - core.convoulter.Convoluter::MakeConvolution@61 (line 42)
  0x00007bf3c0a747d0: 2ce7 83ff 

  0x00007bf3c0a747d4: ;   {other}
  0x00007bf3c0a747d4: 0f1f 8400 | 4408 0013 | bef6 ffff 

  0x00007bf3c0a747e0: ;   {runtime_call UncommonTrapBlob}
  0x00007bf3c0a747e0: ff66 90e8 

  0x00007bf3c0a747e4: ; ImmutableOopMap {}
                      ;*getfield Image {reexecute=1 rethrow=0 return_oop=0}
                      ; - (reexecute) core.convoulter.Convoluter::MakeConvolution@132 (line 49)
  0x00007bf3c0a747e4: 18e7 83ff 

  0x00007bf3c0a747e8: ;   {other}
  0x00007bf3c0a747e8: 0f1f 8400 | 5808 0014 | bef6 ffff 

  0x00007bf3c0a747f4: ;   {runtime_call UncommonTrapBlob}
  0x00007bf3c0a747f4: ff66 90e8 

  0x00007bf3c0a747f8: ; ImmutableOopMap {}
                      ;*aaload {reexecute=0 rethrow=0 return_oop=0}
                      ; - core.convoulter.Convoluter::MakeConvolution@149 (line 49)
  0x00007bf3c0a747f8: 04e7 83ff 

  0x00007bf3c0a747fc: ;   {other}
  0x00007bf3c0a747fc: 0f1f 8400 | 6c08 0015 | bef6 ffff | ff8b 6c24 

  0x00007bf3c0a7480c: ;   {runtime_call UncommonTrapBlob}
  0x00007bf3c0a7480c: 3c66 90e8 

  0x00007bf3c0a74810: ; ImmutableOopMap {}
                      ;*iaload {reexecute=0 rethrow=0 return_oop=0}
                      ; - core.convoulter.Convoluter::MakeConvolution@152 (line 49)
  0x00007bf3c0a74810: ece6 83ff 

  0x00007bf3c0a74814: ;   {other}
  0x00007bf3c0a74814: 0f1f 8400 | 8408 0016 | 488b f0eb | 1748 8bf0 | eb12 488b | f0eb 0d48 | 8bf0 eb08 | 488b f0eb 
  0x00007bf3c0a74834: 0348 8bf0 | 4883 c460 

  0x00007bf3c0a7483c: ;   {runtime_call _rethrow_Java}
  0x00007bf3c0a7483c: 5de9 be72 

  0x00007bf3c0a74840: ;   {internal_word}
  0x00007bf3c0a74840: 90ff 49ba | 4846 a7c0 | f37b 0000 | 4d89 9760 

  0x00007bf3c0a74850: ;   {runtime_call SafepointBlob}
  0x00007bf3c0a74850: 0400 00e9 | a8f7 83ff | 4883 ec08 | c5fb 1104 

  0x00007bf3c0a74860: ;   {runtime_call StubRoutines (initial stubs)}
  0x00007bf3c0a74860: 24e8 82b5 | 7eff 415a | e9ec fcff 

  0x00007bf3c0a7486c: ;   {runtime_call StubRoutines (final stubs)}
  0x00007bf3c0a7486c: ffe8 2eec | 81ff e993 | f9ff fff4 
[Stub Code]
  0x00007bf3c0a74878: ;   {no_reloc}
  0x00007bf3c0a74878: 48bb 0000 | 0000 0000 

  0x00007bf3c0a74880: ;   {runtime_call nmethod}
  0x00007bf3c0a74880: 0000 e9fb 

  0x00007bf3c0a74884: ;   {static_stub}
  0x00007bf3c0a74884: ffff ff48 | bb00 0000 | 0000 0000 

  0x00007bf3c0a74890: ;   {runtime_call nmethod}
  0x00007bf3c0a74890: 00e9 fbff 

  0x00007bf3c0a74894: ;   {static_stub}
  0x00007bf3c0a74894: ffff 48bb | 0000 0000 | 0000 0000 

  0x00007bf3c0a748a0: ;   {runtime_call nmethod}
  0x00007bf3c0a748a0: e9fb ffff 

  0x00007bf3c0a748a4: ;   {static_stub}
  0x00007bf3c0a748a4: ff48 bb00 | 0000 0000 

  0x00007bf3c0a748ac: ;   {runtime_call nmethod}
  0x00007bf3c0a748ac: 0000 00e9 | fbff ffff 

  0x00007bf3c0a748b4: ;   {static_stub}
  0x00007bf3c0a748b4: 48bb b070 | 4e57 f37b 

  0x00007bf3c0a748bc: ;   {runtime_call I2C/C2I adapters}
  0x00007bf3c0a748bc: 0000 e924 

  0x00007bf3c0a748c0: ;   {static_stub}
  0x00007bf3c0a748c0: e283 ff48 | bba8 3c49 | 57f3 7b00 

  0x00007bf3c0a748cc: ;   {runtime_call I2C/C2I adapters}
  0x00007bf3c0a748cc: 00e9 10d9 

  0x00007bf3c0a748d0: ;   {runtime_call ExceptionBlob}
  0x00007bf3c0a748d0: 83ff e929 | ef8f ffe8 | 0000 0000 | 4883 2c24 

  0x00007bf3c0a748e0: ;   {runtime_call DeoptimizationBlob}
  0x00007bf3c0a748e0: 05e9 bae9 | 83ff f4f4 
[/MachCode]


---------------  P R O C E S S  ---------------

Threads class SMR info:
_java_thread_list=0x00007bf31805b130, length=13, elements={
0x00007bf3cc02cf30, 0x00007bf3cc184720, 0x00007bf3cc185c80, 0x00007bf3cc187410,
0x00007bf3cc188a40, 0x00007bf3cc189fd0, 0x00007bf3cc18bb80, 0x00007bf3cc18d230,
0x00007bf3cc19b040, 0x00007bf3cc19e090, 0x00007bf3cc414180, 0x00007bf32c0ee900,
0x00007bf32c0ef2e0
}

Java Threads: ( => current thread )
=>0x00007bf3cc02cf30 JavaThread "main"                              [_thread_in_native, id=69568, stack(0x00007bf3d2300000,0x00007bf3d2400000) (1024K)]
  0x00007bf3cc184720 JavaThread "Reference Handler"          daemon [_thread_blocked, id=69577, stack(0x00007bf3a5f00000,0x00007bf3a6000000) (1024K)]
  0x00007bf3cc185c80 JavaThread "Finalizer"                  daemon [_thread_blocked, id=69578, stack(0x00007bf3a5b00000,0x00007bf3a5c00000) (1024K)]
  0x00007bf3cc187410 JavaThread "Signal Dispatcher"          daemon [_thread_blocked, id=69579, stack(0x00007bf3a59ff000,0x00007bf3a5aff000) (1024K)]
  0x00007bf3cc188a40 JavaThread "Service Thread"             daemon [_thread_blocked, id=69580, stack(0x00007bf3a58fe000,0x00007bf3a59fe000) (1024K)]
  0x00007bf3cc189fd0 JavaThread "Monitor Deflation Thread"   daemon [_thread_blocked, id=69581, stack(0x00007bf3a57fd000,0x00007bf3a58fd000) (1024K)]
  0x00007bf3cc18bb80 JavaThread "C2 CompilerThread0"         daemon [_thread_blocked, id=69582, stack(0x00007bf3a56fc000,0x00007bf3a57fc000) (1024K)]
  0x00007bf3cc18d230 JavaThread "C1 CompilerThread0"         daemon [_thread_blocked, id=69583, stack(0x00007bf3a55fb000,0x00007bf3a56fb000) (1024K)]
  0x00007bf3cc19b040 JavaThread "Notification Thread"        daemon [_thread_blocked, id=69585, stack(0x00007bf3a53f9000,0x00007bf3a54f9000) (1024K)]
  0x00007bf3cc19e090 JavaThread "Common-Cleaner"             daemon [_thread_blocked, id=69586, stack(0x00007bf3a52f8000,0x00007bf3a53f8000) (1024K)]
  0x00007bf3cc414180 JavaThread "JavaCPP Deallocator"        daemon [_thread_blocked, id=69640, stack(0x00007bf3a4d00000,0x00007bf3a4e00000) (1024K)]
  0x00007bf32c0ee900 JavaThread "C1 CompilerThread1"         daemon [_thread_blocked, id=69724, stack(0x00007bf3a51f7000,0x00007bf3a52f7000) (1024K)]
  0x00007bf32c0ef2e0 JavaThread "C1 CompilerThread2"         daemon [_thread_blocked, id=69725, stack(0x00007bf3a50f6000,0x00007bf3a51f6000) (1024K)]
Total: 13

Other Threads:
  0x00007bf3cc179d80 VMThread "VM Thread"                           [id=69576, stack(0x00007bf3b4057000,0x00007bf3b4157000) (1024K)]
  0x00007bf3cc167a70 WatcherThread "VM Periodic Task Thread"        [id=69575, stack(0x00007bf3b4158000,0x00007bf3b4258000) (1024K)]
  0x00007bf3cc094d20 WorkerThread "GC Thread#0"                     [id=69569, stack(0x00007bf3d0326000,0x00007bf3d0426000) (1024K)]
  0x00007bf34c008950 WorkerThread "GC Thread#1"                     [id=69673, stack(0x00007bf3a4100000,0x00007bf3a4200000) (1024K)]
  0x00007bf34c009480 WorkerThread "GC Thread#2"                     [id=69674, stack(0x00007bf350700000,0x00007bf350800000) (1024K)]
  0x00007bf34c009fb0 WorkerThread "GC Thread#3"                     [id=69675, stack(0x00007bf350300000,0x00007bf350400000) (1024K)]
  0x00007bf34c00aae0 WorkerThread "GC Thread#4"                     [id=69676, stack(0x00007bf3501ff000,0x00007bf3502ff000) (1024K)]
  0x00007bf3cc0a5750 ConcurrentGCThread "G1 Main Marker"            [id=69570, stack(0x00007bf3d0225000,0x00007bf3d0325000) (1024K)]
  0x00007bf3cc0a66f0 WorkerThread "G1 Conc#0"                       [id=69572, stack(0x00007bf3d0124000,0x00007bf3d0224000) (1024K)]
  0x00007bf3cc14d480 ConcurrentGCThread "G1 Refine#0"               [id=69573, stack(0x00007bf3b44f5000,0x00007bf3b45f5000) (1024K)]
  0x00007bf3cc14e430 ConcurrentGCThread "G1 Service"                [id=69574, stack(0x00007bf3b43f4000,0x00007bf3b44f4000) (1024K)]
Total: 11

Threads with active compile tasks:
Total: 0

VM state: not at safepoint (normal execution)

VM Mutex/Monitor currently owned by a thread: None

Heap address: 0x000000070c000000, size: 3904 MB, Compressed Oops mode: Zero based, Oop shift amount: 3

CDS archive(s) mapped at: [0x00007bf357000000-0x00007bf357d2e000-0x00007bf357d2e000), size 13819904, SharedBaseAddress: 0x00007bf357000000, ArchiveRelocationMode: 1.
Compressed class space mapped at: 0x00007bf358000000-0x00007bf398000000, reserved size: 1073741824
Narrow klass base: 0x00007bf357000000, Narrow klass shift: 0, Narrow klass range: 0x100000000

GC Precious Log:
 CardTable entry size: 512
 Card Set container configuration: InlinePtr #cards 4 size 8 Array Of Cards #cards 16 size 48 Howl #buckets 8 coarsen threshold 3686 Howl Bitmap #cards 512 size 80 coarsen threshold 460 Card regions per heap region 1 cards per card region 4096
 CPUs: 16 total, 16 available
 Memory: 15609M
 Large Page Support: Disabled
 NUMA Support: Disabled
 Compressed Oops: Enabled (Zero based)
 Heap Region Size: 2M
 Heap Min Capacity: 8M
 Heap Initial Capacity: 244M
 Heap Max Capacity: 3904M
 Pre-touch: Disabled
 Parallel Workers: 13
 Concurrent Workers: 3
 Concurrent Refinement Workers: 13
 Periodic GC: Disabled

Heap:
 garbage-first heap   total 251904K, used 105154K [0x000000070c000000, 0x0000000800000000)
  region size 2048K, 50 young (102400K), 0 survivors (0K)
 Metaspace       used 9029K, committed 9152K, reserved 1114112K
  class space    used 438K, committed 512K, reserved 1048576K

Heap Regions: E=young(eden), S=young(survivor), O=old, HS=humongous(starts), HC=humongous(continues), CS=collection set, F=free, TAMS=top-at-mark-start, PB=parsable bottom
|   0|0x000000070c000000, 0x000000070c200000, 0x000000070c200000|100%| O|  |TAMS 0x000000070c000000| PB 0x000000070c000000| Untracked 
|   1|0x000000070c200000, 0x000000070c3a4ca0, 0x000000070c400000| 82%| O|  |TAMS 0x000000070c200000| PB 0x000000070c200000| Untracked 
|   2|0x000000070c400000, 0x000000070c400000, 0x000000070c600000|  0%| F|  |TAMS 0x000000070c400000| PB 0x000000070c400000| Untracked 
|   3|0x000000070c600000, 0x000000070c600000, 0x000000070c800000|  0%| F|  |TAMS 0x000000070c600000| PB 0x000000070c600000| Untracked 
|   4|0x000000070c800000, 0x000000070c800000, 0x000000070ca00000|  0%| F|  |TAMS 0x000000070c800000| PB 0x000000070c800000| Untracked 
|   5|0x000000070ca00000, 0x000000070ca00000, 0x000000070cc00000|  0%| F|  |TAMS 0x000000070ca00000| PB 0x000000070ca00000| Untracked 
|   6|0x000000070cc00000, 0x000000070cc00000, 0x000000070ce00000|  0%| F|  |TAMS 0x000000070cc00000| PB 0x000000070cc00000| Untracked 
|   7|0x000000070ce00000, 0x000000070ce00000, 0x000000070d000000|  0%| F|  |TAMS 0x000000070ce00000| PB 0x000000070ce00000| Untracked 
|   8|0x000000070d000000, 0x000000070d000000, 0x000000070d200000|  0%| F|  |TAMS 0x000000070d000000| PB 0x000000070d000000| Untracked 
|   9|0x000000070d200000, 0x000000070d200000, 0x000000070d400000|  0%| F|  |TAMS 0x000000070d200000| PB 0x000000070d200000| Untracked 
|  10|0x000000070d400000, 0x000000070d400000, 0x000000070d600000|  0%| F|  |TAMS 0x000000070d400000| PB 0x000000070d400000| Untracked 
|  11|0x000000070d600000, 0x000000070d600000, 0x000000070d800000|  0%| F|  |TAMS 0x000000070d600000| PB 0x000000070d600000| Untracked 
|  12|0x000000070d800000, 0x000000070d800000, 0x000000070da00000|  0%| F|  |TAMS 0x000000070d800000| PB 0x000000070d800000| Untracked 
|  13|0x000000070da00000, 0x000000070da00000, 0x000000070dc00000|  0%| F|  |TAMS 0x000000070da00000| PB 0x000000070da00000| Untracked 
|  14|0x000000070dc00000, 0x000000070dc00000, 0x000000070de00000|  0%| F|  |TAMS 0x000000070dc00000| PB 0x000000070dc00000| Untracked 
|  15|0x000000070de00000, 0x000000070de00000, 0x000000070e000000|  0%| F|  |TAMS 0x000000070de00000| PB 0x000000070de00000| Untracked 
|  16|0x000000070e000000, 0x000000070e000000, 0x000000070e200000|  0%| F|  |TAMS 0x000000070e000000| PB 0x000000070e000000| Untracked 
|  17|0x000000070e200000, 0x000000070e200000, 0x000000070e400000|  0%| F|  |TAMS 0x000000070e200000| PB 0x000000070e200000| Untracked 
|  18|0x000000070e400000, 0x000000070e400000, 0x000000070e600000|  0%| F|  |TAMS 0x000000070e400000| PB 0x000000070e400000| Untracked 
|  19|0x000000070e600000, 0x000000070e600000, 0x000000070e800000|  0%| F|  |TAMS 0x000000070e600000| PB 0x000000070e600000| Untracked 
|  20|0x000000070e800000, 0x000000070e800000, 0x000000070ea00000|  0%| F|  |TAMS 0x000000070e800000| PB 0x000000070e800000| Untracked 
|  21|0x000000070ea00000, 0x000000070ea00000, 0x000000070ec00000|  0%| F|  |TAMS 0x000000070ea00000| PB 0x000000070ea00000| Untracked 
|  22|0x000000070ec00000, 0x000000070ec00000, 0x000000070ee00000|  0%| F|  |TAMS 0x000000070ec00000| PB 0x000000070ec00000| Untracked 
|  23|0x000000070ee00000, 0x000000070ee00000, 0x000000070f000000|  0%| F|  |TAMS 0x000000070ee00000| PB 0x000000070ee00000| Untracked 
|  24|0x000000070f000000, 0x000000070f000000, 0x000000070f200000|  0%| F|  |TAMS 0x000000070f000000| PB 0x000000070f000000| Untracked 
|  25|0x000000070f200000, 0x000000070f200000, 0x000000070f400000|  0%| F|  |TAMS 0x000000070f200000| PB 0x000000070f200000| Untracked 
|  26|0x000000070f400000, 0x000000070f400000, 0x000000070f600000|  0%| F|  |TAMS 0x000000070f400000| PB 0x000000070f400000| Untracked 
|  27|0x000000070f600000, 0x000000070f600000, 0x000000070f800000|  0%| F|  |TAMS 0x000000070f600000| PB 0x000000070f600000| Untracked 
|  28|0x000000070f800000, 0x000000070f800000, 0x000000070fa00000|  0%| F|  |TAMS 0x000000070f800000| PB 0x000000070f800000| Untracked 
|  29|0x000000070fa00000, 0x000000070fa00000, 0x000000070fc00000|  0%| F|  |TAMS 0x000000070fa00000| PB 0x000000070fa00000| Untracked 
|  30|0x000000070fc00000, 0x000000070fc00000, 0x000000070fe00000|  0%| F|  |TAMS 0x000000070fc00000| PB 0x000000070fc00000| Untracked 
|  31|0x000000070fe00000, 0x000000070fe00000, 0x0000000710000000|  0%| F|  |TAMS 0x000000070fe00000| PB 0x000000070fe00000| Untracked 
|  32|0x0000000710000000, 0x0000000710000000, 0x0000000710200000|  0%| F|  |TAMS 0x0000000710000000| PB 0x0000000710000000| Untracked 
|  33|0x0000000710200000, 0x0000000710200000, 0x0000000710400000|  0%| F|  |TAMS 0x0000000710200000| PB 0x0000000710200000| Untracked 
|  34|0x0000000710400000, 0x0000000710400000, 0x0000000710600000|  0%| F|  |TAMS 0x0000000710400000| PB 0x0000000710400000| Untracked 
|  35|0x0000000710600000, 0x0000000710600000, 0x0000000710800000|  0%| F|  |TAMS 0x0000000710600000| PB 0x0000000710600000| Untracked 
|  36|0x0000000710800000, 0x0000000710800000, 0x0000000710a00000|  0%| F|  |TAMS 0x0000000710800000| PB 0x0000000710800000| Untracked 
|  37|0x0000000710a00000, 0x0000000710a00000, 0x0000000710c00000|  0%| F|  |TAMS 0x0000000710a00000| PB 0x0000000710a00000| Untracked 
|  38|0x0000000710c00000, 0x0000000710c00000, 0x0000000710e00000|  0%| F|  |TAMS 0x0000000710c00000| PB 0x0000000710c00000| Untracked 
|  39|0x0000000710e00000, 0x0000000710e00000, 0x0000000711000000|  0%| F|  |TAMS 0x0000000710e00000| PB 0x0000000710e00000| Untracked 
|  40|0x0000000711000000, 0x0000000711000000, 0x0000000711200000|  0%| F|  |TAMS 0x0000000711000000| PB 0x0000000711000000| Untracked 
|  41|0x0000000711200000, 0x0000000711200000, 0x0000000711400000|  0%| F|  |TAMS 0x0000000711200000| PB 0x0000000711200000| Untracked 
|  42|0x0000000711400000, 0x0000000711400000, 0x0000000711600000|  0%| F|  |TAMS 0x0000000711400000| PB 0x0000000711400000| Untracked 
|  43|0x0000000711600000, 0x0000000711600000, 0x0000000711800000|  0%| F|  |TAMS 0x0000000711600000| PB 0x0000000711600000| Untracked 
|  44|0x0000000711800000, 0x0000000711800000, 0x0000000711a00000|  0%| F|  |TAMS 0x0000000711800000| PB 0x0000000711800000| Untracked 
|  45|0x0000000711a00000, 0x0000000711a00000, 0x0000000711c00000|  0%| F|  |TAMS 0x0000000711a00000| PB 0x0000000711a00000| Untracked 
|  46|0x0000000711c00000, 0x0000000711c00000, 0x0000000711e00000|  0%| F|  |TAMS 0x0000000711c00000| PB 0x0000000711c00000| Untracked 
|  47|0x0000000711e00000, 0x0000000711e00000, 0x0000000712000000|  0%| F|  |TAMS 0x0000000711e00000| PB 0x0000000711e00000| Untracked 
|  48|0x0000000712000000, 0x0000000712000000, 0x0000000712200000|  0%| F|  |TAMS 0x0000000712000000| PB 0x0000000712000000| Untracked 
|  49|0x0000000712200000, 0x0000000712200000, 0x0000000712400000|  0%| F|  |TAMS 0x0000000712200000| PB 0x0000000712200000| Untracked 
|  50|0x0000000712400000, 0x0000000712400000, 0x0000000712600000|  0%| F|  |TAMS 0x0000000712400000| PB 0x0000000712400000| Untracked 
|  51|0x0000000712600000, 0x0000000712600000, 0x0000000712800000|  0%| F|  |TAMS 0x0000000712600000| PB 0x0000000712600000| Untracked 
|  52|0x0000000712800000, 0x0000000712800000, 0x0000000712a00000|  0%| F|  |TAMS 0x0000000712800000| PB 0x0000000712800000| Untracked 
|  53|0x0000000712a00000, 0x0000000712a00000, 0x0000000712c00000|  0%| F|  |TAMS 0x0000000712a00000| PB 0x0000000712a00000| Untracked 
|  54|0x0000000712c00000, 0x0000000712c00000, 0x0000000712e00000|  0%| F|  |TAMS 0x0000000712c00000| PB 0x0000000712c00000| Untracked 
|  55|0x0000000712e00000, 0x0000000712e00000, 0x0000000713000000|  0%| F|  |TAMS 0x0000000712e00000| PB 0x0000000712e00000| Untracked 
|  56|0x0000000713000000, 0x0000000713000000, 0x0000000713200000|  0%| F|  |TAMS 0x0000000713000000| PB 0x0000000713000000| Untracked 
|  57|0x0000000713200000, 0x0000000713200000, 0x0000000713400000|  0%| F|  |TAMS 0x0000000713200000| PB 0x0000000713200000| Untracked 
|  58|0x0000000713400000, 0x0000000713400000, 0x0000000713600000|  0%| F|  |TAMS 0x0000000713400000| PB 0x0000000713400000| Untracked 
|  59|0x0000000713600000, 0x0000000713600000, 0x0000000713800000|  0%| F|  |TAMS 0x0000000713600000| PB 0x0000000713600000| Untracked 
|  60|0x0000000713800000, 0x0000000713800000, 0x0000000713a00000|  0%| F|  |TAMS 0x0000000713800000| PB 0x0000000713800000| Untracked 
|  61|0x0000000713a00000, 0x0000000713a00000, 0x0000000713c00000|  0%| F|  |TAMS 0x0000000713a00000| PB 0x0000000713a00000| Untracked 
|  62|0x0000000713c00000, 0x0000000713c00000, 0x0000000713e00000|  0%| F|  |TAMS 0x0000000713c00000| PB 0x0000000713c00000| Untracked 
|  63|0x0000000713e00000, 0x0000000713e00000, 0x0000000714000000|  0%| F|  |TAMS 0x0000000713e00000| PB 0x0000000713e00000| Untracked 
|  64|0x0000000714000000, 0x0000000714000000, 0x0000000714200000|  0%| F|  |TAMS 0x0000000714000000| PB 0x0000000714000000| Untracked 
|  65|0x0000000714200000, 0x0000000714200000, 0x0000000714400000|  0%| F|  |TAMS 0x0000000714200000| PB 0x0000000714200000| Untracked 
|  66|0x0000000714400000, 0x0000000714400000, 0x0000000714600000|  0%| F|  |TAMS 0x0000000714400000| PB 0x0000000714400000| Untracked 
|  67|0x0000000714600000, 0x0000000714600000, 0x0000000714800000|  0%| F|  |TAMS 0x0000000714600000| PB 0x0000000714600000| Untracked 
|  68|0x0000000714800000, 0x0000000714800000, 0x0000000714a00000|  0%| F|  |TAMS 0x0000000714800000| PB 0x0000000714800000| Untracked 
|  69|0x0000000714a00000, 0x0000000714a00000, 0x0000000714c00000|  0%| F|  |TAMS 0x0000000714a00000| PB 0x0000000714a00000| Untracked 
|  70|0x0000000714c00000, 0x0000000714c00000, 0x0000000714e00000|  0%| F|  |TAMS 0x0000000714c00000| PB 0x0000000714c00000| Untracked 
|  71|0x0000000714e00000, 0x0000000714e00000, 0x0000000715000000|  0%| F|  |TAMS 0x0000000714e00000| PB 0x0000000714e00000| Untracked 
|  72|0x0000000715000000, 0x0000000715100000, 0x0000000715200000| 50%| E|  |TAMS 0x0000000715000000| PB 0x0000000715000000| Complete 
|  73|0x0000000715200000, 0x0000000715400000, 0x0000000715400000|100%| E|CS|TAMS 0x0000000715200000| PB 0x0000000715200000| Complete 
|  74|0x0000000715400000, 0x0000000715600000, 0x0000000715600000|100%| E|CS|TAMS 0x0000000715400000| PB 0x0000000715400000| Complete 
|  75|0x0000000715600000, 0x0000000715800000, 0x0000000715800000|100%| E|CS|TAMS 0x0000000715600000| PB 0x0000000715600000| Complete 
|  76|0x0000000715800000, 0x0000000715a00000, 0x0000000715a00000|100%| E|CS|TAMS 0x0000000715800000| PB 0x0000000715800000| Complete 
|  77|0x0000000715a00000, 0x0000000715c00000, 0x0000000715c00000|100%| E|CS|TAMS 0x0000000715a00000| PB 0x0000000715a00000| Complete 
|  78|0x0000000715c00000, 0x0000000715e00000, 0x0000000715e00000|100%| E|CS|TAMS 0x0000000715c00000| PB 0x0000000715c00000| Complete 
|  79|0x0000000715e00000, 0x0000000716000000, 0x0000000716000000|100%| E|CS|TAMS 0x0000000715e00000| PB 0x0000000715e00000| Complete 
|  80|0x0000000716000000, 0x0000000716200000, 0x0000000716200000|100%| E|CS|TAMS 0x0000000716000000| PB 0x0000000716000000| Complete 
|  81|0x0000000716200000, 0x0000000716400000, 0x0000000716400000|100%| E|CS|TAMS 0x0000000716200000| PB 0x0000000716200000| Complete 
|  82|0x0000000716400000, 0x0000000716600000, 0x0000000716600000|100%| E|CS|TAMS 0x0000000716400000| PB 0x0000000716400000| Complete 
|  83|0x0000000716600000, 0x0000000716800000, 0x0000000716800000|100%| E|CS|TAMS 0x0000000716600000| PB 0x0000000716600000| Complete 
|  84|0x0000000716800000, 0x0000000716a00000, 0x0000000716a00000|100%| E|CS|TAMS 0x0000000716800000| PB 0x0000000716800000| Complete 
|  85|0x0000000716a00000, 0x0000000716c00000, 0x0000000716c00000|100%| E|CS|TAMS 0x0000000716a00000| PB 0x0000000716a00000| Complete 
|  86|0x0000000716c00000, 0x0000000716e00000, 0x0000000716e00000|100%| E|CS|TAMS 0x0000000716c00000| PB 0x0000000716c00000| Complete 
|  87|0x0000000716e00000, 0x0000000717000000, 0x0000000717000000|100%| E|CS|TAMS 0x0000000716e00000| PB 0x0000000716e00000| Complete 
|  88|0x0000000717000000, 0x0000000717200000, 0x0000000717200000|100%| E|CS|TAMS 0x0000000717000000| PB 0x0000000717000000| Complete 
|  89|0x0000000717200000, 0x0000000717400000, 0x0000000717400000|100%| E|CS|TAMS 0x0000000717200000| PB 0x0000000717200000| Complete 
|  90|0x0000000717400000, 0x0000000717600000, 0x0000000717600000|100%| E|CS|TAMS 0x0000000717400000| PB 0x0000000717400000| Complete 
|  91|0x0000000717600000, 0x0000000717800000, 0x0000000717800000|100%| E|CS|TAMS 0x0000000717600000| PB 0x0000000717600000| Complete 
|  92|0x0000000717800000, 0x0000000717a00000, 0x0000000717a00000|100%| E|CS|TAMS 0x0000000717800000| PB 0x0000000717800000| Complete 
|  93|0x0000000717a00000, 0x0000000717c00000, 0x0000000717c00000|100%| E|CS|TAMS 0x0000000717a00000| PB 0x0000000717a00000| Complete 
|  94|0x0000000717c00000, 0x0000000717e00000, 0x0000000717e00000|100%| E|CS|TAMS 0x0000000717c00000| PB 0x0000000717c00000| Complete 
|  95|0x0000000717e00000, 0x0000000718000000, 0x0000000718000000|100%| E|CS|TAMS 0x0000000717e00000| PB 0x0000000717e00000| Complete 
|  96|0x0000000718000000, 0x0000000718200000, 0x0000000718200000|100%| E|CS|TAMS 0x0000000718000000| PB 0x0000000718000000| Complete 
|  97|0x0000000718200000, 0x0000000718400000, 0x0000000718400000|100%| E|CS|TAMS 0x0000000718200000| PB 0x0000000718200000| Complete 
|  98|0x0000000718400000, 0x0000000718600000, 0x0000000718600000|100%| E|CS|TAMS 0x0000000718400000| PB 0x0000000718400000| Complete 
|  99|0x0000000718600000, 0x0000000718800000, 0x0000000718800000|100%| E|CS|TAMS 0x0000000718600000| PB 0x0000000718600000| Complete 
| 100|0x0000000718800000, 0x0000000718a00000, 0x0000000718a00000|100%| E|CS|TAMS 0x0000000718800000| PB 0x0000000718800000| Complete 
| 101|0x0000000718a00000, 0x0000000718c00000, 0x0000000718c00000|100%| E|CS|TAMS 0x0000000718a00000| PB 0x0000000718a00000| Complete 
| 102|0x0000000718c00000, 0x0000000718e00000, 0x0000000718e00000|100%| E|CS|TAMS 0x0000000718c00000| PB 0x0000000718c00000| Complete 
| 103|0x0000000718e00000, 0x0000000719000000, 0x0000000719000000|100%| E|CS|TAMS 0x0000000718e00000| PB 0x0000000718e00000| Complete 
| 104|0x0000000719000000, 0x0000000719200000, 0x0000000719200000|100%| E|CS|TAMS 0x0000000719000000| PB 0x0000000719000000| Complete 
| 105|0x0000000719200000, 0x0000000719400000, 0x0000000719400000|100%| E|CS|TAMS 0x0000000719200000| PB 0x0000000719200000| Complete 
| 106|0x0000000719400000, 0x0000000719600000, 0x0000000719600000|100%| E|CS|TAMS 0x0000000719400000| PB 0x0000000719400000| Complete 
| 107|0x0000000719600000, 0x0000000719800000, 0x0000000719800000|100%| E|CS|TAMS 0x0000000719600000| PB 0x0000000719600000| Complete 
| 108|0x0000000719800000, 0x0000000719a00000, 0x0000000719a00000|100%| E|CS|TAMS 0x0000000719800000| PB 0x0000000719800000| Complete 
| 109|0x0000000719a00000, 0x0000000719c00000, 0x0000000719c00000|100%| E|CS|TAMS 0x0000000719a00000| PB 0x0000000719a00000| Complete 
| 110|0x0000000719c00000, 0x0000000719e00000, 0x0000000719e00000|100%| E|CS|TAMS 0x0000000719c00000| PB 0x0000000719c00000| Complete 
| 111|0x0000000719e00000, 0x000000071a000000, 0x000000071a000000|100%| E|CS|TAMS 0x0000000719e00000| PB 0x0000000719e00000| Complete 
| 112|0x000000071a000000, 0x000000071a200000, 0x000000071a200000|100%| E|CS|TAMS 0x000000071a000000| PB 0x000000071a000000| Complete 
| 113|0x000000071a200000, 0x000000071a400000, 0x000000071a400000|100%| E|CS|TAMS 0x000000071a200000| PB 0x000000071a200000| Complete 
| 114|0x000000071a400000, 0x000000071a600000, 0x000000071a600000|100%| E|CS|TAMS 0x000000071a400000| PB 0x000000071a400000| Complete 
| 115|0x000000071a600000, 0x000000071a800000, 0x000000071a800000|100%| E|CS|TAMS 0x000000071a600000| PB 0x000000071a600000| Complete 
| 116|0x000000071a800000, 0x000000071aa00000, 0x000000071aa00000|100%| E|CS|TAMS 0x000000071a800000| PB 0x000000071a800000| Complete 
| 117|0x000000071aa00000, 0x000000071ac00000, 0x000000071ac00000|100%| E|CS|TAMS 0x000000071aa00000| PB 0x000000071aa00000| Complete 
| 118|0x000000071ac00000, 0x000000071ae00000, 0x000000071ae00000|100%| E|CS|TAMS 0x000000071ac00000| PB 0x000000071ac00000| Complete 
| 119|0x000000071ae00000, 0x000000071b000000, 0x000000071b000000|100%| E|CS|TAMS 0x000000071ae00000| PB 0x000000071ae00000| Complete 
| 120|0x000000071b000000, 0x000000071b200000, 0x000000071b200000|100%| E|CS|TAMS 0x000000071b000000| PB 0x000000071b000000| Complete 
| 121|0x000000071b200000, 0x000000071b400000, 0x000000071b400000|100%| E|CS|TAMS 0x000000071b200000| PB 0x000000071b200000| Complete 
|1951|0x00000007ffe00000, 0x00000007fff0bb78, 0x0000000800000000| 52%| O|  |TAMS 0x00000007ffe00000| PB 0x00000007ffe00000| Untracked 

Card table byte_map: [0x00007bf3d04e1000,0x00007bf3d0c81000] _byte_map_base: 0x00007bf3ccc81000

Marking Bits: (CMBitMap*) 0x00007bf3cc095840
 Bits: [0x00007bf3b5100000, 0x00007bf3b8e00000)

Polling page: 0x00007bf3d3d66000

Metaspace:

Usage:
  Non-class:      8,39 MB used.
      Class:    438,26 KB used.
       Both:      8,82 MB used.

Virtual space:
  Non-class space:       64,00 MB reserved,       8,44 MB ( 13%) committed,  1 nodes.
      Class space:        1,00 GB reserved,     512,00 KB ( <1%) committed,  1 nodes.
             Both:        1,06 GB reserved,       8,94 MB ( <1%) committed. 

Chunk freelists:
   Non-Class:  5,25 MB
       Class:  15,43 MB
        Both:  20,68 MB

MaxMetaspaceSize: unlimited
CompressedClassSpaceSize: 1,00 GB
Initial GC threshold: 21,00 MB
Current GC threshold: 21,00 MB
CDS: on
 - commit_granule_bytes: 65536.
 - commit_granule_words: 8192.
 - virtual_space_node_default_size: 8388608.
 - enlarge_chunks_in_place: 1.
 - use_allocation_guard: 0.


Internal statistics:

num_allocs_failed_limit: 0.
num_arena_births: 42.
num_arena_deaths: 0.
num_vsnodes_births: 2.
num_vsnodes_deaths: 0.
num_space_committed: 141.
num_space_uncommitted: 0.
num_chunks_returned_to_freelist: 0.
num_chunks_taken_from_freelist: 279.
num_chunk_merges: 0.
num_chunk_splits: 249.
num_chunks_enlarged: 232.
num_inconsistent_stats: 0.

CodeHeap 'non-profiled nmethods': size=119168Kb used=861Kb max_used=861Kb free=118306Kb
 bounds [0x00007bf3c09a0000, 0x00007bf3c0c10000, 0x00007bf3c7e00000]
CodeHeap 'profiled nmethods': size=119164Kb used=2150Kb max_used=2150Kb free=117013Kb
 bounds [0x00007bf3b8e00000, 0x00007bf3b9070000, 0x00007bf3c025f000]
CodeHeap 'non-nmethods': size=7428Kb used=3167Kb max_used=3744Kb free=4260Kb
 bounds [0x00007bf3c025f000, 0x00007bf3c066f000, 0x00007bf3c09a0000]
 total_blobs=2249 nmethods=1251 adapters=902
 compilation: enabled
              stopped_count=0, restarted_count=0
 full_count=0

Compilation events (20 events):
Event: 11,075 Thread 0x00007bf3cc18d230 nmethod 1239 0x00007bf3b9010f10 code [0x00007bf3b90112a0, 0x00007bf3b9012868]
Event: 11,075 Thread 0x00007bf32c0ee900 nmethod 1241 0x00007bf3b9013390 code [0x00007bf3b9013640, 0x00007bf3b9014378]
Event: 11,075 Thread 0x00007bf32c0ee900 1244   !   3       java.io.FileOutputStream::write (47 bytes)
Event: 11,075 Thread 0x00007bf32c0ef2e0 nmethod 1232 0x00007bf3b9014810 code [0x00007bf3b9014b60, 0x00007bf3b9015fc0]
Event: 11,075 Thread 0x00007bf3cc18d230 1245       3       java.io.FileDescriptor$1::getAppend (5 bytes)
Event: 11,075 Thread 0x00007bf32c0ef2e0 1246       3       java.nio.ByteBuffer::clear (7 bytes)
Event: 11,075 Thread 0x00007bf3cc18d230 nmethod 1245 0x00007bf3b9016710 code [0x00007bf3b90168a0, 0x00007bf3b90169b0]
Event: 11,075 Thread 0x00007bf32c0ef2e0 nmethod 1246 0x00007bf3b9016a90 code [0x00007bf3b9016c20, 0x00007bf3b9016d98]
Event: 11,075 Thread 0x00007bf32c0eff20 nmethod 1243 0x00007bf3b9016e90 code [0x00007bf3b9017040, 0x00007bf3b9017330]
Event: 11,075 Thread 0x00007bf32c0ee900 nmethod 1244 0x00007bf3b9017490 code [0x00007bf3b9017660, 0x00007bf3b9017930]
Event: 11,078 Thread 0x00007bf3cc18d230 1247   !   3       sun.nio.cs.StreamEncoder::flushBuffer (63 bytes)
Event: 11,078 Thread 0x00007bf3cc18d230 nmethod 1247 0x00007bf3b9017b10 code [0x00007bf3b9017e60, 0x00007bf3b90192a8]
Event: 11,334 Thread 0x00007bf3cc18bb80 1248       4       java.util.concurrent.locks.ReentrantLock$Sync::tryRelease (51 bytes)
Event: 11,335 Thread 0x00007bf3cc18bb80 nmethod 1248 0x00007bf3c0a76690 code [0x00007bf3c0a76820, 0x00007bf3c0a769a8]
Event: 11,378 Thread 0x00007bf3cc18bb80 1249       4       java.util.concurrent.locks.ReentrantLock$NonfairSync::initialTryLock (58 bytes)
Event: 11,379 Thread 0x00007bf3cc18bb80 nmethod 1249 0x00007bf3c0a76a90 code [0x00007bf3c0a76c20, 0x00007bf3c0a76e00]
Event: 11,451 Thread 0x00007bf3cc18bb80 1250       4       java.util.concurrent.locks.AbstractQueuedSynchronizer::signalNext (34 bytes)
Event: 11,452 Thread 0x00007bf3cc18bb80 nmethod 1250 0x00007bf3c0a76f10 code [0x00007bf3c0a770a0, 0x00007bf3c0a77188]
Event: 11,794 Thread 0x00007bf3cc18bb80 1251       4       java.io.OutputStream::flush (1 bytes)
Event: 11,795 Thread 0x00007bf3cc18bb80 nmethod 1251 0x00007bf3c0a77290 code [0x00007bf3c0a77400, 0x00007bf3c0a77488]

GC Heap History (20 events):
Event: 11,644 GC heap before
{Heap before GC invocations=9 (full 0):
 garbage-first heap   total 251904K, used 150327K [0x000000070c000000, 0x0000000800000000)
  region size 2048K, 73 young (149504K), 2 survivors (4096K)
 Metaspace       used 9029K, committed 9152K, reserved 1114112K
  class space    used 438K, committed 512K, reserved 1048576K
}
Event: 11,645 GC heap after
{Heap after GC invocations=10 (full 0):
 garbage-first heap   total 251904K, used 4758K [0x000000070c000000, 0x0000000800000000)
  region size 2048K, 2 young (4096K), 2 survivors (4096K)
 Metaspace       used 9029K, committed 9152K, reserved 1114112K
  class space    used 438K, committed 512K, reserved 1048576K
}
Event: 11,843 GC heap before
{Heap before GC invocations=10 (full 0):
 garbage-first heap   total 251904K, used 150166K [0x000000070c000000, 0x0000000800000000)
  region size 2048K, 73 young (149504K), 2 survivors (4096K)
 Metaspace       used 9029K, committed 9152K, reserved 1114112K
  class space    used 438K, committed 512K, reserved 1048576K
}
Event: 11,844 GC heap after
{Heap after GC invocations=11 (full 0):
 garbage-first heap   total 251904K, used 4796K [0x000000070c000000, 0x0000000800000000)
  region size 2048K, 2 young (4096K), 2 survivors (4096K)
 Metaspace       used 9029K, committed 9152K, reserved 1114112K
  class space    used 438K, committed 512K, reserved 1048576K
}
Event: 12,031 GC heap before
{Heap before GC invocations=11 (full 0):
 garbage-first heap   total 251904K, used 150204K [0x000000070c000000, 0x0000000800000000)
  region size 2048K, 73 young (149504K), 2 survivors (4096K)
 Metaspace       used 9029K, committed 9152K, reserved 1114112K
  class space    used 438K, committed 512K, reserved 1048576K
}
Event: 12,032 GC heap after
{Heap after GC invocations=12 (full 0):
 garbage-first heap   total 251904K, used 4772K [0x000000070c000000, 0x0000000800000000)
  region size 2048K, 2 young (4096K), 2 survivors (4096K)
 Metaspace       used 9029K, committed 9152K, reserved 1114112K
  class space    used 438K, committed 512K, reserved 1048576K
}
Event: 12,228 GC heap before
{Heap before GC invocations=12 (full 0):
 garbage-first heap   total 251904K, used 150180K [0x000000070c000000, 0x0000000800000000)
  region size 2048K, 73 young (149504K), 2 survivors (4096K)
 Metaspace       used 9029K, committed 9152K, reserved 1114112K
  class space    used 438K, committed 512K, reserved 1048576K
}
Event: 12,229 GC heap after
{Heap after GC invocations=13 (full 0):
 garbage-first heap   total 251904K, used 4814K [0x000000070c000000, 0x0000000800000000)
  region size 2048K, 2 young (4096K), 2 survivors (4096K)
 Metaspace       used 9029K, committed 9152K, reserved 1114112K
  class space    used 438K, committed 512K, reserved 1048576K
}
Event: 12,405 GC heap before
{Heap before GC invocations=13 (full 0):
 garbage-first heap   total 251904K, used 150222K [0x000000070c000000, 0x0000000800000000)
  region size 2048K, 73 young (149504K), 2 survivors (4096K)
 Metaspace       used 9029K, committed 9152K, reserved 1114112K
  class space    used 438K, committed 512K, reserved 1048576K
}
Event: 12,406 GC heap after
{Heap after GC invocations=14 (full 0):
 garbage-first heap   total 251904K, used 4922K [0x000000070c000000, 0x0000000800000000)
  region size 2048K, 2 young (4096K), 2 survivors (4096K)
 Metaspace       used 9029K, committed 9152K, reserved 1114112K
  class space    used 438K, committed 512K, reserved 1048576K
}
Event: 12,578 GC heap before
{Heap before GC invocations=14 (full 0):
 garbage-first heap   total 251904K, used 150330K [0x000000070c000000, 0x0000000800000000)
  region size 2048K, 73 young (149504K), 2 survivors (4096K)
 Metaspace       used 9029K, committed 9152K, reserved 1114112K
  class space    used 438K, committed 512K, reserved 1048576K
}
Event: 12,579 GC heap after
{Heap after GC invocations=15 (full 0):
 garbage-first heap   total 251904K, used 4802K [0x000000070c000000, 0x0000000800000000)
  region size 2048K, 2 young (4096K), 2 survivors (4096K)
 Metaspace       used 9029K, committed 9152K, reserved 1114112K
  class space    used 438K, committed 512K, reserved 1048576K
}
Event: 12,772 GC heap before
{Heap before GC invocations=15 (full 0):
 garbage-first heap   total 251904K, used 150210K [0x000000070c000000, 0x0000000800000000)
  region size 2048K, 73 young (149504K), 2 survivors (4096K)
 Metaspace       used 9029K, committed 9152K, reserved 1114112K
  class space    used 438K, committed 512K, reserved 1048576K
}
Event: 12,772 GC heap after
{Heap after GC invocations=16 (full 0):
 garbage-first heap   total 251904K, used 4890K [0x000000070c000000, 0x0000000800000000)
  region size 2048K, 1 young (2048K), 1 survivors (2048K)
 Metaspace       used 9029K, committed 9152K, reserved 1114112K
  class space    used 438K, committed 512K, reserved 1048576K
}
Event: 12,970 GC heap before
{Heap before GC invocations=16 (full 0):
 garbage-first heap   total 251904K, used 152346K [0x000000070c000000, 0x0000000800000000)
  region size 2048K, 73 young (149504K), 1 survivors (2048K)
 Metaspace       used 9029K, committed 9152K, reserved 1114112K
  class space    used 438K, committed 512K, reserved 1048576K
}
Event: 12,971 GC heap after
{Heap after GC invocations=17 (full 0):
 garbage-first heap   total 251904K, used 4827K [0x000000070c000000, 0x0000000800000000)
  region size 2048K, 1 young (2048K), 1 survivors (2048K)
 Metaspace       used 9029K, committed 9152K, reserved 1114112K
  class space    used 438K, committed 512K, reserved 1048576K
}
Event: 13,173 GC heap before
{Heap before GC invocations=17 (full 0):
 garbage-first heap   total 251904K, used 152283K [0x000000070c000000, 0x0000000800000000)
  region size 2048K, 73 young (149504K), 1 survivors (2048K)
 Metaspace       used 9029K, committed 9152K, reserved 1114112K
  class space    used 438K, committed 512K, reserved 1048576K
}
Event: 13,173 GC heap after
{Heap after GC invocations=18 (full 0):
 garbage-first heap   total 251904K, used 4806K [0x000000070c000000, 0x0000000800000000)
  region size 2048K, 1 young (2048K), 1 survivors (2048K)
 Metaspace       used 9029K, committed 9152K, reserved 1114112K
  class space    used 438K, committed 512K, reserved 1048576K
}
Event: 13,374 GC heap before
{Heap before GC invocations=18 (full 0):
 garbage-first heap   total 251904K, used 152262K [0x000000070c000000, 0x0000000800000000)
  region size 2048K, 73 young (149504K), 1 survivors (2048K)
 Metaspace       used 9029K, committed 9152K, reserved 1114112K
  class space    used 438K, committed 512K, reserved 1048576K
}
Event: 13,375 GC heap after
{Heap after GC invocations=19 (full 0):
 garbage-first heap   total 251904K, used 4802K [0x000000070c000000, 0x0000000800000000)
  region size 2048K, 0 young (0K), 0 survivors (0K)
 Metaspace       used 9029K, committed 9152K, reserved 1114112K
  class space    used 438K, committed 512K, reserved 1048576K
}

Dll operation events (20 events):
Event: 0,001 Loaded shared library /home/aleksei/App/ideaIC-2025.1.2/idea-IC-251.26094.121/jbr/lib/libjava.so
Event: 0,015 Loaded shared library /home/aleksei/App/ideaIC-2025.1.2/idea-IC-251.26094.121/jbr/lib/libzip.so
Event: 0,029 Loaded shared library /home/aleksei/App/ideaIC-2025.1.2/idea-IC-251.26094.121/jbr/lib/libnio.so
Event: 0,030 Loaded shared library /home/aleksei/App/ideaIC-2025.1.2/idea-IC-251.26094.121/jbr/lib/libjimage.so
Event: 0,031 Loaded shared library /home/aleksei/App/ideaIC-2025.1.2/idea-IC-251.26094.121/jbr/lib/libzip.so
Event: 5,210 Loaded shared library /home/aleksei/.javacpp/cache/javacpp-1.5.5-linux-x86_64.jar/org/bytedeco/javacpp/linux-x86_64/libjnijavacpp.so
Event: 5,227 Loaded shared library /home/aleksei/.javacpp/cache/openblas-0.3.13-1.5.5-linux-x86_64.jar/org/bytedeco/openblas/linux-x86_64/libgcc_s.so.1
Event: 5,230 Loaded shared library /home/aleksei/.javacpp/cache/openblas-0.3.13-1.5.5-linux-x86_64.jar/org/bytedeco/openblas/linux-x86_64/libquadmath.so.0
Event: 5,232 Loaded shared library /usr/lib/libgfortran.so.5.0.0
Event: 5,235 Loaded shared library /home/aleksei/.javacpp/cache/openblas-0.3.13-1.5.5-linux-x86_64.jar/org/bytedeco/openblas/linux-x86_64/libgfortran.so.4
Event: 5,241 Loaded shared library /home/aleksei/.javacpp/cache/openblas-0.3.13-1.5.5-linux-x86_64.jar/org/bytedeco/openblas/linux-x86_64/libopenblas_nolapack.so.0
Event: 5,250 Loaded shared library /home/aleksei/.javacpp/cache/openblas-0.3.13-1.5.5-linux-x86_64.jar/org/bytedeco/openblas/linux-x86_64/libjniopenblas_nolapack.so
Event: 5,302 Loaded shared library /home/aleksei/.javacpp/cache/openblas-0.3.13-1.5.5-linux-x86_64.jar/org/bytedeco/openblas/linux-x86_64/libopenblas.so.0
Event: 5,307 Loaded shared library /home/aleksei/.javacpp/cache/openblas-0.3.13-1.5.5-linux-x86_64.jar/org/bytedeco/openblas/linux-x86_64/libjniopenblas.so
Event: 5,487 Loaded shared library /home/aleksei/.javacpp/cache/opencv-4.5.1-1.5.5-linux-x86_64.jar/org/bytedeco/opencv/linux-x86_64/libopencv_core.so.4.5
Event: 5,496 Loaded shared library /home/aleksei/.javacpp/cache/opencv-4.5.1-1.5.5-linux-x86_64.jar/org/bytedeco/opencv/linux-x86_64/libopencv_imgproc.so.4.5
Event: 5,503 Loaded shared library /home/aleksei/.javacpp/cache/opencv-4.5.1-1.5.5-linux-x86_64.jar/org/bytedeco/opencv/linux-x86_64/libjniopencv_core.so
Event: 5,533 Loaded shared library /home/aleksei/.javacpp/cache/opencv-4.5.1-1.5.5-linux-x86_64.jar/org/bytedeco/opencv/linux-x86_64/libjniopencv_imgproc.so
Event: 5,538 Loaded shared library /home/aleksei/.javacpp/cache/opencv-4.5.1-1.5.5-linux-x86_64.jar/org/bytedeco/opencv/linux-x86_64/libopencv_imgcodecs.so.4.5
Event: 5,539 Loaded shared library /home/aleksei/.javacpp/cache/opencv-4.5.1-1.5.5-linux-x86_64.jar/org/bytedeco/opencv/linux-x86_64/libjniopencv_imgcodecs.so

Deoptimization events (20 events):
Event: 5,406 Thread 0x00007bf3cc02cf30 DEOPT PACKING pc=0x00007bf3c0a0c0bc sp=0x00007bf3d23fcc80
Event: 5,406 Thread 0x00007bf3cc02cf30 DEOPT UNPACKING pc=0x00007bf3c02b2f99 sp=0x00007bf3d23fcc18 mode 2
Event: 5,406 Thread 0x00007bf3cc02cf30 Uncommon trap: trap_request=0xffffffde fr.pc=0x00007bf3c0a0c0bc relative=0x000000000000011c
Event: 5,406 Thread 0x00007bf3cc02cf30 Uncommon trap: reason=class_check action=maybe_recompile pc=0x00007bf3c0a0c0bc method=jdk.internal.misc.Unsafe.allocateUninitializedArray(Ljava/lang/Class;I)Ljava/lang/Object; @ 51 c2
Event: 5,406 Thread 0x00007bf3cc02cf30 DEOPT PACKING pc=0x00007bf3c0a0c0bc sp=0x00007bf3d23fcc80
Event: 5,406 Thread 0x00007bf3cc02cf30 DEOPT UNPACKING pc=0x00007bf3c02b2f99 sp=0x00007bf3d23fcc18 mode 2
Event: 5,550 Thread 0x00007bf3cc02cf30 Uncommon trap: trap_request=0xffffff45 fr.pc=0x00007bf3c09da944 relative=0x00000000000005e4
Event: 5,550 Thread 0x00007bf3cc02cf30 Uncommon trap: reason=unstable_if action=reinterpret pc=0x00007bf3c09da944 method=java.lang.Integer.getChars(II[B)I @ 25 c2
Event: 5,550 Thread 0x00007bf3cc02cf30 DEOPT PACKING pc=0x00007bf3c09da944 sp=0x00007bf3d23fe6e0
Event: 5,550 Thread 0x00007bf3cc02cf30 DEOPT UNPACKING pc=0x00007bf3c02b2f99 sp=0x00007bf3d23fe628 mode 2
Event: 5,551 Thread 0x00007bf3cc02cf30 Uncommon trap: trap_request=0xffffff45 fr.pc=0x00007bf3c09d97bc relative=0x000000000000011c
Event: 5,551 Thread 0x00007bf3cc02cf30 Uncommon trap: reason=unstable_if action=reinterpret pc=0x00007bf3c09d97bc method=java.lang.Integer.getChars(II[B)I @ 25 c2
Event: 5,551 Thread 0x00007bf3cc02cf30 DEOPT PACKING pc=0x00007bf3c09d97bc sp=0x00007bf3d23fe680
Event: 5,551 Thread 0x00007bf3cc02cf30 DEOPT UNPACKING pc=0x00007bf3c02b2f99 sp=0x00007bf3d23fe628 mode 2
Event: 5,551 Thread 0x00007bf3cc02cf30 Uncommon trap: trap_request=0xffffff45 fr.pc=0x00007bf3c0a2c504 relative=0x0000000000001744
Event: 5,551 Thread 0x00007bf3cc02cf30 Uncommon trap: reason=unstable_if action=reinterpret pc=0x00007bf3c0a2c504 method=jdk.internal.loader.URLClassPath$FileLoader.getResource(Ljava/lang/String;Z)Ljdk/internal/loader/Resource; @ 128 c2
Event: 5,551 Thread 0x00007bf3cc02cf30 DEOPT PACKING pc=0x00007bf3c0a2c504 sp=0x00007bf3d23fddd0
Event: 5,551 Thread 0x00007bf3cc02cf30 DEOPT UNPACKING pc=0x00007bf3c02b2f99 sp=0x00007bf3d23fddb8 mode 2
Event: 10,276 Thread 0x00007bf3cc02cf30 DEOPT PACKING pc=0x00007bf3b8fe9563 sp=0x00007bf3d23fe760
Event: 10,276 Thread 0x00007bf3cc02cf30 DEOPT UNPACKING pc=0x00007bf3c02b372f sp=0x00007bf3d23fdd00 mode 0

Classes loaded (20 events):
Event: 5,221 Loading class java/util/ArrayList$ListItr
Event: 5,221 Loading class java/util/ArrayList$ListItr done
Event: 5,226 Loading class jdk/internal/foreign/MemorySessionImpl
Event: 5,226 Loading class java/lang/foreign/MemorySegment$Scope
Event: 5,226 Loading class java/lang/foreign/MemorySegment$Scope done
Event: 5,226 Loading class jdk/internal/foreign/MemorySessionImpl done
Event: 5,235 Loading class java/nio/file/attribute/FileAttribute
Event: 5,235 Loading class java/nio/file/attribute/FileAttribute done
Event: 5,543 Loading class java/nio/ShortBuffer
Event: 5,543 Loading class java/nio/ShortBuffer done
Event: 5,543 Loading class java/nio/FloatBuffer
Event: 5,543 Loading class java/nio/FloatBuffer done
Event: 5,543 Loading class java/nio/DoubleBuffer
Event: 5,543 Loading class java/nio/DoubleBuffer done
Event: 5,543 Loading class java/lang/AssertionError
Event: 5,543 Loading class java/lang/AssertionError done
Event: 5,544 Loading class java/lang/UnsupportedOperationException
Event: 5,544 Loading class java/lang/UnsupportedOperationException done
Event: 5,551 Loading class java/lang/NoSuchFieldError
Event: 5,551 Loading class java/lang/NoSuchFieldError done

Classes unloaded (0 events):
No events

Classes redefined (0 events):
No events

Internal exceptions (6 events):
Event: 5,186 Thread 0x00007bf3cc02cf30 Exception <a 'java/lang/NoSuchMethodError'{0x000000071afc5c90}: 'int java.lang.invoke.DirectMethodHandle$Holder.invokeStaticInit(java.lang.Object, java.lang.Object, java.lang.Object, java.lang.Object)'> (0x000000071afc5c90) 
thrown [src/hotspot/share/interpreter/linkResolver.cpp, line 783]
Event: 5,187 Thread 0x00007bf3cc02cf30 Exception <a 'java/lang/NoSuchMethodError'{0x000000071afce7d8}: 'java.lang.Object java.lang.invoke.DirectMethodHandle$Holder.invokeInterface(java.lang.Object, java.lang.Object)'> (0x000000071afce7d8) 
thrown [src/hotspot/share/interpreter/linkResolver.cpp, line 783]
Event: 5,187 Thread 0x00007bf3cc02cf30 Exception <a 'java/lang/IncompatibleClassChangeError'{0x000000071afd1a70}: Found class java.lang.Object, but interface was expected> (0x000000071afd1a70) 
thrown [src/hotspot/share/interpreter/linkResolver.cpp, line 851]
Event: 5,187 Thread 0x00007bf3cc02cf30 Exception <a 'java/lang/NoSuchMethodError'{0x000000071afd4950}: 'void java.lang.invoke.DirectMethodHandle$Holder.invokeStatic(java.lang.Object, java.lang.Object)'> (0x000000071afd4950) 
thrown [src/hotspot/share/interpreter/linkResolver.cpp, line 783]
Event: 5,187 Thread 0x00007bf3cc02cf30 Exception <a 'java/lang/NoSuchMethodError'{0x000000071afd7d60}: 'void java.lang.invoke.DirectMethodHandle$Holder.invokeStaticInit(java.lang.Object, java.lang.Object)'> (0x000000071afd7d60) 
thrown [src/hotspot/share/interpreter/linkResolver.cpp, line 783]
Event: 5,188 Thread 0x00007bf3cc02cf30 Exception <a 'java/lang/NoSuchMethodError'{0x000000071afdde48}: 'int java.lang.invoke.DirectMethodHandle$Holder.invokeStaticInit(java.lang.Object, java.lang.Object)'> (0x000000071afdde48) 
thrown [src/hotspot/share/interpreter/linkResolver.cpp, line 783]

ZGC Phase Switch (0 events):
No events

VM Operations (20 events):
Event: 11,644 Executing VM operation: G1CollectForAllocation (G1 Evacuation Pause)
Event: 11,645 Executing VM operation: G1CollectForAllocation (G1 Evacuation Pause) done
Event: 11,843 Executing VM operation: G1CollectForAllocation (G1 Evacuation Pause)
Event: 11,844 Executing VM operation: G1CollectForAllocation (G1 Evacuation Pause) done
Event: 12,031 Executing VM operation: G1CollectForAllocation (G1 Evacuation Pause)
Event: 12,032 Executing VM operation: G1CollectForAllocation (G1 Evacuation Pause) done
Event: 12,228 Executing VM operation: G1CollectForAllocation (G1 Evacuation Pause)
Event: 12,229 Executing VM operation: G1CollectForAllocation (G1 Evacuation Pause) done
Event: 12,405 Executing VM operation: G1CollectForAllocation (G1 Evacuation Pause)
Event: 12,406 Executing VM operation: G1CollectForAllocation (G1 Evacuation Pause) done
Event: 12,578 Executing VM operation: G1CollectForAllocation (G1 Evacuation Pause)
Event: 12,579 Executing VM operation: G1CollectForAllocation (G1 Evacuation Pause) done
Event: 12,772 Executing VM operation: G1CollectForAllocation (G1 Evacuation Pause)
Event: 12,772 Executing VM operation: G1CollectForAllocation (G1 Evacuation Pause) done
Event: 12,970 Executing VM operation: G1CollectForAllocation (G1 Evacuation Pause)
Event: 12,971 Executing VM operation: G1CollectForAllocation (G1 Evacuation Pause) done
Event: 13,173 Executing VM operation: G1CollectForAllocation (G1 Evacuation Pause)
Event: 13,173 Executing VM operation: G1CollectForAllocation (G1 Evacuation Pause) done
Event: 13,374 Executing VM operation: G1CollectForAllocation (G1 Evacuation Pause)
Event: 13,375 Executing VM operation: G1CollectForAllocation (G1 Evacuation Pause) done

Memory protections (20 events):
Event: 0,016 Protecting memory [0x00007bf3a59ff000,0x00007bf3a5a03000] with protection modes 0
Event: 0,016 Protecting memory [0x00007bf3a58fe000,0x00007bf3a5902000] with protection modes 0
Event: 0,016 Protecting memory [0x00007bf3a57fd000,0x00007bf3a5801000] with protection modes 0
Event: 0,016 Protecting memory [0x00007bf3a56fc000,0x00007bf3a5700000] with protection modes 0
Event: 0,016 Protecting memory [0x00007bf3a55fb000,0x00007bf3a55ff000] with protection modes 0
Event: 0,019 Protecting memory [0x00007bf3a54fa000,0x00007bf3a54fe000] with protection modes 0
Event: 0,020 Protecting memory [0x00007bf3a53f9000,0x00007bf3a53fd000] with protection modes 0
Event: 0,020 Protecting memory [0x00007bf3a52f8000,0x00007bf3a52fc000] with protection modes 0
Event: 0,033 Protecting memory [0x00007bf3a51f7000,0x00007bf3a51fb000] with protection modes 0
Event: 0,033 Protecting memory [0x00007bf3a50f6000,0x00007bf3a50fa000] with protection modes 0
Event: 5,175 Protecting memory [0x00007bf3a51f7000,0x00007bf3a51fb000] with protection modes 0
Event: 5,175 Protecting memory [0x00007bf3a50f6000,0x00007bf3a50fa000] with protection modes 0
Event: 5,214 Protecting memory [0x00007bf3a4d00000,0x00007bf3a4d04000] with protection modes 0
Event: 5,234 Protecting memory [0x00007bf3a4900000,0x00007bf3a4904000] with protection modes 0
Event: 5,234 Protecting memory [0x00007bf3a4500000,0x00007bf3a4504000] with protection modes 0
Event: 5,380 Protecting memory [0x00007bf3500fe000,0x00007bf350102000] with protection modes 0
Event: 5,381 Protecting memory [0x00007bf3106f9000,0x00007bf3106fd000] with protection modes 0
Event: 11,074 Protecting memory [0x00007bf3a51f7000,0x00007bf3a51fb000] with protection modes 0
Event: 11,074 Protecting memory [0x00007bf3a50f6000,0x00007bf3a50fa000] with protection modes 0
Event: 11,074 Protecting memory [0x00007bf3a4900000,0x00007bf3a4904000] with protection modes 0

Nmethod flushes (0 events):
No events

Events (20 events):
Event: 5,038 Thread 0x00007bf33003a770 Thread exited: 0x00007bf33003a770
Event: 5,038 Thread 0x00007bf32c03d7d0 Thread exited: 0x00007bf32c03d7d0
Event: 5,175 Thread 0x00007bf3cc18d230 Thread added: 0x00007bf32c0363d0
Event: 5,175 Thread 0x00007bf3cc18d230 Thread added: 0x00007bf32c0370d0
Event: 5,214 Thread 0x00007bf3cc02cf30 Thread added: 0x00007bf3cc414180
Event: 5,234 Thread 0x00007bf3cc18bb80 Thread added: 0x00007bf3380a1590
Event: 5,234 Thread 0x00007bf3cc18bb80 Thread added: 0x00007bf3382135d0
Event: 5,380 Thread 0x00007bf32c0370d0 Thread added: 0x00007bf320060e00
Event: 5,381 Thread 0x00007bf32c0370d0 Thread added: 0x00007bf320061de0
Event: 10,263 Thread 0x00007bf32c012ce0 Thread exited: 0x00007bf32c012ce0
Event: 10,263 Thread 0x00007bf320061de0 Thread exited: 0x00007bf320061de0
Event: 10,263 Thread 0x00007bf320060e00 Thread exited: 0x00007bf320060e00
Event: 10,368 Thread 0x00007bf3382135d0 Thread exited: 0x00007bf3382135d0
Event: 10,368 Thread 0x00007bf3380a1590 Thread exited: 0x00007bf3380a1590
Event: 10,408 Thread 0x00007bf32c0370d0 Thread exited: 0x00007bf32c0370d0
Event: 10,408 Thread 0x00007bf32c0363d0 Thread exited: 0x00007bf32c0363d0
Event: 11,074 Thread 0x00007bf3cc18d230 Thread added: 0x00007bf32c0ee900
Event: 11,074 Thread 0x00007bf3cc18d230 Thread added: 0x00007bf32c0ef2e0
Event: 11,074 Thread 0x00007bf3cc18d230 Thread added: 0x00007bf32c0eff20
Event: 11,794 Thread 0x00007bf32c0eff20 Thread exited: 0x00007bf32c0eff20


Dynamic libraries:
70c000000-71b400000 rw-p 00000000 00:00 0 
71b400000-7ffe00000 ---p 00000000 00:00 0 
7ffe00000-7fff0c000 rw-p 00d70000 103:06 10757205                        /home/aleksei/App/ideaIC-2025.1.2/idea-IC-251.26094.121/jbr/lib/server/classes.jsa
7fff0c000-800000000 rw-p 00000000 00:00 0 
6093c0f69000-6093c0f6a000 r--p 00000000 103:06 10757496                  /home/aleksei/App/ideaIC-2025.1.2/idea-IC-251.26094.121/jbr/bin/java
6093c0f6a000-6093c0f6b000 r-xp 00001000 103:06 10757496                  /home/aleksei/App/ideaIC-2025.1.2/idea-IC-251.26094.121/jbr/bin/java
6093c0f6b000-6093c0f6c000 r--p 00002000 103:06 10757496                  /home/aleksei/App/ideaIC-2025.1.2/idea-IC-251.26094.121/jbr/bin/java
6093c0f6c000-6093c0f6d000 r--p 00002000 103:06 10757496                  /home/aleksei/App/ideaIC-2025.1.2/idea-IC-251.26094.121/jbr/bin/java
6093c0f6d000-6093c0f6e000 rw-p 00003000 103:06 10757496                  /home/aleksei/App/ideaIC-2025.1.2/idea-IC-251.26094.121/jbr/bin/java
6093c6ecf000-6093c6f17000 rw-p 00000000 00:00 0                          [heap]
7bf1ec000000-7bf1ec883000 rw-p 00000000 00:00 0 
7bf1ec883000-7bf1f0000000 ---p 00000000 00:00 0 
7bf1f3d13000-7bf1f4021000 rw-p 00000000 00:00 0 
7bf1f4021000-7bf1f8000000 ---p 00000000 00:00 0 
7bf1f8000000-7bf1f86ae000 rw-p 00000000 00:00 0 
7bf1f86ae000-7bf1fc000000 ---p 00000000 00:00 0 
7bf1fc000000-7bf1fc021000 rw-p 00000000 00:00 0 
7bf1fc021000-7bf200000000 ---p 00000000 00:00 0 
7bf200000000-7bf200021000 rw-p 00000000 00:00 0 
7bf200021000-7bf204000000 ---p 00000000 00:00 0 
7bf204000000-7bf204021000 rw-p 00000000 00:00 0 
7bf204021000-7bf208000000 ---p 00000000 00:00 0 
7bf20815d000-7bf208400000 rw-p 00000000 00:00 0 
7bf208400000-7bf208430000 r-xp 00000000 103:06 10881099                  /home/aleksei/.javacpp/cache/opencv-4.5.1-1.5.5-linux-x86_64.jar/org/bytedeco/opencv/linux-x86_64/libjniopencv_imgcodecs.so
7bf208430000-7bf20862f000 ---p 00030000 103:06 10881099                  /home/aleksei/.javacpp/cache/opencv-4.5.1-1.5.5-linux-x86_64.jar/org/bytedeco/opencv/linux-x86_64/libjniopencv_imgcodecs.so
7bf20862f000-7bf208630000 r--p 0002f000 103:06 10881099                  /home/aleksei/.javacpp/cache/opencv-4.5.1-1.5.5-linux-x86_64.jar/org/bytedeco/opencv/linux-x86_64/libjniopencv_imgcodecs.so
7bf208630000-7bf208631000 rw-p 00030000 103:06 10881099                  /home/aleksei/.javacpp/cache/opencv-4.5.1-1.5.5-linux-x86_64.jar/org/bytedeco/opencv/linux-x86_64/libjniopencv_imgcodecs.so
7bf208800000-7bf208b4e000 r-xp 00000000 103:06 10881097                  /home/aleksei/.javacpp/cache/opencv-4.5.1-1.5.5-linux-x86_64.jar/org/bytedeco/opencv/linux-x86_64/libopencv_imgcodecs.so.4.5
7bf208b4e000-7bf208d4d000 ---p 0034e000 103:06 10881097                  /home/aleksei/.javacpp/cache/opencv-4.5.1-1.5.5-linux-x86_64.jar/org/bytedeco/opencv/linux-x86_64/libopencv_imgcodecs.so.4.5
7bf208d4d000-7bf208d57000 r--p 0034d000 103:06 10881097                  /home/aleksei/.javacpp/cache/opencv-4.5.1-1.5.5-linux-x86_64.jar/org/bytedeco/opencv/linux-x86_64/libopencv_imgcodecs.so.4.5
7bf208d57000-7bf208d5b000 rw-p 00357000 103:06 10881097                  /home/aleksei/.javacpp/cache/opencv-4.5.1-1.5.5-linux-x86_64.jar/org/bytedeco/opencv/linux-x86_64/libopencv_imgcodecs.so.4.5
7bf208d5b000-7bf208dc5000 rw-p 00000000 00:00 0 
7bf208e00000-7bf20912f000 r-xp 00000000 103:06 10881095                  /home/aleksei/.javacpp/cache/opencv-4.5.1-1.5.5-linux-x86_64.jar/org/bytedeco/opencv/linux-x86_64/libjniopencv_core.so
7bf20912f000-7bf20932f000 ---p 0032f000 103:06 10881095                  /home/aleksei/.javacpp/cache/opencv-4.5.1-1.5.5-linux-x86_64.jar/org/bytedeco/opencv/linux-x86_64/libjniopencv_core.so
7bf20932f000-7bf20933b000 r--p 0032f000 103:06 10881095                  /home/aleksei/.javacpp/cache/opencv-4.5.1-1.5.5-linux-x86_64.jar/org/bytedeco/opencv/linux-x86_64/libjniopencv_core.so
7bf20933b000-7bf20933e000 rw-p 0033b000 103:06 10881095                  /home/aleksei/.javacpp/cache/opencv-4.5.1-1.5.5-linux-x86_64.jar/org/bytedeco/opencv/linux-x86_64/libjniopencv_core.so
7bf20933e000-7bf20933f000 rw-p 00000000 00:00 0 
7bf209400000-7bf2099ab000 r-xp 00000000 103:06 10881093                  /home/aleksei/.javacpp/cache/opencv-4.5.1-1.5.5-linux-x86_64.jar/org/bytedeco/opencv/linux-x86_64/libopencv_imgproc.so.4.5
7bf2099ab000-7bf209baa000 ---p 005ab000 103:06 10881093                  /home/aleksei/.javacpp/cache/opencv-4.5.1-1.5.5-linux-x86_64.jar/org/bytedeco/opencv/linux-x86_64/libopencv_imgproc.so.4.5
7bf209baa000-7bf209bc5000 r--p 005aa000 103:06 10881093                  /home/aleksei/.javacpp/cache/opencv-4.5.1-1.5.5-linux-x86_64.jar/org/bytedeco/opencv/linux-x86_64/libopencv_imgproc.so.4.5
7bf209bc5000-7bf209bce000 rw-p 005c5000 103:06 10881093                  /home/aleksei/.javacpp/cache/opencv-4.5.1-1.5.5-linux-x86_64.jar/org/bytedeco/opencv/linux-x86_64/libopencv_imgproc.so.4.5
7bf209bce000-7bf209c6e000 rw-p 00000000 00:00 0 
7bf209e00000-7bf20a1fb000 r-xp 00000000 103:06 10881085                  /home/aleksei/.javacpp/cache/opencv-4.5.1-1.5.5-linux-x86_64.jar/org/bytedeco/opencv/linux-x86_64/libopencv_core.so.4.5
7bf20a1fb000-7bf20a3fa000 ---p 003fb000 103:06 10881085                  /home/aleksei/.javacpp/cache/opencv-4.5.1-1.5.5-linux-x86_64.jar/org/bytedeco/opencv/linux-x86_64/libopencv_core.so.4.5
7bf20a3fa000-7bf20a408000 r--p 003fa000 103:06 10881085                  /home/aleksei/.javacpp/cache/opencv-4.5.1-1.5.5-linux-x86_64.jar/org/bytedeco/opencv/linux-x86_64/libopencv_core.so.4.5
7bf20a408000-7bf20a40e000 rw-p 00408000 103:06 10881085                  /home/aleksei/.javacpp/cache/opencv-4.5.1-1.5.5-linux-x86_64.jar/org/bytedeco/opencv/linux-x86_64/libopencv_core.so.4.5
7bf20a40e000-7bf20a414000 rw-p 00000000 00:00 0 
7bf20a600000-7bf20be3f000 r-xp 00000000 103:06 10252867                  /home/aleksei/.javacpp/cache/openblas-0.3.13-1.5.5-linux-x86_64.jar/org/bytedeco/openblas/linux-x86_64/libjniopenblas.so
7bf20be3f000-7bf20c03f000 ---p 0183f000 103:06 10252867                  /home/aleksei/.javacpp/cache/openblas-0.3.13-1.5.5-linux-x86_64.jar/org/bytedeco/openblas/linux-x86_64/libjniopenblas.so
7bf20c03f000-7bf20c040000 r--p 0183f000 103:06 10252867                  /home/aleksei/.javacpp/cache/openblas-0.3.13-1.5.5-linux-x86_64.jar/org/bytedeco/openblas/linux-x86_64/libjniopenblas.so
7bf20c040000-7bf20c048000 rw-p 01840000 103:06 10252867                  /home/aleksei/.javacpp/cache/openblas-0.3.13-1.5.5-linux-x86_64.jar/org/bytedeco/openblas/linux-x86_64/libjniopenblas.so
7bf20c048000-7bf20c049000 rw-p 00000000 00:00 0 
7bf20c200000-7bf21c200000 rw-p 00000000 00:00 0 
7bf21c3ff000-7bf21c400000 ---p 00000000 00:00 0 
7bf21c400000-7bf21cc00000 rw-p 00000000 00:00 0 
7bf21cc00000-7bf224c00000 rw-p 00000000 00:00 0 
7bf224dff000-7bf224e00000 ---p 00000000 00:00 0 
7bf224e00000-7bf225600000 rw-p 00000000 00:00 0 
7bf225600000-7bf22d600000 rw-p 00000000 00:00 0 
7bf22d7ff000-7bf22d800000 ---p 00000000 00:00 0 
7bf22d800000-7bf22e000000 rw-p 00000000 00:00 0 
7bf22e000000-7bf236000000 rw-p 00000000 00:00 0 
7bf2361ff000-7bf236200000 ---p 00000000 00:00 0 
7bf236200000-7bf236a00000 rw-p 00000000 00:00 0 
7bf236a00000-7bf23ea00000 rw-p 00000000 00:00 0 
7bf23ebff000-7bf23ec00000 ---p 00000000 00:00 0 
7bf23ec00000-7bf23f400000 rw-p 00000000 00:00 0 
7bf23f400000-7bf247400000 rw-p 00000000 00:00 0 
7bf2475ff000-7bf247600000 ---p 00000000 00:00 0 
7bf247600000-7bf247e00000 rw-p 00000000 00:00 0 
7bf247e00000-7bf24fe00000 rw-p 00000000 00:00 0 
7bf24ffff000-7bf250000000 ---p 00000000 00:00 0 
7bf250000000-7bf250800000 rw-p 00000000 00:00 0 
7bf250800000-7bf258800000 rw-p 00000000 00:00 0 
7bf2589ff000-7bf258a00000 ---p 00000000 00:00 0 
7bf258a00000-7bf259200000 rw-p 00000000 00:00 0 
7bf259200000-7bf261200000 rw-p 00000000 00:00 0 
7bf2613ff000-7bf261400000 ---p 00000000 00:00 0 
7bf261400000-7bf261c00000 rw-p 00000000 00:00 0 
7bf261c00000-7bf269c00000 rw-p 00000000 00:00 0 
7bf269dff000-7bf269e00000 ---p 00000000 00:00 0 
7bf269e00000-7bf26a600000 rw-p 00000000 00:00 0 
7bf26a600000-7bf272600000 rw-p 00000000 00:00 0 
7bf2727ff000-7bf272800000 ---p 00000000 00:00 0 
7bf272800000-7bf273000000 rw-p 00000000 00:00 0 
7bf273000000-7bf27b000000 rw-p 00000000 00:00 0 
7bf27b1ff000-7bf27b200000 ---p 00000000 00:00 0 
7bf27b200000-7bf27ba00000 rw-p 00000000 00:00 0 
7bf27ba00000-7bf28ba00000 rw-p 00000000 00:00 0 
7bf28bbfd000-7bf28bbfe000 ---p 00000000 00:00 0 
7bf28bbfe000-7bf28c3fe000 rw-p 00000000 00:00 0 
7bf28c3fe000-7bf28c3ff000 ---p 00000000 00:00 0 
7bf28c3ff000-7bf28cbff000 rw-p 00000000 00:00 0 
7bf28cbff000-7bf28cc00000 ---p 00000000 00:00 0 
7bf28cc00000-7bf28d400000 rw-p 00000000 00:00 0 
7bf28d400000-7bf28f0fc000 r-xp 00000000 103:06 10252697                  /home/aleksei/.javacpp/cache/openblas-0.3.13-1.5.5-linux-x86_64.jar/org/bytedeco/openblas/linux-x86_64/libopenblas.so.0
7bf28f0fc000-7bf28f2fc000 ---p 01cfc000 103:06 10252697                  /home/aleksei/.javacpp/cache/openblas-0.3.13-1.5.5-linux-x86_64.jar/org/bytedeco/openblas/linux-x86_64/libopenblas.so.0
7bf28f2fc000-7bf28f302000 r--p 01cfc000 103:06 10252697                  /home/aleksei/.javacpp/cache/openblas-0.3.13-1.5.5-linux-x86_64.jar/org/bytedeco/openblas/linux-x86_64/libopenblas.so.0
7bf28f302000-7bf28f318000 rw-p 01d02000 103:06 10252697                  /home/aleksei/.javacpp/cache/openblas-0.3.13-1.5.5-linux-x86_64.jar/org/bytedeco/openblas/linux-x86_64/libopenblas.so.0
7bf28f318000-7bf28f324000 rw-p 00000000 00:00 0 
7bf28f400000-7bf2af400000 rw-p 00000000 00:00 0 
7bf2af5ff000-7bf2af600000 ---p 00000000 00:00 0 
7bf2af600000-7bf2afe00000 rw-p 00000000 00:00 0 
7bf2afe00000-7bf2b7e00000 rw-p 00000000 00:00 0 
7bf2b7ffd000-7bf2b7ffe000 ---p 00000000 00:00 0 
7bf2b7ffe000-7bf2b87fe000 rw-p 00000000 00:00 0 
7bf2b87fe000-7bf2b87ff000 ---p 00000000 00:00 0 
7bf2b87ff000-7bf2b8fff000 rw-p 00000000 00:00 0 
7bf2b8fff000-7bf2b9000000 ---p 00000000 00:00 0 
7bf2b9000000-7bf2b9800000 rw-p 00000000 00:00 0 
7bf2b9800000-7bf2c1800000 rw-p 00000000 00:00 0 
7bf2c19ff000-7bf2c1a00000 ---p 00000000 00:00 0 
7bf2c1a00000-7bf2c2200000 rw-p 00000000 00:00 0 
7bf2c2200000-7bf2ca200000 rw-p 00000000 00:00 0 
7bf2ca3ff000-7bf2ca400000 ---p 00000000 00:00 0 
7bf2ca400000-7bf2cac00000 rw-p 00000000 00:00 0 
7bf2cac00000-7bf2d2c00000 rw-p 00000000 00:00 0 
7bf2d2dff000-7bf2d2e00000 ---p 00000000 00:00 0 
7bf2d2e00000-7bf2d3600000 rw-p 00000000 00:00 0 
7bf2d3600000-7bf2db600000 rw-p 00000000 00:00 0 
7bf2db7ff000-7bf2db800000 ---p 00000000 00:00 0 
7bf2db800000-7bf2dc000000 rw-p 00000000 00:00 0 
7bf2dc000000-7bf30c000000 rw-p 00000000 00:00 0 
7bf30c000000-7bf30c6c3000 rw-p 00000000 00:00 0 
7bf30c6c3000-7bf310000000 ---p 00000000 00:00 0 
7bf310200000-7bf310353000 r-xp 00000000 103:06 10881096                  /home/aleksei/.javacpp/cache/opencv-4.5.1-1.5.5-linux-x86_64.jar/org/bytedeco/opencv/linux-x86_64/libjniopencv_imgproc.so
7bf310353000-7bf310553000 ---p 00153000 103:06 10881096                  /home/aleksei/.javacpp/cache/opencv-4.5.1-1.5.5-linux-x86_64.jar/org/bytedeco/opencv/linux-x86_64/libjniopencv_imgproc.so
7bf310553000-7bf310556000 r--p 00153000 103:06 10881096                  /home/aleksei/.javacpp/cache/opencv-4.5.1-1.5.5-linux-x86_64.jar/org/bytedeco/opencv/linux-x86_64/libjniopencv_imgproc.so
7bf310556000-7bf310557000 rw-p 00156000 103:06 10881096                  /home/aleksei/.javacpp/cache/opencv-4.5.1-1.5.5-linux-x86_64.jar/org/bytedeco/opencv/linux-x86_64/libjniopencv_imgproc.so
7bf3106f8000-7bf3106f9000 ---p 00000000 00:00 0 
7bf3106f9000-7bf3106fd000 ---p 00000000 00:00 0 
7bf3106fd000-7bf3107f9000 rw-p 00000000 00:00 0 
7bf3107f9000-7bf3107fa000 ---p 00000000 00:00 0 
7bf3107fa000-7bf310ffa000 rw-p 00000000 00:00 0 
7bf310ffa000-7bf310ffb000 ---p 00000000 00:00 0 
7bf310ffb000-7bf3117fb000 rw-p 00000000 00:00 0 
7bf3117fb000-7bf3117fc000 ---p 00000000 00:00 0 
7bf3117fc000-7bf311ffc000 rw-p 00000000 00:00 0 
7bf311ffc000-7bf311ffd000 ---p 00000000 00:00 0 
7bf311ffd000-7bf3127fd000 rw-p 00000000 00:00 0 
7bf3127fd000-7bf3127fe000 ---p 00000000 00:00 0 
7bf3127fe000-7bf312ffe000 rw-p 00000000 00:00 0 
7bf312ffe000-7bf312fff000 ---p 00000000 00:00 0 
7bf312fff000-7bf3137ff000 rw-p 00000000 00:00 0 
7bf3137ff000-7bf313800000 ---p 00000000 00:00 0 
7bf313800000-7bf314000000 rw-p 00000000 00:00 0 
7bf314000000-7bf314021000 rw-p 00000000 00:00 0 
7bf314021000-7bf318000000 ---p 00000000 00:00 0 
7bf318000000-7bf3186cf000 rw-p 00000000 00:00 0 
7bf3186cf000-7bf31c000000 ---p 00000000 00:00 0 
7bf31c000000-7bf31cc00000 rw-p 00000000 00:00 0 
7bf31cc00000-7bf320000000 ---p 00000000 00:00 0 
7bf320000000-7bf320bb0000 rw-p 00000000 00:00 0 
7bf320bb0000-7bf324000000 ---p 00000000 00:00 0 
7bf324000000-7bf324021000 rw-p 00000000 00:00 0 
7bf324021000-7bf328000000 ---p 00000000 00:00 0 
7bf328000000-7bf328021000 rw-p 00000000 00:00 0 
7bf328021000-7bf32c000000 ---p 00000000 00:00 0 
7bf32c000000-7bf32c254000 rw-p 00000000 00:00 0 
7bf32c254000-7bf330000000 ---p 00000000 00:00 0 
7bf330000000-7bf3302d2000 rw-p 00000000 00:00 0 
7bf3302d2000-7bf334000000 ---p 00000000 00:00 0 
7bf334000000-7bf334021000 rw-p 00000000 00:00 0 
7bf334021000-7bf338000000 ---p 00000000 00:00 0 
7bf338000000-7bf3389ad000 rw-p 00000000 00:00 0 
7bf3389ad000-7bf33c000000 ---p 00000000 00:00 0 
7bf33c000000-7bf33c021000 rw-p 00000000 00:00 0 
7bf33c021000-7bf340000000 ---p 00000000 00:00 0 
7bf340000000-7bf340021000 rw-p 00000000 00:00 0 
7bf340021000-7bf344000000 ---p 00000000 00:00 0 
7bf344000000-7bf344021000 rw-p 00000000 00:00 0 
7bf344021000-7bf348000000 ---p 00000000 00:00 0 
7bf348000000-7bf348021000 rw-p 00000000 00:00 0 
7bf348021000-7bf34c000000 ---p 00000000 00:00 0 
7bf34c000000-7bf34c021000 rw-p 00000000 00:00 0 
7bf34c021000-7bf350000000 ---p 00000000 00:00 0 
7bf3500fd000-7bf3500fe000 ---p 00000000 00:00 0 
7bf3500fe000-7bf350102000 ---p 00000000 00:00 0 
7bf350102000-7bf3501fe000 rw-p 00000000 00:00 0 
7bf3501fe000-7bf3501ff000 ---p 00000000 00:00 0 
7bf3501ff000-7bf3502ff000 rw-p 00000000 00:00 0 
7bf3502ff000-7bf350300000 ---p 00000000 00:00 0 
7bf350300000-7bf350400000 rw-p 00000000 00:00 0 
7bf350400000-7bf350449000 r-xp 00000000 103:06 10251275                  /home/aleksei/.javacpp/cache/openblas-0.3.13-1.5.5-linux-x86_64.jar/org/bytedeco/openblas/linux-x86_64/libjniopenblas_nolapack.so
7bf350449000-7bf350649000 ---p 00049000 103:06 10251275                  /home/aleksei/.javacpp/cache/openblas-0.3.13-1.5.5-linux-x86_64.jar/org/bytedeco/openblas/linux-x86_64/libjniopenblas_nolapack.so
7bf350649000-7bf35064a000 r--p 00049000 103:06 10251275                  /home/aleksei/.javacpp/cache/openblas-0.3.13-1.5.5-linux-x86_64.jar/org/bytedeco/openblas/linux-x86_64/libjniopenblas_nolapack.so
7bf35064a000-7bf35064b000 rw-p 0004a000 103:06 10251275                  /home/aleksei/.javacpp/cache/openblas-0.3.13-1.5.5-linux-x86_64.jar/org/bytedeco/openblas/linux-x86_64/libjniopenblas_nolapack.so
7bf3506ff000-7bf350700000 ---p 00000000 00:00 0 
7bf350700000-7bf350800000 rw-p 00000000 00:00 0 
7bf350800000-7bf3524fc000 r-xp 00000000 103:06 10251272                  /home/aleksei/.javacpp/cache/openblas-0.3.13-1.5.5-linux-x86_64.jar/org/bytedeco/openblas/linux-x86_64/libopenblas_nolapack.so.0
7bf3524fc000-7bf3526fc000 ---p 01cfc000 103:06 10251272                  /home/aleksei/.javacpp/cache/openblas-0.3.13-1.5.5-linux-x86_64.jar/org/bytedeco/openblas/linux-x86_64/libopenblas_nolapack.so.0
7bf3526fc000-7bf352702000 r--p 01cfc000 103:06 10251272                  /home/aleksei/.javacpp/cache/openblas-0.3.13-1.5.5-linux-x86_64.jar/org/bytedeco/openblas/linux-x86_64/libopenblas_nolapack.so.0
7bf352702000-7bf352718000 rw-p 01d02000 103:06 10251272                  /home/aleksei/.javacpp/cache/openblas-0.3.13-1.5.5-linux-x86_64.jar/org/bytedeco/openblas/linux-x86_64/libopenblas_nolapack.so.0
7bf352718000-7bf352724000 rw-p 00000000 00:00 0 
7bf352800000-7bf35296c000 r-xp 00000000 103:06 10250393                  /home/aleksei/.javacpp/cache/openblas-0.3.13-1.5.5-linux-x86_64.jar/org/bytedeco/openblas/linux-x86_64/libgfortran.so.4
7bf35296c000-7bf352b6b000 ---p 0016c000 103:06 10250393                  /home/aleksei/.javacpp/cache/openblas-0.3.13-1.5.5-linux-x86_64.jar/org/bytedeco/openblas/linux-x86_64/libgfortran.so.4
7bf352b6b000-7bf352b6e000 rw-p 0016b000 103:06 10250393                  /home/aleksei/.javacpp/cache/openblas-0.3.13-1.5.5-linux-x86_64.jar/org/bytedeco/openblas/linux-x86_64/libgfortran.so.4
7bf352c00000-7bf352c1c000 r--p 00000000 103:06 12063993                  /usr/lib/libgfortran.so.5.0.0
7bf352c1c000-7bf352ef9000 r-xp 0001c000 103:06 12063993                  /usr/lib/libgfortran.so.5.0.0
7bf352ef9000-7bf352f23000 r--p 002f9000 103:06 12063993                  /usr/lib/libgfortran.so.5.0.0
7bf352f23000-7bf352f25000 r--p 00323000 103:06 12063993                  /usr/lib/libgfortran.so.5.0.0
7bf352f25000-7bf352f26000 rw-p 00325000 103:06 12063993                  /usr/lib/libgfortran.so.5.0.0
7bf353000000-7bf3531b0000 rw-p 00000000 00:00 0 
7bf3531b0000-7bf353400000 ---p 00000000 00:00 0 
7bf353400000-7bf3534a0000 rw-p 00000000 00:00 0 
7bf3534a0000-7bf353ac0000 rw-p 00000000 00:00 0 
7bf353ac0000-7bf357000000 ---p 00000000 00:00 0 
7bf357000000-7bf357d2e000 rw-p 00001000 103:06 10757205                  /home/aleksei/App/ideaIC-2025.1.2/idea-IC-251.26094.121/jbr/lib/server/classes.jsa
7bf357d2e000-7bf358000000 ---p 00000000 00:00 0 
7bf358000000-7bf358040000 rw-p 00000000 00:00 0 
7bf358040000-7bf358060000 rw-p 00000000 00:00 0 
7bf358060000-7bf358080000 ---p 00000000 00:00 0 
7bf358080000-7bf3580a0000 rw-p 00000000 00:00 0 
7bf3580a0000-7bf398000000 ---p 00000000 00:00 0 
7bf398000000-7bf398021000 rw-p 00000000 00:00 0 
7bf398021000-7bf39c000000 ---p 00000000 00:00 0 
7bf39c000000-7bf39c021000 rw-p 00000000 00:00 0 
7bf39c021000-7bf3a0000000 ---p 00000000 00:00 0 
7bf3a0000000-7bf3a0021000 rw-p 00000000 00:00 0 
7bf3a0021000-7bf3a4000000 ---p 00000000 00:00 0 
7bf3a40ff000-7bf3a4100000 ---p 00000000 00:00 0 
7bf3a4100000-7bf3a4200000 rw-p 00000000 00:00 0 
7bf3a4200000-7bf3a423f000 r-xp 00000000 103:06 10250391                  /home/aleksei/.javacpp/cache/openblas-0.3.13-1.5.5-linux-x86_64.jar/org/bytedeco/openblas/linux-x86_64/libquadmath.so.0
7bf3a423f000-7bf3a443e000 ---p 0003f000 103:06 10250391                  /home/aleksei/.javacpp/cache/openblas-0.3.13-1.5.5-linux-x86_64.jar/org/bytedeco/openblas/linux-x86_64/libquadmath.so.0
7bf3a443e000-7bf3a443f000 rw-p 0003e000 103:06 10250391                  /home/aleksei/.javacpp/cache/openblas-0.3.13-1.5.5-linux-x86_64.jar/org/bytedeco/openblas/linux-x86_64/libquadmath.so.0
7bf3a44ff000-7bf3a4500000 ---p 00000000 00:00 0 
7bf3a4500000-7bf3a4504000 ---p 00000000 00:00 0 
7bf3a4504000-7bf3a4600000 rw-p 00000000 00:00 0 
7bf3a4600000-7bf3a4616000 r-xp 00000000 103:06 10250389                  /home/aleksei/.javacpp/cache/openblas-0.3.13-1.5.5-linux-x86_64.jar/org/bytedeco/openblas/linux-x86_64/libgcc_s.so.1
7bf3a4616000-7bf3a4815000 ---p 00016000 103:06 10250389                  /home/aleksei/.javacpp/cache/openblas-0.3.13-1.5.5-linux-x86_64.jar/org/bytedeco/openblas/linux-x86_64/libgcc_s.so.1
7bf3a4815000-7bf3a4816000 rw-p 00015000 103:06 10250389                  /home/aleksei/.javacpp/cache/openblas-0.3.13-1.5.5-linux-x86_64.jar/org/bytedeco/openblas/linux-x86_64/libgcc_s.so.1
7bf3a48ff000-7bf3a4900000 ---p 00000000 00:00 0 
7bf3a4900000-7bf3a4904000 ---p 00000000 00:00 0 
7bf3a4904000-7bf3a4a00000 rw-p 00000000 00:00 0 
7bf3a4a00000-7bf3a4a97000 r--p 00000000 103:06 12065959                  /usr/lib/libstdc++.so.6.0.33
7bf3a4a97000-7bf3a4be4000 r-xp 00097000 103:06 12065959                  /usr/lib/libstdc++.so.6.0.33
7bf3a4be4000-7bf3a4c74000 r--p 001e4000 103:06 12065959                  /usr/lib/libstdc++.so.6.0.33
7bf3a4c74000-7bf3a4c81000 r--p 00274000 103:06 12065959                  /usr/lib/libstdc++.so.6.0.33
7bf3a4c81000-7bf3a4c82000 rw-p 00281000 103:06 12065959                  /usr/lib/libstdc++.so.6.0.33
7bf3a4c82000-7bf3a4c86000 rw-p 00000000 00:00 0 
7bf3a4cff000-7bf3a4d00000 ---p 00000000 00:00 0 
7bf3a4d00000-7bf3a4d04000 ---p 00000000 00:00 0 
7bf3a4d04000-7bf3a4e00000 rw-p 00000000 00:00 0 
7bf3a4e00000-7bf3a4e0d000 r-xp 00000000 103:06 10250383                  /home/aleksei/.javacpp/cache/javacpp-1.5.5-linux-x86_64.jar/org/bytedeco/javacpp/linux-x86_64/libjnijavacpp.so
7bf3a4e0d000-7bf3a500c000 ---p 0000d000 103:06 10250383                  /home/aleksei/.javacpp/cache/javacpp-1.5.5-linux-x86_64.jar/org/bytedeco/javacpp/linux-x86_64/libjnijavacpp.so
7bf3a500c000-7bf3a500d000 r--p 0000c000 103:06 10250383                  /home/aleksei/.javacpp/cache/javacpp-1.5.5-linux-x86_64.jar/org/bytedeco/javacpp/linux-x86_64/libjnijavacpp.so
7bf3a500d000-7bf3a500e000 rw-p 0000d000 103:06 10250383                  /home/aleksei/.javacpp/cache/javacpp-1.5.5-linux-x86_64.jar/org/bytedeco/javacpp/linux-x86_64/libjnijavacpp.so
7bf3a50f5000-7bf3a50f6000 ---p 00000000 00:00 0 
7bf3a50f6000-7bf3a50fa000 ---p 00000000 00:00 0 
7bf3a50fa000-7bf3a51f6000 rw-p 00000000 00:00 0 
7bf3a51f6000-7bf3a51f7000 ---p 00000000 00:00 0 
7bf3a51f7000-7bf3a51fb000 ---p 00000000 00:00 0 
7bf3a51fb000-7bf3a52f7000 rw-p 00000000 00:00 0 
7bf3a52f7000-7bf3a52f8000 ---p 00000000 00:00 0 
7bf3a52f8000-7bf3a52fc000 ---p 00000000 00:00 0 
7bf3a52fc000-7bf3a53f8000 rw-p 00000000 00:00 0 
7bf3a53f8000-7bf3a53f9000 ---p 00000000 00:00 0 
7bf3a53f9000-7bf3a53fd000 ---p 00000000 00:00 0 
7bf3a53fd000-7bf3a54f9000 rw-p 00000000 00:00 0 
7bf3a54f9000-7bf3a54fa000 ---p 00000000 00:00 0 
7bf3a54fa000-7bf3a54fe000 ---p 00000000 00:00 0 
7bf3a54fe000-7bf3a55fa000 rw-p 00000000 00:00 0 
7bf3a55fa000-7bf3a55fb000 ---p 00000000 00:00 0 
7bf3a55fb000-7bf3a55ff000 ---p 00000000 00:00 0 
7bf3a55ff000-7bf3a56fb000 rw-p 00000000 00:00 0 
7bf3a56fb000-7bf3a56fc000 ---p 00000000 00:00 0 
7bf3a56fc000-7bf3a5700000 ---p 00000000 00:00 0 
7bf3a5700000-7bf3a57fc000 rw-p 00000000 00:00 0 
7bf3a57fc000-7bf3a57fd000 ---p 00000000 00:00 0 
7bf3a57fd000-7bf3a5801000 ---p 00000000 00:00 0 
7bf3a5801000-7bf3a58fd000 rw-p 00000000 00:00 0 
7bf3a58fd000-7bf3a58fe000 ---p 00000000 00:00 0 
7bf3a58fe000-7bf3a5902000 ---p 00000000 00:00 0 
7bf3a5902000-7bf3a59fe000 rw-p 00000000 00:00 0 
7bf3a59fe000-7bf3a59ff000 ---p 00000000 00:00 0 
7bf3a59ff000-7bf3a5a03000 ---p 00000000 00:00 0 
7bf3a5a03000-7bf3a5aff000 rw-p 00000000 00:00 0 
7bf3a5aff000-7bf3a5b00000 ---p 00000000 00:00 0 
7bf3a5b00000-7bf3a5b04000 ---p 00000000 00:00 0 
7bf3a5b04000-7bf3a5c00000 rw-p 00000000 00:00 0 
7bf3a5c00000-7bf3a5eef000 r--p 00000000 103:06 12093564                  /usr/lib/locale/locale-archive
7bf3a5eff000-7bf3a5f00000 ---p 00000000 00:00 0 
7bf3a5f00000-7bf3a5f04000 ---p 00000000 00:00 0 
7bf3a5f04000-7bf3a6000000 rw-p 00000000 00:00 0 
7bf3a6000000-7bf3a8021000 rw-p 00000000 00:00 0 
7bf3a8021000-7bf3ac000000 ---p 00000000 00:00 0 
7bf3ac000000-7bf3ac021000 rw-p 00000000 00:00 0 
7bf3ac021000-7bf3b0000000 ---p 00000000 00:00 0 
7bf3b0000000-7bf3b0021000 rw-p 00000000 00:00 0 
7bf3b0021000-7bf3b4000000 ---p 00000000 00:00 0 
7bf3b4028000-7bf3b402c000 r--p 00000000 103:06 12063952                  /usr/lib/libgcc_s.so.1
7bf3b402c000-7bf3b4050000 r-xp 00004000 103:06 12063952                  /usr/lib/libgcc_s.so.1
7bf3b4050000-7bf3b4054000 r--p 00028000 103:06 12063952                  /usr/lib/libgcc_s.so.1
7bf3b4054000-7bf3b4055000 r--p 0002b000 103:06 12063952                  /usr/lib/libgcc_s.so.1
7bf3b4055000-7bf3b4056000 rw-p 0002c000 103:06 12063952                  /usr/lib/libgcc_s.so.1
7bf3b4056000-7bf3b4057000 ---p 00000000 00:00 0 
7bf3b4057000-7bf3b4157000 rw-p 00000000 00:00 0 
7bf3b4157000-7bf3b4158000 ---p 00000000 00:00 0 
7bf3b4158000-7bf3b4258000 rw-p 00000000 00:00 0 
7bf3b4372000-7bf3b43f3000 rw-p 00000000 00:00 0 
7bf3b43f3000-7bf3b43f4000 ---p 00000000 00:00 0 
7bf3b43f4000-7bf3b44f4000 rw-p 00000000 00:00 0 
7bf3b44f4000-7bf3b44f5000 ---p 00000000 00:00 0 
7bf3b44f5000-7bf3b45f5000 rw-p 00000000 00:00 0 
7bf3b45f5000-7bf3b54d0000 rw-p 00000000 00:00 0 
7bf3b54d0000-7bf3b8df8000 ---p 00000000 00:00 0 
7bf3b8df8000-7bf3b8e00000 rw-p 00000000 00:00 0 
7bf3b8e00000-7bf3b9070000 rwxp 00000000 00:00 0 
7bf3b9070000-7bf3c025f000 ---p 00000000 00:00 0 
7bf3c025f000-7bf3c066f000 rwxp 00000000 00:00 0 
7bf3c066f000-7bf3c09a0000 ---p 00000000 00:00 0 
7bf3c09a0000-7bf3c0c10000 rwxp 00000000 00:00 0 
7bf3c0c10000-7bf3c7e00000 ---p 00000000 00:00 0 
7bf3c7e00000-7bf3cbe63000 r--s 00000000 103:06 10757190                  /home/aleksei/App/ideaIC-2025.1.2/idea-IC-251.26094.121/jbr/lib/modules
7bf3cbea4000-7bf3cca3a000 rw-p 00000000 00:00 0 
7bf3cca3a000-7bf3d0000000 ---p 00000000 00:00 0 
7bf3d0022000-7bf3d0123000 rw-p 00000000 00:00 0 
7bf3d0123000-7bf3d0124000 ---p 00000000 00:00 0 
7bf3d0124000-7bf3d0224000 rw-p 00000000 00:00 0 
7bf3d0224000-7bf3d0225000 ---p 00000000 00:00 0 
7bf3d0225000-7bf3d0325000 rw-p 00000000 00:00 0 
7bf3d0325000-7bf3d0326000 ---p 00000000 00:00 0 
7bf3d0326000-7bf3d0426000 rw-p 00000000 00:00 0 
7bf3d0426000-7bf3d055b000 rw-p 00000000 00:00 0 
7bf3d055b000-7bf3d0c80000 ---p 00000000 00:00 0 
7bf3d0c80000-7bf3d0cfb000 rw-p 00000000 00:00 0 
7bf3d0cfb000-7bf3d1420000 ---p 00000000 00:00 0 
7bf3d1420000-7bf3d2133000 rw-p 00000000 00:00 0 
7bf3d2133000-7bf3d2217000 ---p 00000000 00:00 0 
7bf3d2217000-7bf3d221c000 rw-p 00000000 00:00 0 
7bf3d221c000-7bf3d2300000 ---p 00000000 00:00 0 
7bf3d2300000-7bf3d2304000 ---p 00000000 00:00 0 
7bf3d2304000-7bf3d2400000 rw-p 00000000 00:00 0 
7bf3d2400000-7bf3d26a3000 r--p 00000000 103:06 10757202                  /home/aleksei/App/ideaIC-2025.1.2/idea-IC-251.26094.121/jbr/lib/server/libjvm.so
7bf3d26a3000-7bf3d3511000 r-xp 002a3000 103:06 10757202                  /home/aleksei/App/ideaIC-2025.1.2/idea-IC-251.26094.121/jbr/lib/server/libjvm.so
7bf3d3511000-7bf3d37f7000 r--p 01111000 103:06 10757202                  /home/aleksei/App/ideaIC-2025.1.2/idea-IC-251.26094.121/jbr/lib/server/libjvm.so
7bf3d37f7000-7bf3d37f8000 ---p 013f7000 103:06 10757202                  /home/aleksei/App/ideaIC-2025.1.2/idea-IC-251.26094.121/jbr/lib/server/libjvm.so
7bf3d37f8000-7bf3d38cc000 r--p 013f7000 103:06 10757202                  /home/aleksei/App/ideaIC-2025.1.2/idea-IC-251.26094.121/jbr/lib/server/libjvm.so
7bf3d38cc000-7bf3d38fc000 rw-p 014cb000 103:06 10757202                  /home/aleksei/App/ideaIC-2025.1.2/idea-IC-251.26094.121/jbr/lib/server/libjvm.so
7bf3d38fc000-7bf3d3972000 rw-p 00000000 00:00 0 
7bf3d3989000-7bf3d398a000 r--p 00000000 103:06 12191649                  /usr/share/locale/en_GB/LC_MESSAGES/libc.mo
7bf3d398a000-7bf3d3991000 r--s 00000000 103:06 12093565                  /usr/lib/gconv/gconv-modules.cache
7bf3d3991000-7bf3d3994000 r--p 00000000 103:06 10757193                  /home/aleksei/App/ideaIC-2025.1.2/idea-IC-251.26094.121/jbr/lib/libnet.so
7bf3d3994000-7bf3d399c000 r-xp 00003000 103:06 10757193                  /home/aleksei/App/ideaIC-2025.1.2/idea-IC-251.26094.121/jbr/lib/libnet.so
7bf3d399c000-7bf3d399e000 r--p 0000b000 103:06 10757193                  /home/aleksei/App/ideaIC-2025.1.2/idea-IC-251.26094.121/jbr/lib/libnet.so
7bf3d399e000-7bf3d399f000 ---p 0000d000 103:06 10757193                  /home/aleksei/App/ideaIC-2025.1.2/idea-IC-251.26094.121/jbr/lib/libnet.so
7bf3d399f000-7bf3d39a0000 r--p 0000d000 103:06 10757193                  /home/aleksei/App/ideaIC-2025.1.2/idea-IC-251.26094.121/jbr/lib/libnet.so
7bf3d39a0000-7bf3d39a1000 rw-p 00000000 00:00 0 
7bf3d39a1000-7bf3d39a8000 r--p 00000000 103:06 10757213                  /home/aleksei/App/ideaIC-2025.1.2/idea-IC-251.26094.121/jbr/lib/libnio.so
7bf3d39a8000-7bf3d39b1000 r-xp 00007000 103:06 10757213                  /home/aleksei/App/ideaIC-2025.1.2/idea-IC-251.26094.121/jbr/lib/libnio.so
7bf3d39b1000-7bf3d39b5000 r--p 00010000 103:06 10757213                  /home/aleksei/App/ideaIC-2025.1.2/idea-IC-251.26094.121/jbr/lib/libnio.so
7bf3d39b5000-7bf3d39b6000 ---p 00014000 103:06 10757213                  /home/aleksei/App/ideaIC-2025.1.2/idea-IC-251.26094.121/jbr/lib/libnio.so
7bf3d39b6000-7bf3d39b7000 r--p 00014000 103:06 10757213                  /home/aleksei/App/ideaIC-2025.1.2/idea-IC-251.26094.121/jbr/lib/libnio.so
7bf3d39b7000-7bf3d39b8000 rw-p 00015000 103:06 10757213                  /home/aleksei/App/ideaIC-2025.1.2/idea-IC-251.26094.121/jbr/lib/libnio.so
7bf3d39b8000-7bf3d39ba000 r--p 00000000 103:06 10757174                  /home/aleksei/App/ideaIC-2025.1.2/idea-IC-251.26094.121/jbr/lib/libzip.so
7bf3d39ba000-7bf3d39be000 r-xp 00002000 103:06 10757174                  /home/aleksei/App/ideaIC-2025.1.2/idea-IC-251.26094.121/jbr/lib/libzip.so
7bf3d39be000-7bf3d39c0000 r--p 00006000 103:06 10757174                  /home/aleksei/App/ideaIC-2025.1.2/idea-IC-251.26094.121/jbr/lib/libzip.so
7bf3d39c0000-7bf3d39c1000 r--p 00007000 103:06 10757174                  /home/aleksei/App/ideaIC-2025.1.2/idea-IC-251.26094.121/jbr/lib/libzip.so
7bf3d39c1000-7bf3d3a0c000 rw-p 00000000 00:00 0 
7bf3d3a0c000-7bf3d3a12000 ---p 00000000 00:00 0 
7bf3d3a12000-7bf3d3a1f000 r--p 00000000 103:06 10757191                  /home/aleksei/App/ideaIC-2025.1.2/idea-IC-251.26094.121/jbr/lib/libjava.so
7bf3d3a1f000-7bf3d3a2d000 r-xp 0000d000 103:06 10757191                  /home/aleksei/App/ideaIC-2025.1.2/idea-IC-251.26094.121/jbr/lib/libjava.so
7bf3d3a2d000-7bf3d3a32000 r--p 0001b000 103:06 10757191                  /home/aleksei/App/ideaIC-2025.1.2/idea-IC-251.26094.121/jbr/lib/libjava.so
7bf3d3a32000-7bf3d3a33000 ---p 00020000 103:06 10757191                  /home/aleksei/App/ideaIC-2025.1.2/idea-IC-251.26094.121/jbr/lib/libjava.so
7bf3d3a33000-7bf3d3a34000 r--p 00020000 103:06 10757191                  /home/aleksei/App/ideaIC-2025.1.2/idea-IC-251.26094.121/jbr/lib/libjava.so
7bf3d3a34000-7bf3d3a35000 rw-p 00021000 103:06 10757191                  /home/aleksei/App/ideaIC-2025.1.2/idea-IC-251.26094.121/jbr/lib/libjava.so
7bf3d3a35000-7bf3d3a36000 rw-p 00000000 00:00 0 
7bf3d3a36000-7bf3d3a45000 r--p 00000000 103:06 12071231                  /usr/lib/libm.so.6
7bf3d3a45000-7bf3d3acb000 r-xp 0000f000 103:06 12071231                  /usr/lib/libm.so.6
7bf3d3acb000-7bf3d3b2c000 r--p 00095000 103:06 12071231                  /usr/lib/libm.so.6
7bf3d3b2c000-7bf3d3b2d000 r--p 000f5000 103:06 12071231                  /usr/lib/libm.so.6
7bf3d3b2d000-7bf3d3b2e000 rw-p 000f6000 103:06 12071231                  /usr/lib/libm.so.6
7bf3d3b2e000-7bf3d3b2f000 r--p 00000000 103:06 12073204                  /usr/lib/librt.so.1
7bf3d3b2f000-7bf3d3b30000 r-xp 00001000 103:06 12073204                  /usr/lib/librt.so.1
7bf3d3b30000-7bf3d3b31000 r--p 00002000 103:06 12073204                  /usr/lib/librt.so.1
7bf3d3b31000-7bf3d3b32000 r--p 00002000 103:06 12073204                  /usr/lib/librt.so.1
7bf3d3b32000-7bf3d3b33000 rw-p 00003000 103:06 12073204                  /usr/lib/librt.so.1
7bf3d3b33000-7bf3d3b37000 rw-p 00000000 00:00 0 
7bf3d3b37000-7bf3d3b5b000 r--p 00000000 103:06 12071221                  /usr/lib/libc.so.6
7bf3d3b5b000-7bf3d3ccc000 r-xp 00024000 103:06 12071221                  /usr/lib/libc.so.6
7bf3d3ccc000-7bf3d3d1b000 r--p 00195000 103:06 12071221                  /usr/lib/libc.so.6
7bf3d3d1b000-7bf3d3d1f000 r--p 001e3000 103:06 12071221                  /usr/lib/libc.so.6
7bf3d3d1f000-7bf3d3d21000 rw-p 001e7000 103:06 12071221                  /usr/lib/libc.so.6
7bf3d3d21000-7bf3d3d29000 rw-p 00000000 00:00 0 
7bf3d3d29000-7bf3d3d2a000 r--p 00000000 103:06 12071226                  /usr/lib/libdl.so.2
7bf3d3d2a000-7bf3d3d2b000 r-xp 00001000 103:06 12071226                  /usr/lib/libdl.so.2
7bf3d3d2b000-7bf3d3d2c000 r--p 00002000 103:06 12071226                  /usr/lib/libdl.so.2
7bf3d3d2c000-7bf3d3d2d000 r--p 00002000 103:06 12071226                  /usr/lib/libdl.so.2
7bf3d3d2d000-7bf3d3d2e000 rw-p 00003000 103:06 12071226                  /usr/lib/libdl.so.2
7bf3d3d2e000-7bf3d3d2f000 r--p 00000000 103:06 12073198                  /usr/lib/libpthread.so.0
7bf3d3d2f000-7bf3d3d30000 r-xp 00001000 103:06 12073198                  /usr/lib/libpthread.so.0
7bf3d3d30000-7bf3d3d31000 r--p 00002000 103:06 12073198                  /usr/lib/libpthread.so.0
7bf3d3d31000-7bf3d3d32000 r--p 00002000 103:06 12073198                  /usr/lib/libpthread.so.0
7bf3d3d32000-7bf3d3d33000 rw-p 00003000 103:06 12073198                  /usr/lib/libpthread.so.0
7bf3d3d33000-7bf3d3d35000 r--p 00000000 103:06 10757047                  /home/aleksei/App/ideaIC-2025.1.2/idea-IC-251.26094.121/jbr/lib/libjli.so
7bf3d3d35000-7bf3d3d3f000 r-xp 00002000 103:06 10757047                  /home/aleksei/App/ideaIC-2025.1.2/idea-IC-251.26094.121/jbr/lib/libjli.so
7bf3d3d3f000-7bf3d3d42000 r--p 0000c000 103:06 10757047                  /home/aleksei/App/ideaIC-2025.1.2/idea-IC-251.26094.121/jbr/lib/libjli.so
7bf3d3d42000-7bf3d3d43000 ---p 0000f000 103:06 10757047                  /home/aleksei/App/ideaIC-2025.1.2/idea-IC-251.26094.121/jbr/lib/libjli.so
7bf3d3d43000-7bf3d3d44000 r--p 0000f000 103:06 10757047                  /home/aleksei/App/ideaIC-2025.1.2/idea-IC-251.26094.121/jbr/lib/libjli.so
7bf3d3d44000-7bf3d3d45000 rw-p 00010000 103:06 10757047                  /home/aleksei/App/ideaIC-2025.1.2/idea-IC-251.26094.121/jbr/lib/libjli.so
7bf3d3d45000-7bf3d3d48000 r--p 00000000 103:06 12066069                  /usr/lib/libz.so.1.3.1
7bf3d3d48000-7bf3d3d56000 r-xp 00003000 103:06 12066069                  /usr/lib/libz.so.1.3.1
7bf3d3d56000-7bf3d3d5c000 r--p 00011000 103:06 12066069                  /usr/lib/libz.so.1.3.1
7bf3d3d5c000-7bf3d3d5d000 r--p 00017000 103:06 12066069                  /usr/lib/libz.so.1.3.1
7bf3d3d5d000-7bf3d3d5e000 rw-p 00018000 103:06 12066069                  /usr/lib/libz.so.1.3.1
7bf3d3d5e000-7bf3d3d66000 rw-s 00000000 00:24 397                        /tmp/hsperfdata_aleksei/69566
7bf3d3d66000-7bf3d3d67000 ---p 00000000 00:00 0 
7bf3d3d67000-7bf3d3d68000 r--p 00000000 00:00 0 
7bf3d3d68000-7bf3d3d69000 ---p 00000000 00:00 0 
7bf3d3d69000-7bf3d3d6c000 r--p 00000000 103:06 10757054                  /home/aleksei/App/ideaIC-2025.1.2/idea-IC-251.26094.121/jbr/lib/libjimage.so
7bf3d3d6c000-7bf3d3d80000 r-xp 00003000 103:06 10757054                  /home/aleksei/App/ideaIC-2025.1.2/idea-IC-251.26094.121/jbr/lib/libjimage.so
7bf3d3d80000-7bf3d3d86000 r--p 00017000 103:06 10757054                  /home/aleksei/App/ideaIC-2025.1.2/idea-IC-251.26094.121/jbr/lib/libjimage.so
7bf3d3d86000-7bf3d3d88000 r--p 0001c000 103:06 10757054                  /home/aleksei/App/ideaIC-2025.1.2/idea-IC-251.26094.121/jbr/lib/libjimage.so
7bf3d3d88000-7bf3d3d89000 rw-p 0001e000 103:06 10757054                  /home/aleksei/App/ideaIC-2025.1.2/idea-IC-251.26094.121/jbr/lib/libjimage.so
7bf3d3d89000-7bf3d3d8b000 rw-p 00000000 00:00 0 
7bf3d3d8b000-7bf3d3d8f000 r--p 00000000 00:00 0                          [vvar]
7bf3d3d8f000-7bf3d3d91000 r-xp 00000000 00:00 0                          [vdso]
7bf3d3d91000-7bf3d3d92000 r--p 00000000 103:06 12071212                  /usr/lib/ld-linux-x86-64.so.2
7bf3d3d92000-7bf3d3dbb000 r-xp 00001000 103:06 12071212                  /usr/lib/ld-linux-x86-64.so.2
7bf3d3dbb000-7bf3d3dc6000 r--p 0002a000 103:06 12071212                  /usr/lib/ld-linux-x86-64.so.2
7bf3d3dc6000-7bf3d3dc8000 r--p 00034000 103:06 12071212                  /usr/lib/ld-linux-x86-64.so.2
7bf3d3dc8000-7bf3d3dc9000 rw-p 00036000 103:06 12071212                  /usr/lib/ld-linux-x86-64.so.2
7bf3d3dc9000-7bf3d3dca000 rw-p 00000000 00:00 0 
7ffce6e4a000-7ffce6e6d000 rw-p 00000000 00:00 0                          [stack]
ffffffffff600000-ffffffffff601000 --xp 00000000 00:00 0                  [vsyscall]
Total number of mappings: 425


VM Arguments:
jvm_args: -Dfile.encoding=UTF-8 -Duser.country=GB -Duser.language=en -Duser.variant -Dawt.toolkit.name=XToolkit 
java_command: core.App
java_class_path (initial): /home/aleksei/Documents/spbu_study/pconv/build/classes/java/main:/home/aleksei/Documents/spbu_study/pconv/build/resources/main:/home/aleksei/.gradle/caches/modules-2/files-2.1/org.bytedeco/opencv-platform/4.5.1-1.5.5/d95b9cb9b23f3b2f3f186068777062d28430ea55/opencv-platform-4.5.1-1.5.5.jar:/home/aleksei/.gradle/caches/modules-2/files-2.1/org.bytedeco/openblas-platform/0.3.13-1.5.5/d79835fa1be959dca3b11f22c4f8bb7293cd4179/openblas-platform-0.3.13-1.5.5.jar:/home/aleksei/.gradle/caches/modules-2/files-2.1/org.bytedeco/opencv/4.5.1-1.5.5/fb962fa32b97d7cae58c840a009e1e25e8a9efb9/opencv-4.5.1-1.5.5.jar:/home/aleksei/.gradle/caches/modules-2/files-2.1/org.bytedeco/opencv/4.5.1-1.5.5/63b92909abf966336eb20c00ff8f9da178f3a088/opencv-4.5.1-1.5.5-android-arm.jar:/home/aleksei/.gradle/caches/modules-2/files-2.1/org.bytedeco/opencv/4.5.1-1.5.5/dc132fff689ce5da1a2d244f6060ee919f142941/opencv-4.5.1-1.5.5-android-arm64.jar:/home/aleksei/.gradle/caches/modules-2/files-2.1/org.bytedeco/opencv/4.5.1-1.5.5/7d2a61b3329291e770d2d607f0376c506119ba50/opencv-4.5.1-1.5.5-android-x86.jar:/home/aleksei/.gradle/caches/modules-2/files-2.1/org.bytedeco/opencv/4.5.1-1.5.5/7a9ec115628f1b996e5cc1e27d503030d8f00407/opencv-4.5.1-1.5.5-android-x86_64.jar:/home/aleksei/.gradle/caches/modules-2/files-2.1/org.bytedeco/opencv/4.5.1-1.5.5/73a7cdd7c572a170c7d14d63eb9549e5b2a79323/opencv-4.5.1-1.5.5-ios-arm64.jar:/home/aleksei/.gradle/caches/modules-2/files-2.1/org.bytedeco/opencv/4.5.1-1.5.5/553e06bebc01739f9da600448377c998c450a283/opencv-4.5.1-1.5.5-ios-x86_64.jar:/home/aleksei/.gradle/caches/modules-2/files-2.1/org.bytedeco/opencv/4.5.1-1.5.5/fb8b3d1467046bac24508405acabc3db0643d581/opencv-4.5.1-1.5.5-linux-x86.jar:/home/aleksei/.gradle/caches/modules-2/files-2.1/org.bytedeco/opencv/4.5.1-1.5.5/25b04906df9c60ae57ea8c45012cb20d36086299/opencv-4.5.1-1.5.5-linux-x86_64.jar:/home/aleksei/.gradle/caches/modules-2/files-2.1/org.bytedeco/opencv/4.5.1-1.5.5/d938362aa23446abe36a3e274816f42601467a4f/opencv-4.5.1-1.5.5-linux-armhf.jar:/home/aleksei/.gradle/caches/modules-2/files-2.1/org.bytedeco/opencv/4.5.1-1.5.5/4a0c4355ad2d8e321440245250b62da515f3ae14/opencv-4.5.1-1.5.5-linux-arm64.jar:/home/aleksei/.gradle/caches/modules-2/files-2.1/org.bytedeco/opencv/4.5.1-1.5.5/b813303169072935cb14fb5987ecc8f92e1eae34/opencv-4.5.1-1.5.5-linux-ppc64le.jar:/home/aleksei/.gradle/caches/modules-2/files-2.1/org.bytedeco/opencv/4.5.1-1.5.5/a079d9d2aff9af6e11456e071fc2e122cbd8d94b/opencv-4.5.1-1.5.5-macosx-x86_64.jar:/home/aleksei/.gradle/caches/modules-2/files-2.1/org.bytedeco/opencv/4.5.1-1.5.5/6aa51b0161dfdfde81e43015042447da868a834c/opencv-4.5.1-1.5.5-windows-x86.jar:/home/aleksei/.gradle/caches/modules-2/files-2.1/org.bytedeco/opencv/4.5.1-1.5.5/33097aa8cb366539340e5e9fd2ef36ea1303ad65/opencv-4.5.1-1.5.5-windows-x86_64.jar:/home/aleksei/.gradle/caches/modules-2/files-2.1/org.bytedeco/javacpp-platform/1.5.5/ce1aae20dac967f042cd30d78e61c55af8477852/javacpp-platform-1.5.5.jar:/home/aleksei/.gradle/caches/modules-2/files-2.1/org.bytedeco/openblas/0.3.13-1.5.5/9dcba9271c67a29d273277ce44b1b91e7240754b/openblas-0.3.13-1.5.5.jar:/home/aleksei/.gradle/caches/modules-2/files-2.1/org.bytedeco/openblas/0.3.13-1.5.5/2ec94abc15c4343c1a1aac22ec506428ba2de0a8/openblas-0.3.13-1.5.5-android-arm.jar:/home/aleksei/.gradle/caches/modules-2/files-2.1/org.bytedeco/openblas/0.3.13-1.5.5/f89e3bf3da02cfea77828873a3e4cf6cf481136c/openblas-0.3.13-1.5.5-android-arm64.jar:/home/aleksei/.gradle/caches/modules-2/files-2.1/org.bytedeco/openblas/0.3.13-1.5.5/12b9d8fdab5894901c3ca75c37bcb4dfab8dbbba/openblas-0.3.13-1.5.5-android-x86.jar:/home/aleksei/.gradle/caches/modules-2/files-2.1/org.bytedeco/openblas/0.3.13-1.5.5/c4fcdf66d92dd4f2da7e2ad61df8c21130c622df/openblas-0.3.13-1.5.5-android-x86_64.jar:/home/aleksei/.gradle/caches/modules-2/files-2.1/org.bytedeco/openblas/0.3.13-1.5.5/6e4a768da2bf4c9979ed688a0f9b1afa25831ebb/openblas-0.3.13-1.5.5-ios-arm64.jar:/home/aleksei/.gradle/caches/modules-2/files-2.1/org.bytedeco/openblas/0.3.13-1.5.5/a065f80bd93d871cc4ce67e241987055af3edd00/openblas-0.3.13-1.5.5-ios-x86_64.jar:/home/aleksei/.gradle/caches/modules-2/files-2.1/org.bytedeco/openblas/0.3.13-1.5.5/7e534273ba7ecbe50c9ffa66363e83299ad6501f/openblas-0.3.13-1.5.5-linux-x86.jar:/home/aleksei/.gradle/caches/modules-2/files-2.1/org.bytedeco/openblas/0.3.13-1.5.5/80fbca129017f61f5767291da018b394f9a2dec3/openblas-0.3.13-1.5.5-linux-x86_64.jar:/home/aleksei/.gradle/caches/modules-2/files-2.1/org.bytedeco/openblas/0.3.13-1.5.5/25917895cc4d047728ce0f6edd010507123d16b3/openblas-0.3.13-1.5.5-linux-armhf.jar:/home/aleksei/.gradle/caches/modules-2/files-2.1/org.bytedeco/openblas/0.3.13-1.5.5/9084552cec07acaf2bc2889a4eaebed8bc48c8bc/openblas-0.3.13-1.5.5-linux-arm64.jar:/home/aleksei/.gradle/caches/modules-2/files-2.1/org.bytedeco/openblas/0.3.13-1.5.5/89146e024449ecf692aa17ae5fa2e90655aff33b/openblas-0.3.13-1.5.5-linux-ppc64le.jar:/home/aleksei/.gradle/caches/modules-2/files-2.1/org.bytedeco/openblas/0.3.13-1.5.5/e67413c8a139b87d8c6356549299bdc2343d7305/openblas-0.3.13-1.5.5-macosx-x86_64.jar:/home/aleksei/.gradle/caches/modules-2/files-2.1/org.bytedeco/openblas/0.3.13-1.5.5/f6f21392676ca7767e79a2db51dc4f66670148c6/openblas-0.3.13-1.5.5-windows-x86.jar:/home/aleksei/.gradle/caches/modules-2/files-2.1/org.bytedeco/openblas/0.3.13-1.5.5/67cf9aff479b0b153df1ab0387161f0a25d8b91f/openblas-0.3.13-1.5.5-windows-x86_64.jar:/home/aleksei/.gradle/caches/modules-2/files-2.1/org.bytedeco/javacpp/1.5.5/92e1c31aaed15a3dc12008859a37ced45fa0b730/javacpp-1.5.5.jar:/home/aleksei/.gradle/caches/modules-2/files-2.1/org.bytedeco/javacpp/1.5.5/3f4103dbc532617a91c176027bd2b52bd95a8929/javacpp-1.5.5-android-arm.jar:/home/aleksei/.gradle/caches/modules-2/files-2.1/org.bytedeco/javacpp/1.5.5/594f1483d24d1a489de29cf7b16cc19b60dbd9f0/javacpp-1.5.5-android-arm64.jar:/home/aleksei/.gradle/caches/modules-2/files-2.1/org.bytedeco/javacpp/1.5.5/42374db77c7c7f1d8620a85c26fbbc14b9c8bcd4/javacpp-1.5.5-android-x86.jar:/home/aleksei/.gradle/caches/modules-2/files-2.1/org.bytedeco/javacpp/1.5.5/82d31939f4ebd6ab9f8e547830ef721340c7c1b7/javacpp-1.5.5-android-x86_64.jar:/home/aleksei/.gradle/caches/modules-2/files-2.1/org.bytedeco/javacpp/1.5.5/9b22365a060f2e3b5bec2ff5f5f6d75ea2962eef/javacpp-1.5.5-ios-arm64.jar:/home/aleksei/.gradle/caches/modules-2/files-2.1/org.bytedeco/javacpp/1.5.5/ee20a88e18d635cc62869a20204e37cc68f6efe4/javacpp-1.5.5-ios-x86_64.jar:/home/aleksei/.gradle/caches/modules-2/files-2.1/org.bytedeco/javacpp/1.5.5/d45afe724f6c373c8070ecd3e955858dc9bbd544/javacpp-1.5.5-linux-armhf.jar:/home/aleksei/.gradle/caches/modules-2/files-2.1/org.bytedeco/javacpp/1.5.5/7397da1ad8ed5a08e8f6d389452ee0fb19bf2bcc/javacpp-1.5.5-linux-arm64.jar:/home/aleksei/.gradle/caches/modules-2/files-2.1/org.bytedeco/javacpp/1.5.5/59e6cae70d93093c8f8909f563f1360c44789c3b/javacpp-1.5.5-linux-ppc64le.jar:/home/aleksei/.gradle/caches/modules-2/files-2.1/org.bytedeco/javacpp/1.5.5/262e581c536a83501f10ddfdcc0f2e83a1a60e10/javacpp-1.5.5-linux-x86.jar:/home/aleksei/.gradle/caches/modules-2/files-2.1/org.bytedeco/javacpp/1.5.5/e5f16ef28a056fe6c0f1c26a6a02f2dc94ce0693/javacpp-1.5.5-linux-x86_64.jar:/home/aleksei/.gradle/caches/modules-2/files-2.1/org.bytedeco/javacpp/1.5.5/1ed7d9a0059182448149115cf13842e83533cfa/javacpp-1.5.5-macosx-arm64.jar:/home/aleksei/.gradle/caches/modules-2/files-2.1/org.bytedeco/javacpp/1.5.5/3525246f3ef45f824fa04004c370f35589730398/javacpp-1.5.5-macosx-x86_64.jar:/home/aleksei/.gradle/caches/modules-2/files-2.1/org.bytedeco/javacpp/1.5.5/9d6da1103af76d7f21c6f644862ab26035c0e05/javacpp-1.5.5-windows-x86.jar:/home/aleksei/.gradle/caches/modules-2/files-2.1/org.bytedeco/javacpp/1.5.5/bdcd2b6a12b6222c50edfbf6e1f46e37ffff73bf/javacpp-1.5.5-windows-x86_64.jar
Launcher Type: SUN_STANDARD

[Global flags]
     intx CICompilerCount                          = 12                                        {product} {ergonomic}
     uint ConcGCThreads                            = 3                                         {product} {ergonomic}
     uint G1ConcRefinementThreads                  = 13                                        {product} {ergonomic}
   size_t G1HeapRegionSize                         = 2097152                                   {product} {ergonomic}
    uintx GCDrainStackTargetSize                   = 64                                        {product} {ergonomic}
   size_t InitialHeapSize                          = 255852544                                 {product} {ergonomic}
   size_t MarkStackSize                            = 4194304                                   {product} {ergonomic}
   size_t MaxHeapSize                              = 4093640704                                {product} {ergonomic}
   size_t MaxNewSize                               = 2455764992                                {product} {ergonomic}
   size_t MinHeapDeltaBytes                        = 2097152                                   {product} {ergonomic}
   size_t MinHeapSize                              = 8388608                                   {product} {ergonomic}
    uintx NonNMethodCodeHeapSize                   = 7602480                                {pd product} {ergonomic}
    uintx NonProfiledCodeHeapSize                  = 122027880                              {pd product} {ergonomic}
    uintx ProfiledCodeHeapSize                     = 122027880                              {pd product} {ergonomic}
    uintx ReservedCodeCacheSize                    = 251658240                              {pd product} {ergonomic}
     bool SegmentedCodeCache                       = true                                      {product} {ergonomic}
   size_t SoftMaxHeapSize                          = 4093640704                             {manageable} {ergonomic}
     bool UseCompressedOops                        = true                           {product lp64_product} {ergonomic}
     bool UseG1GC                                  = true                                      {product} {ergonomic}

Logging:
Log output configuration:
 #0: stdout all=warning uptime,level,tags foldmultilines=false
 #1: stderr all=off uptime,level,tags foldmultilines=false

Environment Variables:
PATH=/home/aleksei/.local/bin:/usr/local/bin:/usr/bin:/usr/local/sbin:/usr/lib/jvm/default/bin:/usr/bin/site_perl:/usr/bin/vendor_perl:/usr/bin/core_perl:/usr/lib/rustup/bin
USERNAME=aleksei
SHELL=/bin/bash
DISPLAY=:0
LANG=en_GB.UTF-8
LC_NUMERIC=ru_RU.UTF-8
LC_TIME=ru_RU.UTF-8

Active Locale:
LC_ALL=LC_CTYPE=en_GB.UTF-8;LC_NUMERIC=ru_RU.UTF-8;LC_TIME=ru_RU.UTF-8;LC_COLLATE=en_GB.UTF-8;LC_MONETARY=ru_RU.UTF-8;LC_MESSAGES=en_GB.UTF-8;LC_PAPER=ru_RU.UTF-8;LC_NAME=ru_RU.UTF-8;LC_ADDRESS=ru_RU.UTF-8;LC_TELEPHONE=ru_RU.UTF-8;LC_MEASUREMENT=ru_RU.UTF-8;LC_IDENTIFICATION=ru_RU.UTF-8
LC_COLLATE=en_GB.UTF-8
LC_CTYPE=en_GB.UTF-8
LC_MESSAGES=en_GB.UTF-8
LC_MONETARY=ru_RU.UTF-8
LC_NUMERIC=ru_RU.UTF-8
LC_TIME=ru_RU.UTF-8

Signal Handlers:
   SIGSEGV: crash_handler in libjvm.so, mask=11100100010111111101111111111110, flags=SA_RESTART|SA_SIGINFO, unblocked
    SIGBUS: crash_handler in libjvm.so, mask=11100100010111111101111111111110, flags=SA_RESTART|SA_SIGINFO, unblocked
    SIGFPE: crash_handler in libjvm.so, mask=11100100010111111101111111111110, flags=SA_RESTART|SA_SIGINFO, unblocked
   SIGPIPE: javaSignalHandler in libjvm.so, mask=11100100010111111101111111111110, flags=SA_RESTART|SA_SIGINFO, blocked
   SIGXFSZ: javaSignalHandler in libjvm.so, mask=11100100010111111101111111111110, flags=SA_RESTART|SA_SIGINFO, blocked
    SIGILL: crash_handler in libjvm.so, mask=11100100010111111101111111111110, flags=SA_RESTART|SA_SIGINFO, unblocked
   SIGUSR2: SR_handler in libjvm.so, mask=00000000000000000000000000000000, flags=SA_RESTART|SA_SIGINFO, blocked
    SIGHUP: UserHandler in libjvm.so, mask=11100100010111111101111111111110, flags=SA_RESTART|SA_SIGINFO, blocked
    SIGINT: UserHandler in libjvm.so, mask=11100100010111111101111111111110, flags=SA_RESTART|SA_SIGINFO, blocked
   SIGTERM: UserHandler in libjvm.so, mask=11100100010111111101111111111110, flags=SA_RESTART|SA_SIGINFO, blocked
   SIGQUIT: UserHandler in libjvm.so, mask=11100100010111111101111111111110, flags=SA_RESTART|SA_SIGINFO, blocked
   SIGTRAP: crash_handler in libjvm.so, mask=11100100010111111101111111111110, flags=SA_RESTART|SA_SIGINFO, unblocked


Periodic native trim disabled

JNI global refs:
JNI global refs: 17, weak refs: 754

JNI global refs memory usage: 859, weak refs: 7873

Process memory usage:
Resident Set Size: 318612K (1% of 15984600K total physical memory with 4251964K free physical memory)

OOME stack traces (most recent first):
Classloader memory used:
Loader jdk.internal.loader.ClassLoaders$AppClassLoader                                 : 7149K
Loader bootstrap                                                                       : 1861K
Loader jdk.internal.loader.ClassLoaders$PlatformClassLoader                            : 18728B

---------------  S Y S T E M  ---------------

OS:
DISTRIB_ID="ManjaroLinux"
DISTRIB_RELEASE="25.0.0"
DISTRIB_CODENAME="Zetar"
DISTRIB_DESCRIPTION="Manjaro Linux"
uname: Linux 6.12.21-4-MANJARO #1 SMP PREEMPT_DYNAMIC Tue, 01 Apr 2025 18:45:30 +0000 x86_64
OS uptime: 0 days 2:56 hours
libc: glibc 2.41 NPTL 2.41 
rlimit (soft/hard): STACK 8192k/infinity , CORE infinity/infinity , NPROC 61811/61811 , NOFILE 524288/524288 , AS infinity/infinity , CPU infinity/infinity , DATA infinity/infinity , FSIZE infinity/infinity , MEMLOCK 8192k/8192k
load average: 0,66 0,74 0,84

/proc/meminfo:
MemTotal:       15984600 kB
MemFree:         1302396 kB
MemAvailable:    4251964 kB
Buffers:          113856 kB
Cached:          3899904 kB
SwapCached:         1000 kB
Active:         10944844 kB
Inactive:        2455124 kB
Active(anon):    9199492 kB
Inactive(anon):  1198672 kB
Active(file):    1745352 kB
Inactive(file):  1256452 kB
Unevictable:       82564 kB
Mlocked:              48 kB
SwapTotal:       4194300 kB
SwapFree:        4187388 kB
Zswap:                 0 kB
Zswapped:              0 kB
Dirty:               144 kB
Writeback:             0 kB
AnonPages:       9328504 kB
Mapped:          1660980 kB
Shmem:           1012320 kB
KReclaimable:     292692 kB
Slab:             499456 kB
SReclaimable:     292692 kB
SUnreclaim:       206764 kB
KernelStack:       30032 kB
PageTables:        65756 kB
SecPageTables:      2080 kB
NFS_Unstable:          0 kB
Bounce:                0 kB
WritebackTmp:          0 kB
CommitLimit:    12186600 kB
Committed_AS:   26661336 kB
VmallocTotal:   34359738367 kB
VmallocUsed:      177528 kB
VmallocChunk:          0 kB
Percpu:            12672 kB
HardwareCorrupted:     0 kB
AnonHugePages:   4704256 kB
ShmemHugePages:   798720 kB
ShmemPmdMapped:        0 kB
FileHugePages:    653312 kB
FilePmdMapped:    632832 kB
CmaTotal:              0 kB
CmaFree:               0 kB
Unaccepted:            0 kB
HugePages_Total:       0
HugePages_Free:        0
HugePages_Rsvd:        0
HugePages_Surp:        0
Hugepagesize:       2048 kB
Hugetlb:               0 kB
DirectMap4k:     1121012 kB
DirectMap2M:    15265792 kB
DirectMap1G:           0 kB

/sys/kernel/mm/transparent_hugepage/enabled: [always] madvise never
/sys/kernel/mm/transparent_hugepage/hpage_pmd_size: 2097152
/sys/kernel/mm/transparent_hugepage/defrag (defrag/compaction efforts parameter): always defer defer+madvise [madvise] never

Process Memory:
Virtual Size: 11865692K (peak: 11894828K)
Resident Set Size: 318612K (peak: 318612K) (anon: 260996K, file: 57616K, shmem: 0K)
Swapped out: 0K
C-Heap outstanding allocations: 46349K, retained: 51970K
glibc malloc tunables: (default)

/proc/sys/kernel/threads-max (system-wide limit on the number of threads): 123623
/proc/sys/vm/max_map_count (maximum number of memory map areas a process may have): 1048576
/proc/sys/vm/swappiness (control to define how aggressively the kernel swaps out anonymous memory): 60
/proc/sys/kernel/pid_max (system-wide limit on number of process identifiers): 4194304

container information not found.
Steal ticks since vm start: 0
Steal ticks percentage since vm start:  0,000

CPU: total 16 (initial active 16) (16 cores per cpu, 1 threads per core) family 6 model 154 stepping 3 microcode 0x436, cx8, cmov, fxsr, mmx, 3dnowpref, sse, sse2, sse3, ssse3, sse4.1, sse4.2, popcnt, lzcnt, tsc, tscinvbit, avx, avx2, aes, erms, clmul, bmi1, bmi2, adx, sha, fma, vzeroupper, clflush, clflushopt, clwb, serialize, rdtscp, rdpid, fsrm, f16c, pku, ospke, cet_ibt, cet_ss
CPU Model and flags from /proc/cpuinfo:
model name	: 12th Gen Intel(R) Core(TM) i7-12650H
flags		: fpu vme de pse tsc msr pae mce cx8 apic sep mtrr pge mca cmov pat pse36 clflush dts acpi mmx fxsr sse sse2 ss ht tm pbe syscall nx pdpe1gb rdtscp lm constant_tsc art arch_perfmon pebs bts rep_good nopl xtopology nonstop_tsc cpuid aperfmperf tsc_known_freq pni pclmulqdq dtes64 monitor ds_cpl vmx smx est tm2 ssse3 sdbg fma cx16 xtpr pdcm pcid sse4_1 sse4_2 x2apic movbe popcnt tsc_deadline_timer aes xsave avx f16c rdrand lahf_lm abm 3dnowprefetch cpuid_fault epb ssbd ibrs ibpb stibp ibrs_enhanced tpr_shadow flexpriority ept vpid ept_ad fsgsbase tsc_adjust bmi1 avx2 smep bmi2 erms invpcid rdseed adx smap clflushopt clwb intel_pt sha_ni xsaveopt xsavec xgetbv1 xsaves split_lock_detect user_shstk avx_vnni dtherm ida arat pln pts hwp hwp_notify hwp_act_window hwp_epp hwp_pkg_req hfi vnmi umip pku ospke waitpkg gfni vaes vpclmulqdq rdpid movdiri movdir64b fsrm md_clear serialize arch_lbr ibt flush_l1d arch_capabilities

Online cpus: 0-15
Offline cpus: 
BIOS frequency limitation: <Not Available>
Frequency switch latency (ns): 0
Available cpu frequencies: <Not Available>
Current governor: powersave
Core performance/turbo boost: <Not Available>

Memory: 4k page, physical 15984600k(4251964k free), swap 4194300k(4187388k free)
Page Sizes: 4k

vm_info: OpenJDK 64-Bit Server VM (21.0.7+9-b895.130) for linux-amd64 JRE (21.0.7+9-b895.130), built on 2025-05-13 by "builduser" with gcc 10.2.1 20210130 (Red Hat 10.2.1-11.1.0.1)

END.
